playlist,track,artist,album
Old Guilty Pleasures,Babydoll,Dominic Fike,"Don't Forget About Me, Demos"
Old Guilty Pleasures,WET T-SHIRT,Ruby Waters,WET T-SHIRT
Old Guilty Pleasures,Harder,Ruby Waters,Harder
Old Guilty Pleasures,3 Nights,Dominic Fike,"Don't Forget About Me, Demos"
Old Guilty Pleasures,Sweet Sublime,Ruby Waters,Almost Naked
Old Guilty Pleasures,How Much Is Weed?,Dominic Fike,Sunburn
Old Guilty Pleasures,Last 10 Seconds,"One11Twenty, Kyle DelFatti, Mitch Mueller, Tim Jordan",Last 10 Seconds
Old Guilty Pleasures,Goodie Bag,Still Woozy,Goodie Bag
Old Guilty Pleasures,Fast Talk,"Dawn Golden, Houses",Drugstore Heaven
Old Guilty Pleasures,Night Drive,RUBII,Night Drive
Angry Boy Rap,Kill Yourself (Part III),$uicideboy$,My Liver Will Handle What My Heart Can't
Angry Boy Rap,Born 2 Stunt,"Getter, SXMPRA",Born 2 Stunt
Angry Boy Rap,Dead To Me,Terror Reid,Dead To Me
Angry Boy Rap,Leglock,"Shakewell, Mikey The Magician",Big Juice tha Sip
Angry Boy Rap,ODIUM,"LXST CXNTURY, Kingpin Skinny Pimp",UNIVERSE OF THE PAST
Analog Sofa Bath,No Rain,Blind Melon,Blind Melon
Analog Sofa Bath,Where Is My Mind?,Pixies,Death to the Pixies
Analog Sofa Bath,Wiseman,Slightly Stoopid,Live & Direct: Acoustic Roots
Analog Sofa Bath,Closer to the Sun,Slightly Stoopid,Closer to the Sun
Analog Sofa Bath,This Joint,Slightly Stoopid,Closer to the Sun
Analog Sofa Bath,Don't Wanna Fight,Alabama Shakes,Sound & Color
Dimick and Elise,Dirty Imbecile,The Happy Fits,Awfully Apeelin'
Dimick and Elise,Poor Isaac,The Airborne Toxic Event,Songs of God and Whiskey
Dimick and Elise,Not Going Anywhere,Keren Ann,Not Going Anywhere
Dimick and Elise,Woo!,Remi Wolf,I'm Allergic To Dogs!
Dimick and Elise,Pesticides - Acoustic,Moselle,Pesticides (Acoustic)
Dimick and Elise,To The Blade,Everything Everything,Get To Heaven (Deluxe)
Dimick and Elise,Rhinestone Eyes,James Supercave,Rhinestone Eyes
Dimick and Elise,Fear & Delight,The Correspondents,Puppet Loosely Strung
Dimick and Elise,Too Late,The Happy Fits,Awfully Apeelin'
Dimick and Elise,Puppet Loosely Strung,The Correspondents,Puppet Loosely Strung
Dimick and Elise,Big Town Banky Blaine's Rockabilly Bbq,Bear Ghost,Jiminy
Dimick and Elise,Poor George,James Supercave,Never Happened
Dimick and Elise,Young Adult,Ritt Momney,Young Adult
Dimick and Elise,Hallow Fate,Gin Wigmore,Ivory
Dimick and Elise,Do You,Morganne,Do You
Dimick and Elise,Orange,"Julianna Joy, Ariza",Orange
Dimick and Elise,Hayloft II,Mother Mother,Inside (Deluxe)
Dimick and Elise,Sick of The Silence,Mother Mother,Inside (Deluxe)
Dimick and Elise,Let Go,Everest,On Approach
Dimick and Elise,Rebels In The Roses,Everest,Ghost Notes
Dimick and Elise,1979,Darlingside,Whippoorwill
Dimick and Elise,3BadSoSad,Private Island,5xx
Dimick and Elise,Oleander,Mother Mother,Eureka
Dimick and Elise,vampire,Olivia Rodrigo,vampire
Dimick and Elise,The Rager,Kyle Craft,Full Circle Nightmare
Dimick and Elise,Under The Gun,Electric Guest,Mondo (Expanded Edition)
Dimick and Elise,Starstruck,Sorry,925
Dimick and Elise,Not the End of the World (Even as We Know It),Faded Paper Figures,Relics
Dimick and Elise,Original Sin,Fuckin Whatever,Fuckin Whatever
Dimick and Elise,The Record Player Song,Daisy the Great,I've Got a Few Friends & I Wish They Were Mine
Dimick and Elise,White Is Red,Death From Above 1979,The Physical World
Dimick and Elise,Hotel Yorba,The White Stripes,White Blood Cells
Dimick and Elise,We're Going to Be Friends,The White Stripes,White Blood Cells
Dimick and Elise,Clementine,Sarah Jaffe,Suburban Nature
Dimick and Elise,In A Sweater Poorly Knit,mewithoutYou,"Brother, Sister"
Dimick and Elise,Loving,Surfaces,Surf
Dimick and Elise,The Code,Nemo,The Code
Dimick and Elise,Where'd All the Time Go?,Dr. Dog,"Shame, Shame (Deluxe Edition)"
Dimick and Elise,More Like Jason,Little Tybee,Little Tybee
Dimick and Elise,Hypotheticals,Lake Street Dive,Obviously
Dimick and Elise,Light Goes Out,Ages and Ages,Divisionary
Dimick and Elise,I Got Love,Mother Mother,Inside (Deluxe)
Dimick and Elise,Original Sin,Fuckin Whatever,Fuckin Whatever
Dimick and Elise,White Is Red,Death From Above 1979,The Physical World
Dimick and Elise,Farrah Fawcett Hair,"Capital Cities, André 3000",In A Tidal Wave of Mystery
Dimick and Elise,On Melancholy Hill,Gorillaz,Plastic Beach
Dimick and Elise,We Can Make The World Stop,The Glitch Mob,We Can Make the World Stop - EP
Dimick and Elise,Mushaboom,Feist,Let It Die
Dimick and Elise,Feed the Machine,Poor Man's Poison,Feed the Machine
Dimick and Elise,Do You,Morganne,Do You
Dimick and Elise,"Welcome Home, Son",Radical Face,Ghost
Dimick and Elise,Cold Cold Cold,Cage The Elephant,Tell Me I'm Pretty
Dimick and Elise,I Won't Let You Go,"Switchfoot, Lauren Daigle",I Won't Let You Go
Dimick and Elise,We Both,"36 Questions, Jonathan Groff, Jessie Shelton",36 Questions: The Deluxe Album
Dimick and Elise,Object Of Desire,David Vertesi,Life Ghouls
Dimick and Elise,Let Me Follow,Son Lux,Original Music from and Inspired By: The Disappearance of Eleanor Rigby (Original Motion Picture Soundtrack)
Dimick and Elise,Dips,Daisy the Great,I'm Not Getting Any Taller
Dimick and Elise,Chillin’ For A Minute,"SoDown, Hairitage, Daemon",Colors of the Mind
Dimick and Elise,Baddest Motherfucker in the Beehive,The Delta Riggs,Active Galactic
Dimick and Elise,Vivre pour vivre (Thème principal) - 2023 Remastered Version,Francis Lai,Vivre pour vivre (Bande originale du film) [2023 Remastered Version]
Dimick and Elise,Starstruck,Sorry,925
Dimick and Elise,Evelyn,"Kim Tillman, Silent Films",Evelyn
Dimick and Elise,Birds With Broken Wings,Ben Caplan,Birds With Broken Wings
Dimick and Elise,Fisticuffs,Marah in the Mainsail,Bone Crown
Dimick and Elise,When I'm Small,Phantogram,Eyelid Movies
Dimick and Elise,Tieduprightnow,Parcels,Tieduprightnow
Dimick and Elise,Trapeze,Father Of Peace,The Year Of Madness
Dimick and Elise,Let's Talk,EMEFE,Time
Dimick and Elise,I'm Your Worm,Nat Lefkoff,There You Are
Dimick and Elise,Holy Toledo,Vundabar,Antics
Dimick and Elise,Caffeine,Foreign Air,Caffeine
Dimick and Elise,Oceans,Seafret,Tell Me It's Real (Expanded Edition)
Dimick and Elise,Saving A Life,Richard Houghten,Sonata De Grillo
Dimick and Elise,Twin Rivers,Big Scary,Not Art
Dimick and Elise,Nobody Cares,Superorganism,Nobody Cares
My Favorite Singalongs,Bleeding Tongue,Daniel Ellsworth & The Great Lakes,Civilized Man
My Favorite Singalongs,Pacing Like Prince,Ryan Montbleau,Growing Light
My Favorite Singalongs,White Is Red,Death From Above 1979,The Physical World
My Favorite Singalongs,Grow Back,The Happy Fits,Concentrate
My Favorite Singalongs,It's Called: Freefall,Rainbow Kitten Surprise,"How to: Friend, Love, Freefall"
My Favorite Singalongs,"No Woman, No Cry - Live At The Lyceum, London/1975",Bob Marley & The Wailers,Live!
My Favorite Singalongs,Look@Ugo,Mosie,Tangerine
My Favorite Singalongs,Big Town Banky Blaine's Rockabilly Bbq,Bear Ghost,Jiminy
My Favorite Singalongs,Break Them Bad Boys Down,Stop Light Observations,Radiation
My Favorite Singalongs,Tieduprightnow,Parcels,Tieduprightnow
My Favorite Singalongs,When It Lands,Rainbow Kitten Surprise,"How to: Friend, Love, Freefall"
My Favorite Singalongs,Jumping At the Shadows,Mo Lowda & the Humble,Curse the Weather
My Favorite Singalongs,Royal Blue,Cold War Kids,Mine Is Yours
My Favorite Singalongs,Poor George,James Supercave,Never Happened
My Favorite Singalongs,Bourbon Street,Jeff Tuohy,Cocoon
My Favorite Singalongs,Brazil,Declan McKenna,Brazil
My Favorite Singalongs,Subtle Thing,Marian Hill,Unusual
My Favorite Singalongs,Vanilla,flipturn,Heavy Colors
My Favorite Singalongs,Lone Digger,Caravan Palace,<I°_°I>
My Favorite Singalongs,Safari Song,Greta Van Fleet,From The Fires
My Favorite Singalongs,Planet X,Calimossa,Habaneros
My Favorite Singalongs,Hypotheticals,Lake Street Dive,Obviously
My Favorite Singalongs,Sure Don't Miss You,The Dip,The Dip Delivers
My Favorite Singalongs,Feed the Machine,Poor Man's Poison,Feed the Machine
My Favorite Singalongs,Heavy Chevy,Alabama Shakes,Heavy Chevy
My Favorite Singalongs,If I Got It (Your Love Brought It),Aaron Frazer,Introducing...
My Favorite Singalongs,Hussy,Black Carl,Borrowed
My Favorite Singalongs,Find Me,TeZATalks,Chaos
My Favorite Singalongs,Fear & Delight,The Correspondents,Puppet Loosely Strung
My Favorite Singalongs,Movin' Out (Anthony's Song),Billy Joel,The Stranger (Legacy Edition)
My Favorite Singalongs,Each Time I Die,Bones & Beeker,Bones & Beeker
My Favorite Singalongs,Let The Band Play,Badflower,Temper
My Favorite Singalongs,Eye of a Hurricane,Kyle Craft,Dolls of Highland
My Favorite Singalongs,Evelyn,"Kim Tillman, Silent Films",Evelyn
My Favorite Singalongs,Sweater Weather,The Neighbourhood,I Love You.
My Favorite Singalongs,Black Cadillac,Mondo Cozmo,New Medicine
My Favorite Singalongs,Pink Chateau,In The Valley Below,The Pink Chateau
My Favorite Singalongs,Game,Harrison Fjord,Polychrome.
My Favorite Singalongs,All We Have Is Now,The Modern Electric,Original Motion Picture Soundtrack
My Favorite Singalongs,June,Briston Maroney,Big Shot
Hi Dad I'm Eclectic,Forgotten,Tickle Torture,Spiritual Machete
Hi Dad I'm Eclectic,This Joint,Slightly Stoopid,Closer to the Sun
Hi Dad I'm Eclectic,Role Model,Eminem,The Slim Shady LP
Hi Dad I'm Eclectic,The Other Side Of Paradise,Glass Animals,How To Be A Human Being
Hi Dad I'm Eclectic,Flagpole Sitta,Harvey Danger,Where Have All The Merrymakers Gone?
Hi Dad I'm Eclectic,On Melancholy Hill,Gorillaz,Plastic Beach
Hi Dad I'm Eclectic,Future Me Hates Me,The Beths,Future Me Hates Me
Hi Dad I'm Eclectic,Champagne,K.Flay,Every Where Is Some Where
Hi Dad I'm Eclectic,LUST DRUNK,SEBASTIAN PAUL,TROJAN HORSE
Hi Dad I'm Eclectic,The Girl I Haven't Met (Biskwiq Flip),"Biskwiq, Kudasaibeats",Good Morning Say It Back
Hi Dad I'm Eclectic,Dramamine,Modest Mouse,This Is a Long Drive for Someone with Nothing to Think About
Hi Dad I'm Eclectic,In A Sweater Poorly Knit,mewithoutYou,"Brother, Sister"
Hi Dad I'm Eclectic,G.U.Y.,Lady Gaga,ARTPOP
Hi Dad I'm Eclectic,Mineshaft 2,Dessa,"Castor, the Twin"
Hi Dad I'm Eclectic,Helah,Mauno,Tuning
Hi Dad I'm Eclectic,The Ballad of Love and Hate,The Avett Brothers,Emotionalism (Bonus Track Version)
Hi Dad I'm Eclectic,Everything Is Free (feat. Flock of Dimes),"Sylvan Esso, Flock of Dimes",Don't Dream It's Over / Everything Is Free
Hi Dad I'm Eclectic,Hey Everybody,Rubblebucket,Survival Sounds
Hi Dad I'm Eclectic,"Welcome Home, Son",Radical Face,Ghost
Hi Dad I'm Eclectic,Miracle,Blackmill,Miracle
Hi Dad I'm Eclectic,Skyrim,Acoustic Labs,Desert Walk
Hi Dad I'm Eclectic,Heavy Chevy,Alabama Shakes,Heavy Chevy
Hi Dad I'm Eclectic,Animus Vox,The Glitch Mob,Drink the Sea
Hi Dad I'm Eclectic,The Cat Lady Song,West My Friend,When the Ink Dries
Hi Dad I'm Eclectic,Norupo,Heilung,Futha
Hi Dad I'm Eclectic,Loving,Surfaces,Surf
Hi Dad I'm Eclectic,"No Woman, No Cry - Live At The Lyceum, London/1975",Bob Marley & The Wailers,Live!
Hi Dad I'm Eclectic,lovers’ carvings,Bibio,Ambivalence Avenue
Hi Dad I'm Eclectic,Walking with a Ghost,Tegan and Sara,So Jealous
Hi Dad I'm Eclectic,Calabria 2008 (feat. Natasja),"Enur, Natasja",Raggatronic
Hi Dad I'm Eclectic,Paper Planes,M.I.A.,Kala
Hi Dad I'm Eclectic,Sleepyhead,Passion Pit,Manners
Hi Dad I'm Eclectic,Georgia Peaches,Lynyrd Skynyrd,Street Survivors
Hi Dad I'm Eclectic,Louder - Doctor P & Flux Pavillion Remix,"DJ Fresh, Sian Evans",Louder (Doctor P & Flux Pavillion Remix)
Hi Dad I'm Eclectic,Four Days Straight,Scattered Trees,Four Days Straight - Single
Hi Dad I'm Eclectic,Home,Edward Sharpe & The Magnetic Zeros,Up From Below
Hi Dad I'm Eclectic,Banana Pancakes,Jack Johnson,In Between Dreams
Hi Dad I'm Eclectic,California Soul,Marlena Shaw,The Spice Of Life
Hi Dad I'm Eclectic,Who Knows Who Cares,Local Natives,Gorilla Manor
Hi Dad I'm Eclectic,Girl With One Eye,Florence + The Machine,Lungs (Deluxe Edition)
Hi Dad I'm Eclectic,Short Skirt / Long Jacket,CAKE,Comfort Eagle
Hi Dad I'm Eclectic,Land Before Time,"Matt Phillips, Phil Harmonic",Move
Hi Dad I'm Eclectic,War,Hypnotic Brass Ensemble,Hypnotic Brass Ensemble
Hi Dad I'm Eclectic,Dollar,Electric Guest,KIN
Hi Dad I'm Eclectic,Look@Ugo,Mosie,Tangerine
Hi Dad I'm Eclectic,Hey Ya!,Outkast,Speakerboxxx/The Love Below
Hi Dad I'm Eclectic,Febreze (feat. 2 Chainz),"Jack Ü, Skrillex, Diplo, 2 Chainz",Skrillex and Diplo present Jack Ü
Hi Dad I'm Eclectic,Griztronics,"GRiZ, Subtronics",Bangers[2].Zip
Hi Dad I'm Eclectic,Interlude,TeZATalks,Chaos
Hi Dad I'm Eclectic,Bourbon Street,Jeff Tuohy,Cocoon
Hi Dad I'm Eclectic,Cocaine Jesus,Rainbow Kitten Surprise,RKS
Hi Dad I'm Eclectic,A-Punk,Vampire Weekend,Vampire Weekend
Hi Dad I'm Eclectic,Butterflies,Samsa,Butterflies
Hi Dad I'm Eclectic,Overrated,Esseks,Bad Cartoons
Hi Dad I'm Eclectic,Onlysmokecigsontheweekend,"Walkabout, Chris Ryan",Onlysmokecigsontheweekend
Hi Dad I'm Eclectic,Fembot,Robyn,Body Talk
Hi Dad I'm Eclectic,Cry,"Alison Wonderland, Buddy",Awake
Hi Dad I'm Eclectic,Highscore,"Panda Eyes, Teminite",Kiko
Hi Dad I'm Eclectic,Tout petit moineau,Igorrr,Hallelujah
Hi Dad I'm Eclectic,Ocean - Live,John Butler Trio,Tin Shed Tales
Hi Dad I'm Eclectic,A Cruel Angel's Thesis,"RichaadEB, Lollia",A Cruel Angel's Thesis
Hi Dad I'm Eclectic,Ain't Nobody Like You,"Yung Bae, josh pan",Bae2
Hi Dad I'm Eclectic,Smacked,Your Neighbors,Smacked
Hi Dad I'm Eclectic,O.D.,Polyphia,New Levels New Devils
Hi Dad I'm Eclectic,Groove,TORN,Groove
Hi Dad I'm Eclectic,i'm thinking about horses,mansionz,Mansionz
Hi Dad I'm Eclectic,My Darling Sara,Shane Koyczan and the Short Story Long,Remembrance Year
Hi Dad I'm Eclectic,The Promise,When In Rome,When In Rome
Hi Dad I'm Eclectic,Cat's in the Cradle,Harry Chapin,Verities & Balderdash
Hi Dad I'm Eclectic,Cortez The Killer,Gov't Mule,Live...With A Little Help From Our Friends
Hi Dad I'm Eclectic,Blue Skies,Willie Nelson,Stardust
Hi Dad I'm Eclectic,Love Song,Destiny Potato,Lun
Hi Dad I'm Eclectic,One More Time,Daft Punk,Discovery
Hi Dad I'm Eclectic,Love as a Weapon,Little Scream,Cult Following
OnHold,My Only Swerving,El Ten Eleven,El Ten Eleven
OnHold,Save Some Loving,Erlend Øye,Legao
OnHold,Dramamine,Modest Mouse,This Is a Long Drive for Someone with Nothing to Think About
OnHold,Lucifer's Eyes,T.O.L.D.,Heaven EP
OnHold,Thinking Loudly,El Ten Eleven,El Ten Eleven
OnHold,Connie,El Ten Eleven,El Ten Eleven
OnHold,The Ballad of Arielle and Bast,Cody Cook,A Walk In the Dark
OnHold,Brother In The Night,The Weeks,Dear Bo Jackson
OnHold,Connected,Luke Dick,Abraço
OnHold,dig it,Black Birch Dogs,Dowdy Brandr
OnHold,This Mountain,Black Birch Dogs,Dowdy Brandr
OnHold,Leaving On A Jetplane,Slightly Stoopid,Everything You Need
OnHold,Euphrosyne,We Plants Are Happy Plants,Songs About the Unspeakable
OnHold,"In the Wooded Forest, a Girl",Savoir Adore,The Adventures of Mr. Pumpernickel and the Girl with Animals in Her Throat
OnHold,Lofticries,Purity Ring,Shrines
OnHold,The Winter,Balmorhea,Rivers Arms
OnHold,Shake Me Around,Rubblebucket,Survival Sounds
OnHold,Interlude 2,alt-J,An Awesome Wave
OnHold,Interlude 1,alt-J,An Awesome Wave
OnHold,Intro,alt-J,An Awesome Wave
OnHold,Something Good,alt-J,An Awesome Wave
OnHold,Dissolve Me,alt-J,An Awesome Wave
OnHold,Matilda,alt-J,An Awesome Wave
OnHold,Ms,alt-J,An Awesome Wave
OnHold,Fitzpleasure,alt-J,An Awesome Wave
OnHold,Interlude 3,alt-J,An Awesome Wave
OnHold,Hand-Made,alt-J,An Awesome Wave
OnHold,You Silly Git,Dan Mangan,"Nice, Nice, Very Nice"
OnHold,Tall Tall Shadow,Basia Bulat,Tall Tall Shadow
OnHold,Something French,Devendra Banhart,Something French/Loring Baker
OnHold,One Week,Barenaked Ladies,Stunt
OnHold,Write It All Down for You,Elliott BROOD,Mountain Meadows
OnHold,Better Late Than Never,The Acorn,The Pink Ghosts
OnHold,Road Regrets,Dan Mangan,"Nice, Nice, Very Nice"
OnHold,Dark Flute,Jim Guthrie,Sword & Sworcery Lp: The Ballad Of The Space Babies
OnHold,I Love You,Said The Whale,hawaiii
OnHold,Zeplike,Slightly Stoopid,Closer To The Sun
OnHold,Open Road,Slightly Stoopid,Closer To The Sun
OnHold,Sigur 3 (Untitled),Sigur Rós,(Untitled)
OnHold,Doobie Wah - Live,Peter Frampton,Frampton Comes Alive! (35th Anniversary Deluxe Edition)
OnHold,Ends of the Earth,Lord Huron,Lonesome Dreams
OnHold,David,Noah Gundersen,Family
OnHold,First Defeat,Noah Gundersen,Ledges
OnHold,Bounce the Ball,Rachael Dadd,We Resonate
OnHold,Strike Our Scythes,Rachael Dadd,We Resonate
OnHold,"Not Now, Horse",Nat Johnson,Neighbour of the Year
OnHold,The Kids Don't Stand A Chance,Vampire Weekend,Vampire Weekend
OnHold,Part One,Band of Horses,Everything All The Time
OnHold,He Doesn't Know Why,Fleet Foxes,Fleet Foxes (2CD Version)
OnHold,Step,Vampire Weekend,Modern Vampires of the City
OnHold,Simple Song,"The Shins, James Mercer",Port Of Morrow
OnHold,Neutral Ground,Sea Wolf,Leaves in the River
OnHold,Tron,Foals,Antidotes
OnHold,Miami,Foals,Total Life Forever
OnHold,Spanish Sahara,Foals,Total Life Forever
OnHold,Left Hand Free - Lido Remix,"alt-J, Lido",Left Hand Free (Lido Remix)
OnHold,Sticking In Pins,Rachael Dadd,Balloon / Sticking In Pins
OnHold,Dark Star,POLIÇA,Give You The Ghost
OnHold,Meet Me In the City,The Black Keys,Chulahoma
OnHold,Jackie Boy,Omar LinX,City Of Ommz
OnHold,Close Your Eyes to Escape,Acoustic Labs,SoundScapes
OnHold,Cherry,Ratatat,Ratatat
OnHold,Future People,Alabama Shakes,Sound & Color
OnHold,This Feeling,Alabama Shakes,Sound & Color
OnHold,Miss You,Alabama Shakes,Sound & Color
OnHold,Don't Wanna Fight,Alabama Shakes,Sound & Color
OnHold,Trees,Twenty One Pilots,Vessel
OnHold,Please Don't Go,Barcelona,Absolutes
OnHold,Blame It On the Tetons,Modest Mouse,Good News For People Who Love Bad News
OnHold,The Good Times Are Killing Me,Modest Mouse,Good News For People Who Love Bad News
OnHold,The Future,Luca Stricagnoli,Luca Stricagnoli
OnHold,Comes And Goes (In Waves),Greg Laswell,Three Flights From Alto Nido
OnHold,Bumble Bee,The Features,The Beginning
OnHold,Backseat,Bryan John Appleby,Fire on the Vine
OnHold,The Winner Is - from Little Miss Sunshine,DeVotchKa,Fox Searchlight Pictures: 20th Anniversary Album
OnHold,Used,Wyvern Lingo,The Widow Knows E.P.
OnHold,Need A Line,Other Lives,Rituals
OnHold,Better Now,The Vespers,The Fourth Wall
OnHold,Ohio,"Crosby, Stills, Nash & Young",Decade
OnHold,Conrad,Ben Howard,I Forget Where We Were
OnHold,Rare Beliefs,Elephant Micah,Where in Our Woods
OnHold,Please Let Me Let It Go,The Barr Brothers,Sleeping Operator
OnHold,How The Heroine Dies,The Barr Brothers,Sleeping Operator
OnHold,This Too Shall Pass,Danny Schmidt,Parables and Primes
OnHold,Stained Glass,Danny Schmidt,Parables and Primes
OnHold,Cries of Shadows,Danny Schmidt,Owls
OnHold,Cry On the Flowers,Danny Schmidt,Owls
OnHold,Company of Friends,Danny Schmidt,Little Grey Sheep
OnHold,Join In,Rachael Dadd,Foundland
OnHold,Stolen Dance,Milky Chance,Stolen Dance
OnHold,Berlin,RY X,Berlin EP
OnHold,You're The One That I Want,Lo-Fang,Blue Film
OnHold,Nursery Rhymes,French For Rabbits,Spirits
OnHold,Welcome to the Jungle,Novo Amor,Welcome to the Jungle
OnHold,Intravenous,Saint Saviour,In the Seams
OnHold,I Remember,Saint Saviour,In the Seams
OnHold,World Spins Madly On,"The Weepies, Deb Talan, Steve Tannen",Say I Am You
OnHold,Kettering,The Antlers,Hospice
OnHold,Knockin' On Heaven's Door,Antony and the Johnsons,I'm Not There (Music From The Motion Picture)
OnHold,Shadow Blues,Laura Veirs,Carbon Glacier
OnHold,Quedate Luna,Devendra Banhart,Cripple Crow
OnHold,Artifact #1,Conor Oberst,Upside Down Mountain
OnHold,A Heart Arcane,Horse Feathers,Cynic's New Year
OnHold,Woodcat,Tunng,Comments of the inner chorus
OnHold,Cristobal,Devendra Banhart,Smokey Rolls Down Thunder Canyon
OnHold,Dustbowl,Horse Feathers,Words Are Dead
OnHold,Eagle On A Pole,Conor Oberst,Conor Oberst
OnHold,The Park,Feist,The Reminder
OnHold,Drain You,Horse Feathers,Drain You b/w Bonnet of Briars - Digital 7 inch
OnHold,Common Knowledge,Conor Oberst,Upside Down Mountain
OnHold,The Plains / Bitter Dancer,Fleet Foxes,Helplessness Blues
OnHold,Brindo,Devendra Banhart,What Will We Be
OnHold,Albina,Horse Feathers,House With No Home
OnHold,Stars Fell On Alabama,She & Him,Classics
OnHold,Lullaby + Exile,M. Ward,Transistor Radio
OnHold,In Our Blood,Horse Feathers,Words Are Dead
OnHold,Walk Alone,Laura Marling,Short Movie
OnHold,Barter Blues,J. Tillman,Vacilando Territory Blues
OnHold,Lenders In The Temple,Conor Oberst,Conor Oberst
OnHold,Oliver James,Fleet Foxes,Fleet Foxes
OnHold,Like the Dawn,The Oh Hellos,"Through the Deep, Dark Valley"
OnHold,Poor Eliza,Chris Bathgate,Salt Year
OnHold,The Cure For Pain,Jon Foreman,Fall
OnHold,Cavalier,James Vincent McMorrow,Post Tropical
OnHold,Holding on for Life,"Broken Bells, Danger Mouse, James Mercer",Holding on for Life
OnHold,Christmas TV,Slow Club,Christmas Thanks For Nothing EP
OnHold,This Head I Hold,Electric Guest,This Head I Hold
OnHold,Majestic,Wax Fang,La La Land
OnHold,Full Circle,Half Moon Run,Dark Eyes
OnHold,Mukou Gishi Ga Miru Yume,toe,The Book About My Idle Plot On A Vague Anxiety
OnHold,Your Fake Name Is Good Enough for Me,Iron & Wine,Kiss Each Other Clean
OnHold,Spacestations,Strand of Oaks,Dark Shores
OnHold,I And Love And You,The Avett Brothers,I And Love And You
OnHold,Silver Timothy,Damien Jurado,Brothers and Sisters of the Eternal Son (Deluxe Edition)
OnHold,Oh No,Andrew Bird,Noble Beast
OnHold,When I'm Small,Phantogram,Eyelid Movies
OnHold,Farrah Fawcett Hair,"Capital Cities, André 3000",In A Tidal Wave Of Mystery (Deluxe Edition)
OnHold,Late Night,Foals,Holy Fire
OnHold,Sweet Home Alabama,Lynyrd Skynyrd,Lynyrd Skynyrd - Rock Legends
OnHold,Vincent O'Brien,M. Ward,Transfiguration of Vincent
OnHold,Slip,Elliot Moss,Slip
OnHold,Born Again,Josh Garrels,Home
OnHold,Love Songs For Robots,Patrick Watson,Love Songs For Robots
OnHold,Just a Dream,AM60,Shiftydisco10
OnHold,Snowy Atlas Mountains,Fionn Regan,The End Of History
OnHold,Poor Eliza,Chris Bathgate,Salt Year
OnHold,My Life,Rubblebucket,Survival Sounds
OnHold,Shake Me Around,Rubblebucket,Survival Sounds
OnHold,Cripple Crow,Devendra Banhart,Cripple Crow
OnHold,I Can Feel a Hot One,Manchester Orchestra,Mean Everything To Nothing
OnHold,"Jesus, Etc.",Wilco,Yankee Hotel Foxtrot
OnHold,Two Weeks,Grizzly Bear,Veckatimest
OnHold,Rats,Devendra Banhart,What Will We Be
OnHold,I Can't Make You Love Me/Nick of Time,Bon Iver,Calgary b/w I Can't Make You Love Me/Nick of Time
OnHold,Song For Zula,Phosphorescent,Muchacho De Lujo (Deluxe Edition)
OnHold,El Paso,David Keenan,El Paso
OnHold,Jura,Brontide,Sans Souci
OnHold,Happiness: We're All in It Together,This Will Destroy You,Young Mountain
OnHold,Makeshift Shelters,Gregor Samsa,55:12
OnHold,There Will Always Be At Least A Thousand Things You Don’t Know.,All Shall Be Well (and All Shall Be Well and All Manner of Things Shall Be Well),Roodblauw
OnHold,Even Numbers,Gregor Samsa,55:12
OnHold,Theory of Tides,Qualia,Ecliptic
OnHold,Limehouse Ink,Brontide,Sans Souci
OnHold,Matted Fur,Waking Aida,Eschaton
OnHold,Hustle,Tunng,...And Then We Saw Land
OnHold,Bullets,Tunng,Good Arrows
OnHold,Slow Down,múm,Smilewound
OnHold,Jimmy Scott Is the Answer,Apostle Of Hustle,National Anthem of Nowhere
OnHold,Secret Heart,Feist,Let It Die
OnHold,The Girl,City and Colour,Bring Me Your Love (Special Edition)
OnHold,Wrong Side,Georgia Fair,Trapped Flame
OnHold,It Was Blue,Angus Stone,Broken Brights (Deluxe Edition)
OnHold,James Blues,J. Tillman,Vacilando Territory Blues
OnHold,No Rain,Blind Melon,Blind Melon
OnHold,First Day Of My Life,Bright Eyes,"I'm Wide Awake, It's Morning"
OnHold,One of Many,Joe Pug,The Great Despiser
OnHold,Maria,J. Tillman,Singing Ax
OnHold,Towards The Sun,Alexi Murdoch,Towards The Sun
OnHold,Buffalo,Mountain Man,Made The Harbor
OnHold,Earthly Bodies,J. Tillman,Year in the Kingdom
OnHold,Wait,Alexi Murdoch,Time Without Consequence
OnHold,Cinder and Smoke,Iron & Wine,Our Endless Numbered Days
OnHold,Our Beloved Tyrant,J. Tillman,Singing Ax
OnHold,Vieux Loup,The Acorn,Vieux Loup
OnHold,In the Morning,Tyler Ramsey,tyler ramsey
OnHold,Jim Wise,Sun Kil Moon,Benji
OnHold,Loose Change,Neil Halstead,Palindrome Hunches
OnHold,Fever Dream,Iron & Wine,Our Endless Numbered Days
OnHold,Take Off Your Shirt,Bibio,Mind Bokeh
OnHold,Sail,Noosa,Noosa
OnHold,Came Out of a Lady,Rubblebucket,Omega La La
OnHold,Bourbon Street,Jeff Tuohy,Cocoon
OnHold,The Denial Twist,The White Stripes,Get Behind Me Satan
OnHold,Blues Run the Game,Headless Heroes,Acoustic Chillout Double Pack (Electracoustic and Acoustic Chill) 45 Cool Acoustic Gems - Compiled by Chris Coco
OnHold,If Children Were Wishes,Wye Oak,If Children
OnHold,Wizard Flurry Home,Mariee Sioux,Faces in the Rocks
OnHold,Trouble,John Mancini Band,Sun King
OnHold,Recognize,Breakestra,Hit the Floor
OnHold,Years,JBM,Not Even In July
OnHold,Winter Ghosts,JBM,Stray Ashes
OnHold,Burn Me Alive,Apex Manor,The Year of Magical Drinking
OnHold,Push -- - Interlude,Intercept,Magnolia Road
OnHold,Widow,Wild Yaks,Million Years
OnHold,World Can't Have Her,Cobra Verde,Haven't Slept All Year
OnHold,Smile,Brilliant Fanzine,Then Comes Monday
OnHold,Bobcat Goldwraith,The Acorn,No Ghost
OnHold,Bad Ju-Ju,The Owsley Brothers,Cobalt
OnHold,Call,Julianna Barwick,Pacing
OnHold,Untitled,Horse Feathers,Words Are Dead
OnHold,Jessi,Kris Orlowski,The Passenger String Quartet at the Fremont Abbey
OnHold,Your Protector,Fleet Foxes,Fleet Foxes
OnHold,Carousel,Iron & Wine,The Shepherd's Dog
OnHold,Bad Boy Good Man,"Tape Five, Henrik Wager",The Art Of Electro Swing
OnHold,Heart it Races - As Played By Dr Dog,Architecture In Helsinki,Heart It Races
OnHold,Into The Sea,Port Blue,The Albatross EP
OnHold,Elk River,Six Organs Of Admittance,For Octavio Paz
OnHold,New Nothynge,John Renbourn,The Nine Maidens
OnHold,Tune For Ruthie,Mike Golay,half pint
OnHold,Animal Tracks,Mountain Man,Made The Harbor
OnHold,Matty Groves,"Alela Diane, Alina Hardin",Alela & Alina
OnHold,When I'm Small,Phantogram,Eyelid Movies
OnHold,The World At Large,Modest Mouse,Good News For People Who Love Bad News
OnHold,Start Shootin',Little People,Mickey Mouse Operation
OnHold,Wolf Drawn,Emancipator,Soon It Will Be Cold Enough
OnHold,Blue Orchid,The White Stripes,Get Behind Me Satan
OnHold,Ways to Go,GROUPLOVE,Spreading Rumours
OnHold,The High Road,"Broken Bells, Danger Mouse, James Mercer",Broken Bells
OnHold,The Ghost Inside,"Broken Bells, Danger Mouse",Broken Bells
OnHold,Loser In Love,Instrumental Quarter,Traffic Jam
OnHold,We Like to Dance and Steal Things,Spokes,People Like People Like You
OnHold,Where Is My Mind,Maxence Cyrin,Novö Piano
OnHold,Sweater Weather,The Neighbourhood,I Love You.
OnHold,Creature Fear,Bon Iver,"For Emma, Forever Ago"
OnHold,The Start Of Something,Voxtrot,Raised By Wolves EP
OnHold,Booty Swing,Parov Stelar,The Paris Swing Box
OnHold,Eve,Emancipator,Soon It Will Be Cold Enough
OnHold,Spirits,French For Rabbits,Spirits
OnHold,Next Year - RAC Remix,"Two Door Cinema Club, RAC",Next Year
OnHold,Not Going Anywhere,Keren Ann,not going anywhere
OnHold,Shankill Butchers,Sarah Jarosz,Song Up In Her Head
OnHold,Train Song,Vashti Bunyan,Some Things Just Stick In Your Mind (Singles And Demos 1964 To 1967)
OnHold,The Violet Hour,The Civil Wars,Barton Hollow
OnHold,Hospital,Lydia,Illuminate
OnHold,Come a Little Closer,Cage The Elephant,Come a Little Closer
OnHold,Amongster,POLIÇA,Give You The Ghost
OnHold,Change of Time,Josh Ritter,So Runs The World Away
OnHold,I Can't Wait,"Kieran Kane, Kevin Welch, Fats Kaplin",Lost John Dean
OnHold,Coyote,Mad Caddies,Keep It Going
OnHold,Lighthouse,Grouper,Ruins
OnHold,Tighten Up,The Black Keys,Brothers
OnHold,Backyard,Mad Caddies,Keep It Going
OnHold,Reflections,Mad Caddies,Keep It Going
OnHold,Lay Your Head Down,Mad Caddies,Keep It Going
OnHold,Souls For Sale,Mad Caddies,Keep It Going
OnHold,Blue Beard,Band of Horses,Infinite Arms
OnHold,Fool for Love,Lord Huron,Strange Trails
OnHold,Calabria 2008,Enur feat. Natasja,Reggae Gold 2008
OnHold,Love More,Sharon Van Etten,Epic
OnHold,Elation,Isbells,Stoalin'
OnHold,Let The River In,Dotan,7 Layers
OnHold,Two Of Us On The Run,Lucius,Wildewoman
OnHold,Rawnald Gregory Erickson the Second,STRFKR,Starfucker
OnHold,Like Real People Do,Hozier,Hozier
OnHold,Sonsick,San Fermin,San Fermin
OnHold,Let Me In,Snowmine,Laminate Pet Animal
OnHold,Send Me On My Way,Rusted Root,The Best Of / 20th Century Masters The Millennium Collection
OnHold,This Is The Last Time,The National,Trouble Will Find Me
OnHold,Generator ^ First Floor,Freelance Whales,Weathervanes
OnHold,Tiderays,Volcano Choir,Repave
OnHold,Animus Vox,The Glitch Mob,Drink the Sea
OnHold,Bad Wings,The Glitch Mob,Drink the Sea
OnHold,How To Be Eaten By A Woman,The Glitch Mob,Drink the Sea
OnHold,A Dream Within A Dream,The Glitch Mob,Drink the Sea
OnHold,Fistful Of Silence,The Glitch Mob,Drink the Sea
OnHold,Between Two Points (feat. Swan),The Glitch Mob,Drink the Sea
OnHold,We Swarm,The Glitch Mob,Drink the Sea
OnHold,Drive It Like You Stole It,The Glitch Mob,Drink the Sea
OnHold,Fortune Days,The Glitch Mob,Drink the Sea
OnHold,"Starve The Ego, Feed The Soul",The Glitch Mob,Drink the Sea
OnHold,Lake Michigan,Rogue Wave,The Secret Life Of Walter Mitty (Music From And Inspired By The Motion Picture)
OnHold,About As Helpful As You Can Be Without Being Any Help At All,Dan Mangan,Hector And The Search For Happiness (Original Motion Picture Soundtrack)
OnHold,You Are a Runner and I Am My Father's Son - Wolf Parade,"Astral Swans, Dan Mangan",Good People Rock
OnHold,The Fake Headlines - The New Pornographers,Andrew Bird,Good People Rock
OnHold,Brill Bruisers,The New Pornographers,Brill Bruisers
OnHold,Satellite Mind - Metric,Dry the River,Good People Rock
OnHold,Waves,Stolen Jars,Kept
OnHold,Wreaths Rakes,Stolen Jars,Kept
OnHold,Kept,Stolen Jars,Kept
OnHold,Stitches,Stolen Jars,Stolen Jars
OnHold,The Truth,Dr. Dog,B-Room [Deluxe Edition]
OnHold,Specks,Matt Pond PA,The Dark Leaves
OnHold,Desert Raven,Jonathan Wilson,Gentle Spirit
OnHold,Open Season,High Highs,Open Season
OnHold,California,Delta Spirit,Delta Spirit
OnHold,Discoloration,Dawn Golden,Still Life
OnHold,The Cold,Exitmusic,Passage
OnHold,The Fifth Day,The Airborne Toxic Event,Such Hot Blood
OnHold,Teach You the Tongue,Kid Cadaver,Kid Cadaver
OnHold,Tickle,Eyes Lips Eyes,Place to Be
OnHold,Colorblind,Strangejuice,High Anxiety
OnHold,Cello Song Feat. Jose Gonzales,The Books,Music For A French Elevator And Other Oddities
OnHold,The Fall,Frankie Rose,Interstellar
OnHold,Saturday Morning,The Anatomy of Frank,Pangaea
OnHold,The Backside of the End of It,The Parlor,Our Day in the Sun
OnHold,Slow Motion,PHOX,PHOX
OnHold,Any Way Out of It,Greater Alexander,Positive Love
OnHold,You Won a Little Piece of My Heart (Bonus Track),Greater Alexander,Positive Love
OnHold,Walden Pond,Atta Boy,Out of Sorts
OnHold,Young Fathers,Typhoon,White Lighter
OnHold,Every Little Now And Then,Simone White,Silver Silver
OnHold,Lay It Down,The Rubens,The Rubens
OnHold,Carrion,Houses,A Quiet Darkness
OnHold,Drop the Game,"Flume, Chet Faker",Lockjaw
OnHold,No Diggity,Chet Faker,Thinking in textures
OnHold,Faded - ODESZA Remix,"ZHU, ODESZA",Faded (The Remixes)
OnHold,Let It Be (feat. Veela),"Blackmill, Veela",Miracle
OnHold,Heart It Races - Live,Dr. Dog,Live at a Flamingo Hotel
OnHold,Ships In The Rain,Lanterns on the Lake,"Gracious Tide, Take Me Home"
OnHold,These Days,The Black Keys,Winter
OnHold,Dark Water,JR JR,The Speed of Things
OnHold,Window,The Album Leaf,In A Safe Place
OnHold,Soulshine,Allman Brothers Band,Where It All Begins
OnHold,Fall At Your Feet,Boy & Bear,He Will Have His Way - The Songs Of Tim & Neil Finn
OnHold,"You're Gonna Go Far, Kid",The Offspring,"Rise And Fall, Rage And Grace"
OnHold,High School Lover,Cayucas,Bigfoot
OnHold,Ghosts,On An On,Ghosts (Single)
OnHold,Harlem,Cathedrals,Cathedrals EP
OnHold,Drifting,On An On,And the Wave Has Two Sides
OnHold,Violent Shiver,Benjamin Booker,Violent Shiver
OnHold,State Of The Art (A.E.I.O.U.) - Robot Toast Remix,Jim James,A.E.I.O.U.R.E.M.I.X.E.S
OnHold,Gronlandic Edit,of Montreal,"Hissing Fauna, Are You The Destroyer?"
OnHold,I Thought I Heard You Screaming,Benjamin Booker,Benjamin Booker
OnHold,Slow Coming,Benjamin Booker,Benjamin Booker
OnHold,Nancy,Fight Bite,Fight Bite
OnHold,Well,Conduits,Conduits
OnHold,Shimmering,Esben and the Witch,Wash the Sins Not Only the Face
OnHold,Flatlands,Chelsea Wolfe,Unknown Rooms: A Collection of Acoustic Songs
OnHold,Big Girl,Dr. Dog,Be The Void (Deluxe Edition)
OnHold,Happy Idiot,TV On The Radio,Seeds
OnHold,Original Sin,Geographer,Animal Shapes
OnHold,Slept on a Silver Platter,Boho Dancer,Gemini
OnHold,The Traveler (Old Man),Dawn and Marra,Teaspoons and Tablespoons
OnHold,Chickahominy,The Weeks,Dear Bo Jackson
OnHold,Not On Top,Dawn and Marra,Teaspoons and Tablespoons
OnHold,Heroine,DWNTWN,Dwntwn
OnHold,Lions,Tune-Yards,Bird-Brains
OnHold,Hatari,Tune-Yards,Bird-Brains
OnHold,Byegone,Volcano Choir,Repave
OnHold,Get Closer,Life in Film,Here It Comes
OnHold,Lazerburn,Jesse Woods,Get Your Burdens Lifted
OnHold,Gold In The Air,Jesse Woods,Get Your Burdens Lifted
OnHold,I Know Places,Lykke Li,Wounded Rhymes
OnHold,Technicolour Beat,Oh Wonder,Oh Wonder
OnHold,Half Empty,Peter and Kerry,"Clothes, Friends, Photos EP"
OnHold,Fossa,Daughter,Not To Disappear
OnHold,To Belong,Daughter,Not To Disappear
OnHold,Doing the Right Thing,Daughter,Not To Disappear
OnHold,A Walk,Tycho,Dive
OnHold,Colorado,Lotus ,Nomad
OnHold,Ethio Invention no. 1,Andrew Bird,I Want to See Pulaski at Night
OnHold,Up Up Up,GIVERS,In Light
OnHold,Just a Habit,Low Roar,Low Roar
OnHold,"John Wayne Gacy, Jr.",Sufjan Stevens,Illinois
OnHold,Wild Love,Gossling,Harvest of Gold - EP
OnHold,It's Nice to Be Alive,Ball Park Music,Ball Park Music EP
OnHold,Is It All Worth It?,Treetop Flyers,To Bury The Past
OnHold,Five Minutes,Scattered Trees,Sympathy
OnHold,Leaving On The 5th,Voxhaul Broadcast,Timing Is Everything
OnHold,If I Run,Voxhaul Broadcast,Timing Is Everything
OnHold,Rotten Apples,Voxhaul Broadcast,Timing Is Everything
OnHold,Breathe the Fire,Voxhaul Broadcast,Frozen Beach
OnHold,Supernumerary,Vanaprasta,Healthy Geometry
OnHold,Dear Pressure,Miracles of Modern Science,Meems
OnHold,Congo,Bear Mountain,XO
OnHold,Remember Me As A Time Of Day,Explosions In The Sky,"How Strange, Innocence"
OnHold,Sedona,Houndmouth,Little Neon Limelight
OnHold,World News,Local Natives,Gorilla Manor
OnHold,Fake Arms,Foreign Fields,Anywhere But Where I Am
OnHold,Rivers and Homes,J.Views,Rivers and Homes (Bonus Track Version)
OnHold,The Moon and the Stars,John Mark Nelson,Sings the Moon
OnHold,Trek,Antfood,Trek
OnHold,How Can You Swallow So Much Sleep,Bombay Bicycle Club,A Different Kind Of Fix
OnHold,Cinnamon Candies,Mesita,Cherry Blossoms
OnHold,High School Lover,Oregon Bike Trails,High School Lover
OnHold,Wiseman,Slightly Stoopid,Live & Direct: Acoustic Roots
OnHold,Royal Blue,Cold War Kids,Mine Is Yours
OnHold,Lessons,Ha Ha Tonka,Lessons
OnHold,In Her Loving Memory,Will Hanson,Moving a Body
OnHold,"10,000 Emerald Pools",BØRNS,Dopamine
OnHold,Minds Awake,Rumspringa,Rumspringa EP
OnHold,Shak'em Loose Tonight,Rumspringa,Rumspringa EP
OnHold,The Railyard,Balto,October's Road
OnHold,Naked Kids,GROUPLOVE,Never Trust a Happy Song
OnHold,Sunzal,Coasta,Sunzal EP
OnHold,Black Dog - Remaster,Led Zeppelin,Led Zeppelin IV (Remaster)
OnHold,Elephant Clouds,The Cave Singers,Invitation Songs
OnHold,Demon Host,Timber Timbre,Timber Timbre
OnHold,Burning Stars,Mimicking Birds,Mimicking Birds
OnHold,Call off Your Dogs,Lake Street Dive,Call off Your Dogs
OnHold,Mister Winter,Fox and the Bird,Floating Feather
OnHold,Sleep Forever,Portugal. The Man,In the Mountain in the Cloud
OnHold,Traveling at the Speed of Light,Joywave,How Do You Feel Now?
OnHold,Gold Coast,GROUPLOVE,Grouplove
OnHold,The Storm,The Airborne Toxic Event,Such Hot Blood
OnHold,Bride & Groom,The Airborne Toxic Event,Such Hot Blood
OnHold,Tallulah,Company of Thieves,Running from a Gamble
OnHold,Soft & Warm,Voxtrot,"Mothers, Sisters, Daughters & Wives"
OnHold,When I'm Gone,The Elected,Bury Me In My Rings
OnHold,Pangea,Someone Still Loves You Boris Yeltsin,Broom
OnHold,Needle,Born Ruffians,Birthmarks
OnHold,Modern Mystery,Someone Still Loves You Boris Yeltsin,Pershing
OnHold,Loretta,Someone Still Loves You Boris Yeltsin,Fly By Wire
OnHold,Don't Live Up,Born Ruffians,RUFF
OnHold,Hummingbird,Born Ruffians,"Red, Yellow & Blue"
OnHold,Glimpse of a Time,Broken Twin,May
OnHold,You,Nils Frahm,Screws
OnHold,Ekki Múkk,Sigur Rós,Valtari
OnHold,Where the Trees Are Painted White,The Soul's Release,Where the Trees Are Painted White
OnHold,Slip Away,The Soul's Release,Where the Trees Are Painted White
OnHold,Mr. White,Khruangbin,The Universe Smiles Upon You
OnHold,Two Fish and an Elephant,Khruangbin,The Universe Smiles Upon You
OnHold,Swimming,Breathe Owl Breathe,Magic Central
OnHold,Manchester,Kishi Bashi,151a
OnHold,Fools Rush In,Peggy Sue,Peggy Sue Play the Songs of Scorpio Rising
OnHold,Distant Shouts,Little Children,Distant Shouts
OnHold,Devil Like Me,Rainbow Kitten Surprise,Seven + Mary
OnHold,Song And Dance,Peggy Sue,Acrobats
OnHold,Epic (Part II),"Anaïs Mitchell, Justin Vernon",Hadestown
OnHold,Cheerleader,St. Vincent,Strange Mercy
OnHold,Royal Blue,Milo Greene,Control
OnHold,Bittersweet Genesis for Him AND Her,Kishi Bashi,Lighght
OnHold,Lark,Radiation City,Animals In The Median
OnHold,Forget Not Yet,American Gospel,Tall Tales Vol. 1
OnHold,The River,Anathallo,Canopy Glow
OnHold,That's My Shit,Rainbow Kitten Surprise,Seven + Mary
OnHold,17,Youth Lagoon,The Year Of Hibernation
OnHold,Australia,Conner Youngblood,Sketches
OnHold,Goin' Home,Dan Auerbach,Keep It Hid
OnHold,Peaches,In The Valley Below,The Belt
OnHold,Sheets,Damien Jurado,Caught In The Trees
OnHold,Numbers,Daughter,Not To Disappear
OnHold,Blue Boss,Sampa the Great,Blue Boss
OnHold,Loud(y),Lewis Del Mar,Loud(y)
OnHold,Against The Grain,Hudson and Troop,Open up Slowly - EP
OnHold,Look At Where We Are,Hot Chip,In Our Heads (Expanded Edition)
OnHold,In A Sweater Poorly Knit,mewithoutYou,"Brother, Sister"
OnHold,Where the Kids Are,Blondfire,Young Heart
OnHold,Young Boys,Sin Fang,Flowers
OnHold,The Road to Nowhere,Radical Face,The Family Tree: The Leaves
OnHold,Arsis,Gordian Knot,Emergent
OnHold,Muttersprache,Gordian Knot,Emergent
OnHold,Paper Knees,The Careful Ones,"Moths, Flames, Etc."
OnHold,Keep You,Wild Belle,Isles
OnHold,Good As New,Vacationer,Gone
OnHold,Stay With Me,Black English,NO
OnHold,Ghost,Folly and the Hunter,Tragic Care
OnHold,Bohemian Dances,The Dø,Both Ways Open Jaws
OnHold,This Is The Thing,Fink,Distance and Time
OnHold,Cleo's Song,Jesse Marchant,Not Even In July
OnHold,Just For Now,Cloud Control,Bliss Release
OnHold,Man On Fire,Edward Sharpe & The Magnetic Zeros,Here
OnHold,One Big Holiday,My Morning Jacket,It Still Moves
OnHold,Needles,The Pack a.d.,Do Not Engage
OnHold,Lua,Bright Eyes,I'm Wide Awake It's Morning
OnHold,Guttersnipe,Bhi Bhiman,Bhiman
OnHold,A Doll's House / Pavlovia,Dan Mangan + Blacksmith,Club Meds
OnHold,Maps,Yeah Yeah Yeahs,Fever To Tell (Explicit Version)
OnHold,Phantoms and Friends,Old Man Canyon,Phantoms & Friends
OnHold,Satisfied Mind,"Eau Claire Memorial Jazz I, Justin Vernon",A Decade With Duke
OnHold,Disappear,Seryn,Disappear
OnHold,As I Am,Paper Bird,Rooms
OnHold,For Emma,"Eau Claire Memorial Jazz I, Justin Vernon",A Decade With Duke
OnHold,Since I Fell For You (Featuring Mike Noyce),"Eau Claire Memorial Jazz I, Justin Vernon",A Decade With Duke
OnHold,Turn Into the Noise,Patrick Watson,Love Songs For Robots
OnHold,Into Gold,Matthew And The Atlas,Other Rivers
OnHold,Libraries,Yellow Ostrich,The Mistress
OnHold,WHALE,Yellow Ostrich,The Mistress
OnHold,Hold On,Yellow Ostrich,The Mistress
OnHold,Slow Paddle,Yellow Ostrich,The Mistress
OnHold,The Shadows,Peter and Kerry,"Clothes, Friends, Photos EP"
OnHold,Drones,Jed Whedon and the Willing,History of Forgotten Things
OnHold,Tricks On Me,Jed Whedon and the Willing,History of Forgotten Things
OnHold,Easy Tiger,The Careful Ones,Easy Tiger
OnHold,Old Friend,Sea Wolf,Old World Romance
OnHold,Putting The Dog To Sleep,The Antlers,Burst Apart
OnHold,Boy With a Coin,Iron & Wine,The Shepherd's Dog
OnHold,Zombies,Radiation City,Animals In The Median
OnHold,Why,Andrew Bird,The Swimming Hour
OnHold,"I'm Not Crying. You're Not Crying, Are You?",Dear and the Headlights,Drunk Like Bible Times
OnHold,The River,Son Little,Things I Forgot
OnHold,Phonetics,Reptar,Oblangle Fizz Y'all
OnHold,Mouths To Feed,The Epochs,The Epochs
OnHold,Waiting on the Day,Tall Tall Trees,Moment
OnHold,Dragon,The Amazing,The Amazing
OnHold,American Daydream,Electric Guest,Mondo
OnHold,Open,Rhye,Woman
OnHold,Electro-Harmonix,Gareth Dickson,The Dance
OnHold,Take It As It Comes,J. Roddy Walston & The Business,Essential Tremors
OnHold,Heavy Heart,Gabrielle Aplin,Light up the Dark
OnHold,Big Coat,Wiretree,Bouldin
OnHold,Suffocation Keep,The Slip,Eisenhower
OnHold,Important,Way Yes,Walkability
OnHold,Holy Roller,Thao,We the Common
OnHold,We the Common (For Valerie Bolden),Thao,We the Common
OnHold,Nobody Dies,"Thao, Thao & The Get Down Stay Down",A Man Alive
OnHold,Running For Cover,Ivan & Alyosha,All The Times We Had
OnHold,Lingus,Snarky Puppy,We Like It Here
OnHold,Trying to Be Cool - Stripped Down Version,Phoenix,Spotify Sessions
OnHold,You Already Know,"Bombay Bicycle Club, Kathryn Williams",Om Lounge (15 Year Anniversary Edition)
OnHold,Light Goes Out,Ages and Ages,Divisionary
OnHold,Roundabout - 2008 Remaster,Yes,Fragile
OnHold,Pictures Of Lily,The Who,The Who- The Greatest Hits & More [International Version (Edited)]
OnHold,Godzilla,Blue Öyster Cult,Spectres
OnHold,Cities On Flame with Rock and Roll,Blue Öyster Cult,Blue Öyster Cult
OnHold,Stairway to the Stars,Blue Öyster Cult,Blue Öyster Cult
OnHold,The Vigil,Blue Öyster Cult,Mirrors
OnHold,You're Not the One (I Was Looking For),Blue Öyster Cult,Mirrors
OnHold,Search and Destroy,Sanders Bohlke,Search and Destroy
OnHold,Buildings & Mountains,The Republic Tigers,Keep Color
OnHold,Gasoline - Intro,Alpine,A Is For Alpine
OnHold,Balance,Future Islands,On the Water
OnHold,Whole Wide World,Big Tree,Big Tree
OnHold,The General Specific,Band of Horses,Cease to Begin
OnHold,I Wanna Go,Summer Heart,About A Feeling
OnHold,Harry Hippie,Marc Broussard,S.O.S.: Save Our Soul
OnHold,Back To New Orleans,Old Crow Medicine Show,Caroline - EP
OnHold,Keeper,Shovels & Rope,O' Be Joyful
OnHold,All The Time,Bahamas,Bahamas is Afie
OnHold,Lights,Josh Ritter,The Beast in Its Tracks
OnHold,She Moves,"Alle Farben, Graham Candy",She Moves
OnHold,Girls Like You,The Naked And Famous,"Passive Me, Aggressive You"
OnHold,Don't Wait For Me,Josh Garrels,Jacaranda
OnHold,Truth,Alex Ebert,Alexander
OnHold,Concrete Wall,Zee Avi,Ghostbird
OnHold,"Life, Oh Life",#1 Dads,Man of Leisure
OnHold,To Be Young,Tall Heights,Rafters
OnHold,Bleeding Tongue,Daniel Ellsworth & The Great Lakes,Civilized Man
OnHold,Past Lives,BØRNS,Dopamine
OnHold,i,Kendrick Lamar,i
OnHold,Love Yourz,J. Cole,2014 Forest Hills Drive
OnHold,In Now and Then,Cataldo,Gilded Oldies
OnHold,Ten Thousand Lines,Electric President,S/T
OnHold,22,Night Beds,Country Sleep
OnHold,Rabid Bits of Time,Chad VanGaalen,Soft Airplane
OnHold,Caring Is Creepy,The Shins,"Oh, Inverted World"
OnHold,Wild Country,Wake Owl,Wild Country EP
OnHold,Woodland,The Paper Kites,Woodland - EP
OnHold,Ancient Mars,The Zolas,Ancient Mars
OnHold,So American,Portugal. The Man,In the Mountain in the Cloud
OnHold,Anonanimal,Andrew Bird,Noble Beast
OnHold,Serpentine,Chris Bathgate,A Cork Tale Wake
OnHold,Crocodile Tears,little hurricane,Homewrecker
OnHold,Blood Bank,Bon Iver,Blood Bank
OnHold,Speed Of Sound,Communist Daughter,Soundtrack To The End
OnHold,Hideaway,"Karen O, The Kids",Where The Wild Things Are Motion Picture Soundtrack: Original Songs By Karen O And The Kids
OnHold,Cold Fame,Band Of Skulls,Baby Darling Doll Face Honey
OnHold,Fireworks,Yoya,Nothing To Die
OnHold,Sure Thing,Trails and Ways,Covers Tape
OnHold,Outer Space (feat. Genevieve) (feat. Genevieve),"G, Genevieve",Outer Space (feat. Genevieve) (feat. Genevieve)
OnHold,Ways,Ruby the RabbitFoot,New As Dew
OnHold,Into The Wild,LP,Forever For Now
OnHold,Kisser,Step Rockets,Future Nature
OnHold,40 Watt,ELEL,40 Watt
OnHold,The End,Peasant,Shady Retreat
OnHold,Mouthful of Diamonds,Phantogram,Eyelid Movies
OnHold,heartsigh,Purity Ring,another eternity
OnHold,Bad Dreams,Phantogram,Voices
OnHold,Get Gone,White Arrows,Dry Land Is Not A Myth
OnHold,It Never Rains,Jonquil,One Hundred Suns
OnHold,I'm a Pilot,Fanfarlo,Reservoir
OnHold,One Lovely Day,Citizen Cope,One Lovely Day
OnHold,Between The Bars,Elliott Smith,Either/Or
OnHold,Throw Your Arms Around Me,Summer Fiction,Summer Fiction
OnHold,Coffee,Sylvan Esso,Sylvan Esso
OnHold,Good Times,Matt Costa,Matt Costa (Deluxe Version)
OnHold,Gutter,Paper Route,Absence
OnHold,Killing Time,Ducky,Killing Time/your Ever After
OnHold,Clementine,Sarah Jaffe,Suburban Nature
OnHold,Parasol,Jonquil,Whistle Low - EP
OnHold,Beach House,The Cave Singers,Welcome Joy
OnHold,White Daisy Passing,Rocky Votolato,Makers
OnHold,Up Against The Wall,Peter Bjorn and John,Writer's Block
OnHold,Nice Try,I Am Arrows,Sun Comes Up Again
OnHold,Blurry Nights,Hayden,Us Alone
OnHold,Will Do,TV On The Radio,Nine Types of Light
OnHold,My Everything,Diego Garcia,Paradise
OnHold,"Rainy Day, Dream Away",Jimi Hendrix,Electric Ladyland
OnHold,Burning of the Midnight Lamp,Jimi Hendrix,Electric Ladyland
OnHold,My Body,Young the Giant,Young The Giant (Special Edition)
OnHold,Cora Cora,"dana falconberry, The Medicine Bow",From the Forest Came the Fire
OnHold,Skipper and His Wife,The Pines,Tremolo
OnHold,The Match,The Eastern Sea,Plague
OnHold,Home Sweet Home,Lady Of The Sunshine,Smoking Gun
OnHold,Walking Backwards,Leagues,You Belong Here
OnHold,Southern Skies,Yuck,Southern Skies
OnHold,1957,Milo Greene,Milo Greene
OnHold,Carry the Zero,Built To Spill,Keep It like a Secret
OnHold,Nothing Brings Me Down,Emilíana Torrini,Fisherman's Woman
OnHold,Listen to the Future,Free the Robots,Free the Robots EP
OnHold,This Language feat. Lateef the Truthspeaker,Stateless,Stateless
OnHold,Celestial Annihilation,UNKLE,Psyence Fiction
OnHold,7 bit Blues,Kid Koala,12 bit Blues
OnHold,Summertime Cowboy,Husky Rescue,Country Falls
OnHold,The Ritual,Paper Tiger,Made Like Us
OnHold,Eileen,Tin Sparrow,From The Sun
OnHold,Don't Let Me Down,"The Chainsmokers, Daya",Don't Let Me Down
OnHold,Roses,"The Chainsmokers, ROZES",Roses
OnHold,Here It Goes Again,OK Go,Oh No
OnHold,As Luck Would Have It,Tom Rosenthal,Who's That in the Fog?
OnHold,Powa,Tune-Yards,W H O K I L L
OnHold,Waste A Moment,Kings of Leon,Waste A Moment
OnHold,Outerspace Mover,Tom Rosenthal,Who's That in the Fog?
OnHold,Little Big Mistakes,Tom Rosenthal,Who's That in the Fog?
OnHold,"Sex, Death and Landscapes",Tom Rosenthal,Who's That in the Fog?
OnHold,You Were Afraid,Night Beds,Even If We Try b/w You Were Afraid
OnHold,Cream On Chrome - Single Edit,Ratatat,Cream On Chrome
OnHold,Dynamite Walls,Hayden,Skyscraper National Park
OnHold,Drift,Ratatat,Magnifique
OnHold,Waiting In Vain,Bob Marley & The Wailers,Legend (Deluxe Edition)
OnHold,Title Track,Death Cab for Cutie,We Have The Facts And We're Voting Yes
OnHold,For What Reason,Death Cab for Cutie,We Have The Facts And We're Voting Yes
OnHold,Between The Needles & Nightfall,Marco Benevento,Between The Needles & Nightfall
OnHold,Highscore,"Panda Eyes, Teminite",Kiko
OnHold,America,XYLØ,America EP
OnHold,Your Girl,Violet Days,Your Girl
OnHold,Bloodstream,Transviolet,Transviolet
OnHold,We Were Set Up,"Tangerine Dream, Woody Jackson, The Alchemist, Oh No, DJ Shadow","The Music of Grand Theft Auto V, Vol. 2: The Score"
OnHold,So Good,Warpaint,Heads Up
OnHold,I Blew It Off,Punch Brothers,The Phosphorescent Blues
OnHold,My Boyfriend's Back,Peggy Sue,Play the Songs of Scorpio Rising
OnHold,Anything New,Bibio,Mind Bokeh
OnHold,K is for Kelson,Bibio,Mind Bokeh
OnHold,Sometimes The Stars,The Audreys,Sometimes The Stars
OnHold,Voice in Headphones,"Mount Eerie, Julie Doiron, Fred Squire",Lost Wisdom
OnHold,Turmoil,Mount Eerie,Sauna
OnHold,Earth Island,Crystal Fighters,Star Of Love
OnHold,Chicago - Chicago,Canon Blue,Rumspringa
OnHold,Raven's Song,Aaron Embry,Tiny Prayers
OnHold,Take It Back,Liza Anne,Two
OnHold,Hallways,Islands,A Sleep & A Forgetting (Deluxe Edition)
OnHold,Hi-Fi Goon,Throw Me The Statue,Creaturesque
OnHold,Rhayader Goes To Town - Instrumental Album Version,Camel,The Snow Goose (Deluxe Edition)
OnHold,Little Echoes,A Lull,Ice Cream Bones
OnHold,Overpass,NewVillager,Newvillager
OnHold,Lone Digger,Caravan Palace,<I°_°I>
OnHold,Jumbling Tower,Mancub Babywoman,A Little Too Much EP
OnHold,Fire,Diskopunk,Fire
OnHold,Will It Ever Change,hyperstory,Hyperstory
OnHold,Pools To Bathe In,The Japanese House,Pools To Bathe In
OnHold,Blue Monday,Flunk,For Sleepyheads Only
OnHold,Home,Will Hanson,Hope On Top
OnHold,And So...,Will Hanson,Moving a Body
OnHold,radio,bakers at dawn,edges
OnHold,It's The Chemicals,Inspired Flight,We All Want To Fly
OnHold,All I Want,Stonefox,All I Want
OnHold,From Gold,Novo Amor,From Gold
OnHold,The War,Haux,All We've Known
OnHold,Quicksand,Meadowlark,Quicksand
OnHold,Claude's Girl,Marika Hackman,We Slept at Last
OnHold,maybe,bakers at dawn,bakers at dawn
OnHold,Move On,Garden City Movement,Entertainment
OnHold,Requiem,Parlour Tricks,Broken Hearts / Bones
OnHold,Heartbeat Amplifier,The Polish Ambassador,Ecozoic
OnHold,New Year's Eve,Mal Blum,Every Time You Go Somewhere
OnHold,Skullclub,The Glitch Mob,Love Death Immortality
OnHold,Good Times Roll,"GRiZ, Big Gigantic",Good Will Prevail
OnHold,Wicked,"GRiZ, Eric Krasno",Good Will Prevail
OnHold,PS GFY,"GRiZ, Cherub",Good Will Prevail
OnHold,Ulysses,Mason Jennings,Use Your Voice
OnHold,He^Rt,Starcadian,He^Rt
OnHold,Umbilical Moonrise,Lotus ,Germination
OnHold,There's No Home For You Here,The White Stripes,Elephant
OnHold,Adore,Amy Shark,Adore
OnHold,Number 9,Moon Hooch,Moon Hooch
OnHold,Kings of Troy,Priory,Priory
OnHold,Highway Slipper Jam,Broken Social Scene,Forgiveness Rock Record
OnHold,The Beat Stuff,Hannah Georgas,The Beat Stuff
OnHold,Black Lake,Emancipator,Safe In the Steep Cliffs
OnHold,Waiting Around To Die,The Be Good Tanyas,Chinatown
OnHold,Good Morning Freedom,Blue Mink,Melting Pot - The Best of Blue Mink
OnHold,All Day All Night,Moon Taxi,Daybreaker
OnHold,Sweet Disaster,Whitehorse,Leave No Bridge Unburned
OnHold,Making Breakfast,Twin Peaks,Wild Onion
OnHold,Ghosting,Mother Mother,O My Heart
OnHold,Kickin' da Leaves,Judah & the Lion,Kids These Days
OnHold,Japanese Ceremonial Tea (Interlude),The Electric Sons,Golden Age - EP
OnHold,Loveless - Edit,Lo Moon,Loveless
OnHold,Rollercoaster,Bleachers,Strange Desire
OnHold,Golden Days,Whitney,Light Upon the Lake
OnHold,Amadeus,Family and Friends,XOXO
OnHold,Painting (Masterpiece),Lewis Del Mar,Lewis Del Mar
OnHold,#Grownupz,FEiN,FEiN Times (Issue #1)
OnHold,3WW,alt-J,3WW
OnHold,Obedear,Purity Ring,Shrines
OnHold,Garden,Wilsen,Garden
OnHold,Homage,Mild High Club,Skiptracing
OnHold,Kites Are Fun,The Free Design,The Best Of The Free Design: Kites Are Fun
OnHold,Give It to Me,HOMESHAKE,Midnight Snack
OnHold,Forever Heavy,Black Moth Super Rainbow,Dandelion Gum
OnHold,I'll Run,Yellow Ostrich,The Mistress
OnHold,Hate Being Sober,DOTcom,Make It Go
OnHold,No Hard Feelings,The Avett Brothers,True Sadness
OnHold,Beautiful,Clem Snide,Beautiful
OnHold,Brazil,Declan McKenna,Brazil
OnHold,Bicycle,The Wet Darlings,X
OnHold,Alarm,Wise Blood,ID
OnHold,Pneumonia,Me Like Bees,The Ides
OnHold,Lock and Key,Mason Proper,Olly Oxen Free
OnHold,Summer in the Wintertime,FISHDOCTOR,I'm with the Bandwidth
OnHold,Sleep In,Telekinesis,Ad Infinitum
OnHold,Put a Light On,Generationals,Heza
OnHold,Pleasure,Harfang,Laugh Away the Sun
OnHold,The Rains,del bel,Del Bel
OnHold,Thought 8,Thrupence,Thoughts
OnHold,Adderall,Max Frost,Adderall
OnHold,In Cold Blood,alt-J,In Cold Blood
OnHold,North by North,Faded Paper Figures,Dynamo
OnHold,The Earthquake Of '73,Fruit Bats,Spelled In Bones
OnHold,America Has a Gun Problem,Netherfriends,Country Trap
OnHold,Fuck Boys Never Win,"Netherfriends, Soul Food Horns, Blake Rules",Don't Be a Fuck Boy 2
OnHold,Cellar Door,Graveyard Club,Cellar Door
OnHold,Down,FARR,Down
OnHold,Everything Must Go,Julian Lage & Chris Eldridge,Mount Royal
OnHold,Piledrive (Club Remix),Faded Paper Figures,Piledrive (Club Remix)
OnHold,Very Busy People,The Limousines,Very Busy People
OnHold,Glitter & Gloss,Skott,Glitter & Gloss
OnHold,White Noise (R3hab Remix),"Ella Vos, R3HAB",White Noise (R3hab Remix)
OnHold,Amelia,Skott,Amelia
OnHold,Ching Choing - Club Version,"Michael Calfan, Kaye Styles",Ching Choing
OnHold,When I Was Done Dying,Dan Deacon,Gliss Riffer
OnHold,Brooklyn,Youngblood Brass Band,center : level : roar
OnHold,Everything Went Numb,Streetlight Manifesto,Demo
OnHold,March,Youngblood Brass Band,Is That a Riot?
OnHold,Carry On Wayward Son,Maniacal 4,Carry On
OnHold,Beach,Peter Wolf Crier,Garden of Arms
OnHold,1940,The Submarines,Honeysuckle Weeks
OnHold,Amber,311,From Chaos
OnHold,Jungle,Tash Sultana,Notion - EP
OnHold,Marfa,S. Carey,Hoyas
OnHold,Empty Shell,Cat Power,The Greatest
OnHold,Little Boxes,Devendra Banhart,Song of America
OnHold,Easier,Grizzly Bear,Yellow House
OnHold,Santa Rosa,Trifonic,Ninth Wave
OnHold,Comin' Round Again,Houndmouth,From the Hills Below the City
OnHold,Next to Nothing,Watchhouse,Haste Make | Hard Hearted Stranger
OnHold,Built To Roam (Audiotree Live Version),Shakey Graves,Shakey Graves on Audiotree Live (2013)
OnHold,Run Right Back,Moon Taxi,Daybreaker
OnHold,I Love You So,The Walters,Songs for Dads
OnHold,It Won't Kill Ya,"The Chainsmokers, Louane",Memories...Do Not Open
OnHold,Fractures (feat. Nevve),"ILLENIUM, Nevve",Fractures (feat. Nevve)
OnHold,Trying To Reach You,Nurses,Dracula
OnHold,Wild,The Analog Affair,Wild EP
OnHold,Someplace Beautiful,Alfred Hall,Wilderness
OnHold,Tidal Wave,Husky,Forever So
OnHold,Pressure,Until The Ribbon Breaks,A Lesson Unlearnt
OnHold,Daylight,Aesop Rock,Labor Days
OnHold,All I Really Need,"Vindata, Kenzie May",For One to Follow
OnHold,Hands Down (Demo),The Greeting Committee,Hands Down (Demo)
OnHold,By My Side,Valley Maker,When I Was a Child
OnHold,The Closest to Center,Old Earth,Six Around One
OnHold,Someone's Gotta Hold the Ladder,Old Earth,Six Around One
OnHold,"If We Said No, Would It Make a Difference?",Old Earth,Six Around One
OnHold,Midway,Bad Bad Hats,Psychic Reader
OnHold,Walk On By,Noosa,Noosa
OnHold,It Hurts,Bad Bad Hats,It Hurts
OnHold,Things We Never Say,Bad Bad Hats,Psychic Reader
OnHold,Shame,Bad Bad Hats,Psychic Reader
OnHold,Paia,Wild Ones,Keep It Safe
OnHold,Young,Vallis Alps,Vallis Alps
OnHold,The Fear,"The Shins, James Mercer",Heartworms
OnHold,Get Your Shit Together,Pillow Fight,Pillowfight (Deluxe)
OnHold,Smells Like Content,The Books,Lost and Safe (Remastered)
OnHold,Anonymous,Fort Frances,No One Needs to Know Our Name
OnHold,Picture Picture,Tall Tall Trees,The Seasonal
OnHold,Add And,Broke For Free,Petal
OnHold,Sleeping Dogs,Pillow Fight,Pillowfight (Deluxe)
OnHold,Wrecking Ball,Mother Mother,O My Heart
OnHold,The Trouble,Pogo,Kindred Shadow
OnHold,Reaper Man,Mother Mother,Very Good Bad Thing
OnHold,How I Feel,Wax Tailor,Tales of the Forgotten Melodies
OnHold,Get Out The Way,Mother Mother,Very Good Bad Thing
OnHold,Que Sera,Wax Tailor,Tales of the Forgotten Melodies
OnHold,Cat Skillz,Beats Antique,Elektrafone
OnHold,Every Day,bo en,Pale Machine
OnHold,"Tiny Glowing Screens, Part 2",Watsky,Cardboard Castles
OnHold,"(Bonus Track) Exquisite Corpse (feat. Dumbfoundead, Grieves, Adam Vida, Wax, Rafael Casal, Daveed Diggs & Chinaka Hodge)","Watsky, Dumbfoundead, Grieves, Adam Vida, Wax, Rafael Casal, Daveed Diggs, Chinaka Hodge",x Infinity
OnHold,"When They Fight, They Fight",Generationals,Con Law
OnHold,I Already Forgot Everything You Said,The Dig,Midnight Flowers
OnHold,Confetti,"1,2,3",Confetti
OnHold,Good As Gold,The Apache Relay,Apache Relay
OnHold,Mellow Out,in the blue shirt,Sensation Of Blueness
OnHold,Space Tree,Medium Troy,Space Tree
OnHold,Holy Toledo,Vundabar,Antics
OnHold,Put 'Em Up,Priory,Need To Know
OnHold,The Stand,Mother Mother,Eureka
OnHold,Floating Vibes,Surfer Blood,Astro Coast
OnHold,Everything Is Free (feat. Flock of Dimes),"Sylvan Esso, Flock of Dimes",Don't Dream It's Over / Everything Is Free
OnHold,Top Notch,Manchester Orchestra,HOPE
OnHold,Phone Call,Mtbrd,Phone Call
OnHold,Formula Fun,Birocratic,Beets 3
OnHold,Da Funk,The Geek x Vrv,Origami EP
OnHold,Alice,Pogo,Wonderland
OnHold,Phantasm (feat. Nicole Millar),Cosmo's Midnight,Phantasm (feat. Nicole Millar)
OnHold,In the Shadows,Foreign Air,In the Shadows
OnHold,Tomorrow,Shakey Graves,Tomorrow
OnHold,Ivan,Von Sell,Von Sell
OnHold,Awkward - EP Version,San Cisco,San Cisco
OnHold,Everlasting Sigh,Moses Sumney,Everlasting Sigh
OnHold,Smile,Eyedea & Abilities,By The Throat
OnHold,Indian Summer,Jai Wolf,Indian Summer
OnHold,High You Are,"What So Not, Branchez",High You Are (Remixes)
OnHold,Fantasy,"Alina Baraz, Galimatias",Urban Flora
OnHold,Jubel,Klingande,Jubel
OnHold,Oceans,Seafret,Tell Me It's Real (Expanded Edition)
OnHold,The Woods,San Fermin,Jackrabbit
OnHold,Suicide Saturday,Hippo Campus,Bashful Creatures
OnHold,Find Your Cloud,Papadosio,T.E.T.I.O.S.
OnHold,Money Rain Down,Big Black Delta,Big Black Delta
OnHold,Intro / Sweet Glory,Jimkata,Die Digital
OnHold,Go Fuck Yourself,Two Feet,First Steps
OnHold,Bridge of Bones,Crystal Fighters,Cave Rave
OnHold,Campfire,Satellite Stories,Pine Trails
OnHold,Dream Sweet in Sea Major,Miracle Musical,Hawaii: Part II
OnHold,At Home in the Dark,"9 Theory, Dawn Mitschele, Scarub",Against the Odds of Entropy
OnHold,Slacks,St. South,Slacks
OnHold,Ridin Solo - Njomza Remix,Hippie Sabotage,The Sunny Album (Deluxe Edition)
OnHold,ocean eyes,Billie Eilish,dont smile at me
OnHold,For No One,Houndmouth,Little Neon Limelight
OnHold,Turn On Me,The Shins,Wincing The Night Away
OnHold,Tibetan Pop Stars,Hop Along,Get Disowned
OnHold,Give Me All Your Love,Madaila,The Dance
OnHold,Wasting Time,Kids These Days,Traphouse Cuts
OnHold,Overflow,Ghost Loft,Overflow
OnHold,Just Tell Me,Nico Yaryan,What A Tease
OnHold,Say Something,Ceschi,Broken Bone Ballads
OnHold,Lightshow,Plants and Animals,The End Of That
OnHold,Coroner,Lando Chill,"For Mark, Your Son"
OnHold,Elephant,Hannah Georgas,Hannah Georgas
OnHold,Recall,Hesta Prynn,Can We Go Wrong? - EP
OnHold,It's Strange (feat. K.Flay),"Louis The Child, K.Flay",It's Strange (feat. K.Flay)
OnHold,Featherstone,The Paper Kites,Woodland - EP
OnHold,Can't Wait,Chon,Grow
OnHold,Nayhoo,"Chon, Masego, lophiile",Homey
OnHold,Ships,Deep Sea Diver,History Speaks
OnHold,Approximately 906 Miles,Harrison Fjord,Puspa in Space
OnHold,Hearing Blue,Little Tybee,For Distant Viewing
OnHold,Wait for the Moment,Vulfpeck,My First Car
OnHold,Open Season,High Highs,Open Season
OnHold,Overdose,Maudlin Strangers,Overdose
OnHold,Nevermind the End,Tei Shi,Saudade
OnHold,Bill Murray,Phantogram,Voices
OnHold,Beside Myself,Hesta Prynn,We Could Fall In Love
OnHold,Straightjacket,Quinn XCII,Straightjacket
OnHold,The Buzz (feat. Mataya & Hodgy Beats) - Alison Wonderland Remix,"Hermitude, Hodgy, Mataya, Alison Wonderland",The Buzz Remixes
OnHold,Wave(s),Lewis Del Mar,EP
OnHold,zZz,DROELOE,zZz
OnHold,Slow Down Love (feat. Chelsea Cutler),"Louis The Child, Chelsea Cutler",Love Is Alive EP
OnHold,Another Day in Paradise,Quinn XCII,Change of Scenery
OnHold,Light,San Holo,Light
OnHold,Close to You (ReImagined) [feat. Jasmine Sokko],"Lucian, Jasmine Sokko",ReImagination EP
OnHold,At All,"Ark Patrol, Veronika Redd",Primo
OnHold,Asleep at the Wheel,Working for a Nuclear Free City,Businessmen & Ghosts
OnHold,Lately,WebsterX,Lately
OnHold,Ivy League Circus,Gordon Voidwell,Ivy League Circus
OnHold,Daisy Chain,Cottonwood Firing Squad,Wyoming (And Other Songs to Kill Yourself To)
OnHold,Garden Grays,Wildcat! Wildcat!,No Moon At All
OnHold,Straight to the Top,Wildcat! Wildcat!,Straight to the Top
OnHold,Tower // W.O.H.L.,Wildcat! Wildcat!,No Moon At All
OnHold,Up & Beyond,Wildcat! Wildcat!,No Moon At All
OnHold,Mr Quiche,Wildcat! Wildcat!,Zappruder Collection #1
OnHold,Hero,Wildcat! Wildcat!,No Moon At All
OnHold,End Of The World Everyday,Wildcat! Wildcat!,No Moon At All
OnHold,"Holloway (Hey, Love)",Wildcat! Wildcat!,No Moon At All
OnHold,Circuit Breaker,Wildcat! Wildcat!,No Moon At All
OnHold,Nothing Below,Wildcat! Wildcat!,No Moon At All
OnHold,Relentless (feat. Wynne),"Wildcat! Wildcat!, Wynne",Relentless (feat. Wynne)
OnHold,Guru,Coast Modern,Guru
OnHold,Distraction,WYNNE,Distraction
OnHold,Where Is My Mind,FMLYBND,Where Is My Mind
OnHold,Ragged Dawn,Leisure Cruise,Leisure Cruise
OnHold,North End Nightlife,Headphone Activist,North End Nightlife
OnHold,Cloud City,Headphone Activist,Cloud City
OnHold,The Enigma of Copyright,Headphone Activist,The Enigma of Copyright
OnHold,Lousy Connection,Ezra Furman,Lousy Connection
OnHold,Constellation,Waterstrider,Constellation
OnHold,Passenger,Imad Royal,Cycles
OnHold,Modern Man Intermission,Chill Bump,Hidden Strings - EP
OnHold,Closer,Slow Magic,How To Run Away
OnHold,Human Sadness,The Voidz,Tyranny
OnHold,Мascotte,Grey Killer,Stages
OnHold,Of the Wrist,Feverkin,Of the Wrist
OnHold,June,Feverkin,June
OnHold,Haiku,Headphone Activist,Haiku
OnHold,Pink Lemonade,Katu,Lonely Cloud
OnHold,22 (OVER S∞∞N),Bon Iver,"22, A Million"
OnHold,Hold Me Down,Mansionair,Pick Me Up
OnHold,Days,The Drums,Portamento
OnHold,In a Black Out,Hamilton Leithauser + Rostam,I Had A Dream That You Were Mine
OnHold,Summerscent,Kids These Days,Hard Times
OnHold,Folk-Metaphysics,Milo,things that happen at day // things that happen at night
OnHold,Chevalier Bulltoe,Totorro,Home Alone
OnHold,Calm Down (feat. Eminem),Busta Rhymes,Calm Down (feat. Eminem) - Single
OnHold,Holla If Ya Hear Me,Kweku Collins,"Say It Here, While It's Safe"
OnHold,Almost Cut My Hair (for Crosby),Milo,things that happen at day // things that happen at night
OnHold,Loner (feat. Linzi Jai),"Sylvan LaCue, Linzi Jai",Far from Familiar
OnHold,Tick Tock,"WebsterX, Dem Yuut",Daymares
OnHold,Broad Shoulders (feat. Chance the Rapper),"Taylor Bennett, Ludlow, Chance the Rapper",Broad Shoulders
OnHold,Mock Origami,Matthew and the Arrogant Sea,Family Family Family Meets the Magic Christian
OnHold,Twin Rivers,Big Scary,Not Art
OnHold,Same Same,SoDown,Same Same
OnHold,With You,"SoDown, Moontricks, Carly Lynn",With You
OnHold,She Wanna,"SoDown, TruFeelz",She Wanna
OnHold,See the Sunshine,TruFeelz,Habitat
OnHold,Set Ya Mind Free,TruFeelz,Passage
OnHold,Breathe and Fly,TruFeelz,Habitat
OnHold,Stacked,TruFeelz,Stacked
OnHold,Lower the Heavens,The Donkeys,The Donkeys
OnHold,I Like The Way You Walk,The Donkeys,Born With Stripes
OnHold,All My Friends,Dylan Kelly,All My Friends
OnHold,Friction,TAUK,Collisions
OnHold,Complicated Creation,Cloud Cult,Love
OnHold,DragonFly (feat. Coyle Girelli),"Blended Babies, Coyle Girelli",6
OnHold,Jimme's Song,Emanuel and the Fear,Emanuel and the Fear - EP
OnHold,1940 - AmpLive Remix,"The Submarines, Amp Live",Honeysuckle Remixes
OnHold,Nissim,The Gaslamp Killer,The Gaslamp Killer Experience: Live in Los Angeles
OnHold,Words Remain,Moderator,The World Within
OnHold,Don´t try to fool me,Miss Li,God Put A Rainbow In The Sky
OnHold,You're A Wolf,Sea Wolf,Leaves In The River
OnHold,Lucy (Hurt People Hurt People),Olivver the Kid,Freak
OnHold,Venice Venture,Big Wild,Venice Venture
OnHold,Razorback,Rachel Mallin,The Persistence of Vision EP
OnHold,The Ocean,Andrew Applepie,Andrew Applepie
OnHold,Little Bird,Livingmore,Little Bird - Single
OnHold,Are You?,the Soil & the Sun,Meridian
OnHold,Neighbor Song,Aunt Martha,Candymaker
OnHold,Long Night,Guster,Evermotion
OnHold,Stoic,"Soulcrate Music, Wesley Eisenhauer",Stoic
OnHold,True Affection,The Blow,Paper Television
OnHold,Feel It All Around,Washed Out,Life Of Leisure
OnHold,All the Right Things,Son Lux,We Are Rising
OnHold,Water,"Ra Ra Riot, Rostam",Need Your Light
OnHold,Oy Vey,Mac Miller,Best Day Ever (5th Anniversary Remastered Edition)
OnHold,Dorfex Bos - Bassnectar Remix 2015 Version,"Dorfex Bos, Bassnectar",Into the Sun
OnHold,Horizons,"Bassnectar, Dorfex Bos",Reflective (Part 1)
OnHold,Sofa Rockers (Richard Dorfmeister Remix),Sofa Surfers,Constructions
OnHold,How It Ends (feat. Dominic Lalli),"GRiZ, Dominic Lalli",Rebel Era
OnHold,Yellow Bird,Pretty Lights,A Color Map of the Sun (Deluxe Version)
OnHold,One Thing (feat. Cristina Soto) - Original Mix,"Psymbionic, Cristina Soto","Parallels, Pt. 2: Eye"
OnHold,The Ghosts of Beverly Drive - Tycho Remix,"Death Cab for Cutie, Tycho",The Ghosts of Beverly Drive (Tycho Remix)
OnHold,King - Instrumental Version,Prof,Liability (Instrumental Version)
OnHold,Sweet Chin Music (The Fisher King's Anthem),Milo,things that happen at day // things that happen at night
OnHold,Love,Andrew Applepie,A Couple Of Pop Songs
OnHold,Drowning World,"Andrew Applepie, Bjurman",Drowning World
OnHold,Thief,Ookay,Thief
OnHold,Put a Flower in Your Pocket,The Arcs,"Yours, Dreamily,"
OnHold,Girl With One Eye,Florence + The Machine,Lungs
OnHold,Divide & Conquer,What So Not,Divide & Conquer
OnHold,Severance - Interlude,What So Not,Divide & Conquer
OnHold,Lone (feat. JOY.),"What So Not, Ganz, JOY.",Divide & Conquer
OnHold,Montreal (feat. Kimbra),"What So Not, Kimbra",Divide & Conquer
OnHold,Trust,"What So Not, BURNS",Divide & Conquer
OnHold,Adieu,What So Not,Divide & Conquer
OnHold,Make It Real,BABE,Make It Real
OnHold,Thank You,Bombadil,Metrics of Affection
OnHold,Juniper,New Madrid,Yardboat
OnHold,Killin' the Vibe,Ducktails,III: Arcade Dynamics
OnHold,Land Without Age,King Washington,The Overload
OnHold,Oh My,"Camino 84, Sidney Gish",Don't Read This. You Will Be Kissed...
OnHold,Teakwood Betz,Perpetual Groove,Sweet Oblivious Antidote
OnHold,Day Glo,Brazos,Phosphorescent Blues
OnHold,North Carolina,Poor Remy,Bitters
OnHold,Twice,Feed Me Jack,Covers
OnHold,Where Will I Go,Sweet Valley,Eternal Champ
OnHold,Work It Out,Knox Hamilton,The Heights
OnHold,Way Up (feat. Ava Re),"Floduxe, Ava Re",Way Up (feat. Ava Re)
OnHold,Before We Lose Our Mind,The Hip Abduction,Gold Under The Glow
OnHold,IPlayYouListen,ODESZA,Summer's Gone
OnHold,One Day They'll Know (ODESZA Remix),Pretty Lights,A Color Map of the Sun (Remixes)
OnHold,Wake Up,Chelsea Cutler,Wake Up
OnHold,Fearless,Lost Sky,Fearless
OnHold,Lost,TULE,Lost
OnHold,Sleigh Bells,Trap City,"Christmas Trap, Vol. 2"
OnHold,Little Ghost,W. C. Lindsay,"Easy Victim, Charitable Deceptions"
OnHold,Android Porn,Kraddy,Android Porn / Steppin' Razor
OnHold,Unknown Legend,"Shovels & Rope, Shakey Graves","Busted Jukebox, Volume 1"
OnHold,Cold Little Heart - Radio Edit,Michael Kiwanuka,Cold Little Heart (Radio Edit)
OnHold,Queen,Perfume Genius,Too Bright
OnHold,Takillya,Vinnie Maniscalco,Takillya
OnHold,Rodeo,Futurebirds,Hotel Parties
OnHold,Might Find It Cheap,Blitzen Trapper,American Goldwing
OnHold,Furr,Blitzen Trapper,Furr
OnHold,Time > Breathe Reprise >,Greensky Bluegrass,All Access: Volume One
OnHold,If I Wanted Someone,Dawes,Nothing Is Wrong
OnHold,Love Is A Burden,Jamestown Revival,The Education Of A Wandering Man
OnHold,Easy,Commodores,Commodores
OnHold,When U Love Somebody,Fruit Bats,Mouthfuls
OnHold,Love Me Blind,Thick As Thieves,Love Me Blind
OnHold,River,Leon Bridges,Coming Home
OnHold,Letting In,"Beauville, NoMBe",Letting In
OnHold,Suitcase,The New Electric Sound,The New Electric Sound
OnHold,Mr. Scatterbrained,The Bishops ,Mr. Scatterbrained
OnHold,Brighton,Swelo,Escalator Music
OnHold,Back 2 U (Remix) [feat. Sisters],"Sol, SISTERS",Back 2 U (Remix) [feat. Sisters]
OnHold,Ain't It So,PAPA,A Good Woman Is Hard to Find
OnHold,Cigarette Daydreams - Live From Guitar Center,Cage The Elephant,Deep Hands: Live Session
OnHold,Plumage,Menomena,Moms
OnHold,Always Forever,Cults,Static
OnHold,Trojans - Xaphoon Jones Remix,"Atlas Genius, Xaphoon Jones",So Electric: When It Was Now (The Remixes)
OnHold,Islands,"Hey Ocean!, Ashleigh Ball",IS
OnHold,Feeling Inside,Paranoid Castle,Champagne Nightmares
OnHold,Automated Oceans (feat. Sea of Bees),"Young L, Sea Of Bees",Enigma Theory
OnHold,The Sneeze,Argonaut & Wasp,The Sneeze
OnHold,Summer Dog Days,The Remnant,Indian Summer
OnHold,When I'm Down,"Whethan, Oliver Tree",When I'm Down
OnHold,Come Let Go,Xavier Rudd,White Moth
OnHold,This Sky,The Derek Trucks Band,Songlines
OnHold,Bad Girl,Hippie Sabotage,Vacants (Deluxe Edition)
OnHold,Fast Car,Hippie Sabotage,Fast Car
OnHold,Fire the Blunt,Hippie Sabotage,Fire the Blunt
OnHold,Play Your Part (Pt. 1),Girl Talk,Feed the Animals
OnHold,Goin' Against Your Mind,Built To Spill,You in Reverse
OnHold,No Waves,FIDLAR,FIDLAR
OnHold,Birds Dont Sing,TV Girl,French Exit
OnHold,I Want You,Marian Hill,ACT ONE (The Complete Collection)
OnHold,Kidnap Me,CRUISR,All Over
OnHold,Go Go Chaos,Bonjah,Go Go Chaos
OnHold,Sleight Orchestra,Dawn Golden,Still Life
OnHold,Feel,Joe Hertler & The Rainbow Seekers,Terra Incognita
OnHold,The Other Side Of Paradise,Glass Animals,How To Be A Human Being
OnHold,Slap Me - GRiZ Remix,"Kill Paris, Griz",To A New Earth EP
OnHold,It's Tricky - SSX Pretty Lights Remix,"Run–D.M.C., Pretty Lights",It's Tricky (SSX Pretty Lights Remix)
OnHold,Nobody More Than You,Arms and Sleepers,Swim Team
OnHold,The Ides,Me Like Bees,The Ides
OnHold,Beyond Any Doubt,s / s / s,Beak & Claw
OnHold,If This Is Real,s / s / s,Beak & Claw
OnHold,Can't Get Happy,Only Real,Jerk At The End Of The Line
OnHold,Expanding Anyway,Morning Teleportation,Expanding Anyway
OnHold,Stay for a While,Gibbz,Above Water
OnHold,Prove It,KOOL A.D.,O.K. 3
OnHold,Kings of Summer,"ayokay, Quinn XCII",Kings of Summer (feat. Quinn XCII)
OnHold,Seaside,Duke Evers,Handfull of Pennies
OnHold,Green,Eventide,Swells EP
OnHold,Fade,Mexico City Blondes,Mexico City Blondes
OnHold,Ain't That A Kick In The Head - RJD2 Remix,"Dean Martin, RJD2",Ain't That A Kick In The Head (RJD2 Remix)
OnHold,Carnival,Kevin Devine,Brother's Blood
OnHold,I Can’t Cope,The Leers,Are You Curious?
OnHold,Does This Speak To You?,The Leers,Are You Curious?
OnHold,Fool,The Leers,Are You Curious?
OnHold,Easy Love,The Leers,Are You Curious?
OnHold,Finally Happy,The Leers,Are You Curious?
OnHold,Outro,The Leers,Are You Curious?
OnHold,No Good,"KALEO, Vinyl on HBO",VINYL: Music From The HBO® Original Series - Vol. 1
OnHold,Leyendas,Austero,Counter Culture
OnHold,Drag,Day Wave,Drag
OnHold,Uptown Boys,Netherfriends,P3ace
OnHold,The Warpath,Conner Youngblood,Make Me Faster...
OnHold,Acoustic Layers,Capre,Cassette Mixte
OnHold,Vultures Of Culture,Nahko And Medicine For The People,On The Verge
OnHold,Little Do They Know,Pool Cosby,Blind Gold
OnHold,Blue,Willow Beats,Alchemy - EP
OnHold,Won't F--: Us Over (feat. Annie Heart & Bbu),"The Hood Internet, Annie Heart, BBU",FEAT
OnHold,Sheesh,"Josh Sallee, Blev",Sheesh
OnHold,Make Peace and be Free,Perfect Confusion,Perfect Confusion
OnHold,Religion,Tongues.,Religion
OnHold,Make Me Feel Good,Zoogma,A Future in Blue
OnHold,Sun and Good Loving,Felly,Sun and Good Loving
OnHold,Come Home,Antix,Come Home
OnHold,Paris,Magic Man,Before the Waves
OnHold,Lovely,Bohdi,Bohdi
OnHold,That's Life,Skrizzly Adams,Stains - EP
OnHold,The Lights,Raz Simone,"Cognitive Dissonance, Pt. 2"
OnHold,Mountains,Moontricks,Mountains
OnHold,Colerain,Way Yes,Tog Pebbles
OnHold,Pressure (feat. Cassie Jo Craig),"Josh Sallee, Cassie Jo Craig",Hush Hush
OnHold,The Biased Introduction,Josh Sallee,Know Society
OnHold,Killa Cam,Cam'ron,The Color Purple
OnHold,Native Tongue,Quinn XCII,Change of Scenery
OnHold,Down,Marian Hill,ACT ONE (The Complete Collection)
OnHold,Bellyache - Marian Hill Remix,"Billie Eilish, Marian Hill",Bellyache (Marian Hill Remix)
OnHold,One Time,Marian Hill,Sway
OnHold,All I Know,The Good Husbands,Staycation
OnHold,Basement,Capre,Cassette Mixte
OnHold,Clap Your Hands,Whilk & Misky,Clap Your Hands
OnHold,I Want Your Lovin’ - Edit,Whilk & Misky,I Want Your Lovin' (Edit)
OnHold,oh yeah i love u,"Marian Hill, Steve Davit",ACT ONE (The Complete Collection)
OnHold,Back To Me,"Marian Hill, Lauren Jauregui",ACT ONE (The Complete Collection)
OnHold,Got It,Marian Hill,ACT ONE (The Complete Collection)
OnHold,Jazz,Mick Jenkins,The Water (S)
OnHold,Sour Patch Kids,Bryce Vine,Lazy Fair
OnHold,Lost In The Cold,Twiddle,PLUMP (Chapters 1 & 2)
OnHold,Waves,Daniel Ellsworth & The Great Lakes,Kid Tiger
OnHold,Sway,Anna of the North,Sway
OnHold,White Smoke,"Manatee Commune, Marina Price",Brush
OnHold,Bassline,SYRE,Bassline
OnHold,Mountain Man - Audiotree Live Version,Liz Cooper,Liz Cooper & the Stampede on Audiotree Live
OnHold,The Ocean And The Sea,Wilderado,Misty Shrub EP
OnHold,Inside Outside,"Chiefs, Nick Acquroff",Inside Outside
OnHold,Seventeen,Sjowgren,Seventeen
OnHold,Astrovan,Mt. Joy,Astrovan
OnHold,Old School Melody,Bass Physics,Bass Physics Gdf Mix 2014
OnHold,"Show Me Love (feat. Chance The Rapper, Moses Sumney and Robin Hannibal) - Skrillex Remix","Hundred Waters, Chance the Rapper, Moses Sumney, Robin Hannibal, Skrillex","Show Me Love (feat. Chance The Rapper, Moses Sumney and Robin Hannibal) [Skrillex Remix]"
OnHold,Holy Holy,Owen Rabbit,Holy Holy
OnHold,7:30 AM,Slothrust,Of Course You Do
OnHold,Overload - The Chainsmokers Remix,Life of Dillon,Prologue (Remixes)
OnHold,Special Affair,The Internet,Ego Death
OnHold,Let's Get High,Edward Sharpe & The Magnetic Zeros,Edward Sharpe & The Magnetic Zeros
OnHold,Hippy Hill,GROUPLOVE,Spreading Rumours
OnHold,Cadillac Girl,Only Real,Jerk At The End Of The Line
OnHold,Drummer Boy,MisterWives,Connect The Dots
OnHold,Sunrise (Intro) [feat. Rosy],"Caye, Rosy","Shades, Pt. 1"
OnHold,If Your Prayers Don't Get To Heaven,Brian Fallon,If Your Prayers Don't Get To Heaven
OnHold,GOLD,BROCKHAMPTON,SATURATION
OnHold,Tap Water Drinking,Lewis Del Mar,Lewis Del Mar
OnHold,Sweet n Sour,Waterbed,Sweet n Sour
OnHold,Moon Mountain,Šuma,Moon Mountain - Single
OnHold,Sailing the Solar Flares,Dirtwire,Dirtwire
OnHold,Never Cry Wolf (feat. Reva DeVito),Dark Time Sunshine,ANX
OnHold,Out of Sorts,Atta Boy,Out of Sorts
OnHold,Vibration (Extended Version),Alex Wiley,Vibration (Extended Version)
OnHold,Games,Alex Wiley,Tangerine Dream
OnHold,Let's Stay Together,William Bolton,Let's Stay Together
OnHold,Sirens,The String Cheese Incident,Untying the Not
OnHold,Wave,"P.O.S, Moncelas Boston, Sophia Eris",Wave
OnHold,Hey Rose,Streets of Laredo,Volume I & II
OnHold,Unlucky Skin - Live from Spotify SXSW 2014,Shakey Graves,Spotify Sessions
OnHold,I'll Be True,The Shouting Matches,Grownass Man
OnHold,Saccharine,Atta Boy,Out of Sorts
OnHold,Sand Mountain,New Madrid,Yardboat
OnHold,Bird Balloons - Remastered,Lady Lamb,Ripely Pine
OnHold,I'm Not Racist,Joyner Lucas,I'm Not Racist
OnHold,Gold,Streets of Laredo,Wild
OnHold,Girlfriend,Streets of Laredo,Volume I & II
OnHold,Homeless,Streets of Laredo,Volume I & II
OnHold,Laredo,Streets of Laredo,Volume I & II
OnHold,Wild,Streets of Laredo,Wild
OnHold,Trouble,Cage The Elephant,Tell Me I'm Pretty
OnHold,A Summer Song,Conner Youngblood,Sketches
OnHold,Worlds to Run,"BUSDRIVER, Milo, Anderson .Paak",Thumbs
OnHold,Ocean View 2.0,Pell,Ocean View 2.0
OnHold,City Livin' (feat. Mike Irving),Aziz,City Livin' (feat. Mike Irving)
OnHold,Exclamation Point,"Latyrx, Forrest Day",The Second Album
OnHold,Honeybody,Kishi Bashi,Sonderlust
OnHold,Don't Move,Phantogram,Nightlife
OnHold,2+2,Tawls,2+2
OnHold,1979,New Shack,Eingang
OnHold,Indians Never Die,Black Belt Eagle Scout,Mother of My Children
OnHold,Soft Stud,Black Belt Eagle Scout,Mother of My Children
OnHold,Daylight Goodbye,Message To Bears,Folding Leaves
OnHold,Don't Get Any Closer,Eluvium,Nightmare Ending
OnHold,Song 2 - 2012 Remaster,Blur,Blur (Special Edition)
OnHold,Coffee & TV,Blur,13
OnHold,feel good,"jamvvis, Lord Apex",celebration
OnHold,Nada,Mellah,Liminality EP
OnHold,Nobody Cares,Superorganism,Nobody Cares
OnHold,Heavy,POWERS,Heavy
OnHold,A Grain of Salt,Mike Irish,The Joy of Motion
OnHold,Hall of Horrors,Teen Ravine,Hall of Horrors
OnHold,Helah,Mauno,Tuning
OnHold,If You Met Her,Palehound,A Place I'll Always Go
OnHold,Vampire Again,Marlon Williams,Vampire Again
OnHold,Floating in the Dark,Palmas,Floating in the Dark
OnHold,If It Goes,Malena Zavala,If It Goes
OnHold,Bonfire,Girlyboi,Bonfire
OnHold,You Are the Right One,Sports,Naked All the Time
OnHold,Lie,Westerman,Call and Response
OnHold,She's Moving On,Cape Lion,Corinth
OnHold,Planet,Anamanaguchi,Endless Fantasy
OnHold,Always - Anamanaguchi Remix,"Meishi Smile, LLLL, U-Pistol, Calendula, Anamanaguchi",Always
OnHold,Vagabond (Milkman Remix),"Milkman, MisterWives",Vagabond (Milkman Remix)
OnHold,Coming Back Around,Tayla,Coming Back Around
OnHold,Fembot,Robyn,Body Talk Pt. 1
OnHold,Smoke Signals,Phoebe Bridgers,Stranger in the Alps
OnHold,Don't Let It Get To You,Rostam,Half-Light
OnHold,Sheesh,KG Jay,I'm Ready
OnHold,Crazy Baldhead,Bob Marley & The Wailers,Rastaman Vibration
OnHold,Leaving Earth,Seven Lions,Creation
OnHold,Home,Moontricks,Home EP
OnHold,Yellow Eyes - Single Version,Rayland Baxter,Yellow Eyes
OnHold,Garden City,Owen Bones,Dive Club
OnHold,Dance All Night,"Tnertle, Lily Fangz",MataMata
OnHold,Sleep Paralysis,Vinnie Dewayne,Duality - EP
OnHold,Waves,Gosh Pith,Waves
OnHold,Do You Love Me Still?,The Kooks,Inside In / Inside Out
OnHold,Twentyone Questions,Steve Spiffler,"Soul Flips, Vol. 1"
OnHold,Headsgiving - Live from Spotify House SXSW ’16,Porches,Spotify Sessions
OnHold,Gettin' Old,Pink Skies,Gettin' Old
OnHold,!Ed Buys Houses!,Sidney Gish,Ed Buys Houses
OnHold,Off the Rails,Iron Eyes Cody,Off the Rails
OnHold,The Distance,Iron Eyes Cody,Goodness All Good Saints Have Died
OnHold,The Record Player Song,Daisy the Great,The Record Player Song
OnHold,Slaughterhouse,Kai Straw,The Tragedian's Decoupage
OnHold,Pinocchio: A Soliloquy,Kai Straw,The Tragedian's Decoupage
OnHold,28 Grams,Kai Straw,The Tragedian's Decoupage
OnHold,I Bring a Life of That.. To an End,"Kai Straw, Lauralee Poe",The Tragedian's Decoupage
OnHold,To This Day,Shane Koyczan and the Short Story Long,Remembrance Year
OnHold,Before I Go,"GRiZ, Leo Napier",Good Will Prevail
OnHold,My Darling Sara,Shane Koyczan and the Short Story Long,Remembrance Year
OnHold,Don't Play No Game That I Can't Win - Edit,"Beastie Boys, Santigold",Don't Play No Game That I Can't Win (Remix EP) [feat. Santigold]
OnHold,Cruel World,Phantogram,Three
OnHold,Rich Niggaz,J. Cole,Born Sinner
OnHold,Outside Today,YoungBoy Never Broke Again,Outside Today
OnHold,Nowadays (feat. Landon Cube),"Lil Skies, Landon Cube",Nowadays (feat. Landon Cube)
OnHold,bodyache,Purity Ring,another eternity
OnHold,Venice (Adam Snow Bootleg),The Lighthouse And The Whaler,Venice Remix EP
OnHold,Control,John Mark Nelson,I'm Not Afraid
OnHold,Can't Run Forever,Hembree,Can't Run Forever
OnHold,Caffeine,Foreign Air,Caffeine
OnHold,BTSTU (Demo),Jai Paul,BTSTU
OnHold,All the Ways I Do,Wilderness Survival,On Belay Belay On
OnHold,We Cannot Lose,Wilderness Survival,On Belay Belay On
OnHold,I Didn't,Wilderness Survival,On Belay Belay On
OnHold,We'll Fall Asleep,Wilderness Survival,On Belay Belay On
OnHold,Catch and Release,Wilderness Survival,On Belay Belay On
OnHold,Drive Me Wild,Wilderness Survival,On Belay Belay On
OnHold,Sick Boy - Prismo Remix,"The Chainsmokers, Prismo",Sick Boy (Remixes)
OnHold,Hand It Over,MGMT,Little Dark Age
OnHold,The Recipe,Kai Straw,GUN
OnHold,Back from the Crypt,"Kai Straw, ZayVsThem",GUN
OnHold,Jesse James,Kai Straw,GUN
OnHold,"Baby, Pick Up Your Gun",Kai Straw,GUN
OnHold,11 Homes,Kai Straw,GUN
OnHold,Supernova,Kai Straw,GUN
OnHold,Counting Sheep,Shakey Graves,The Sleep EP
OnHold,Salad Days,Mac DeMarco,Salad Days
OnHold,Edge Of Town,Middle Kids,Middle Kids
OnHold,Mona Lisa,Dan & Drum,Growl Pop
OnHold,Where Is My Mind,Telepathic Teddy Bear,Where Is My Mind
OnHold,Too Late,The Happy Fits,Awfully Apeelin'
OnHold,Run,Jeff Cormack,Thirteen013 SummerDreams
OnHold,No Woman,Whitney,Light Upon the Lake
OnHold,waves - Tame Impala Remix,"Miguel, Tame Impala",Rogue Waves
OnHold,Turn,The Wombats,Turn
OnHold,Lucky Girl,Fazerdaze,Morningside
OnHold,Jennifer,Fazerdaze,Morningside
OnHold,I Love College,Asher Roth,Asleep In The Bread Aisle
OnHold,Habit,The Movement,Set Sail
OnHold,Skyline,FKJ,French Kiwi Juice
OnHold,Your Soul,Hippie Sabotage,The Sunny Album (Deluxe Edition)
OnHold,Dim the Lights,Wild Ones,Dim the Lights
OnHold,Life Goes on (feat. GRiZ),"Manic Focus, GRiZ",Cerebral Eclipse
OnHold,Mangrove,Young & Sick,Young & Sick
OnHold,Stuck In My Id,Reptar,Oblangle Fizz Y'all
OnHold,The Root,Magna Carda,Cirqlation
OnHold,Ziggy Starfish (Anxiety Raps) [feat. Gold Panda],"Open Mike Eagle, Gold Panda",A Special Episode - EP
OnHold,Goin Back to Cali,The Olés,Westward Bound
OnHold,The Story of My Life (feat. P.O.S.),"Astronautalis, P.O.S",Pomegranate
OnHold,Montego Slay,People Under The Stairs,Acid Raindrops
OnHold,Easy To Be Your Lover,Tea Leaf Green,Radio Tragedy
OnHold,Sunny Rain DayMoon,Eldren,Welcome to Deathville
OnHold,"Hmu (feat. Clay Parnell & Rory ""Sweet Boy"" Dolan)","Space Jesus, Clay Parnell, Rory ""Sweet Boy"" Dolan",Atom + Eve
OnHold,Me & You,Little Stranger,Me & You
OnHold,LFTM (feat. Felly),"Healy, Felly",LFTM (feat. Felly)
OnHold,I Wanna Be A Dawg,Dawg Yawp,Dawg Yawp
OnHold,River Wider,Tall Heights,Neptune
OnHold,Boomerang,The Uncluded,Hokey Fright [Deluxe Version]
OnHold,Help Myself,Knox Fortune,Paradise
OnHold,Geisha,Ghastly,Geisha
OnHold,Chromatek,"Bassnectar, G Jones",Reflective (Part 2)
OnHold,Apparently,J. Cole,2014 Forest Hills Drive
OnHold,Note to Self,J. Cole,2014 Forest Hills Drive
OnHold,Wet Dreamz,J. Cole,2014 Forest Hills Drive
OnHold,READY STEADY GO,L'Arc-en-Ciel,SMILE
OnHold,Old Love,Joe Hertler & The Rainbow Seekers,Pluto
OnHold,Navigator Truck,"Alex Wiley, Calez, Chance the Rapper",Village Party 2: Heaven's Gate
OnHold,A Maker of My Time,The Paper Kites,Young North - EP
OnHold,Collie Man,Slightly Stoopid,"Surfdog So-Cal Comp ft. Slightly Stoopid, Wylde Bunch, B-Side Players, & Agent 51"
OnHold,Ebb and Flow,Larry and His Flask,All That We Know
OnHold,Love Unlimited,Blackbird Blackbird,Tangerine Sky
OnHold,You Cried Me,Jookabox,Dead Zone Boys
OnHold,Sixty Charisma Scented Blackbirds,Gabriel Mayers,Sixty Charisma Scented Blackbirds
OnHold,Lost / Inside Our Minds,John Vincent III,Mountain Sounds
OnHold,Big Mistake,Tim Fite,Fair Ain't Fair
OnHold,I Saw Her for the First Time,Dr. Dog,Abandoned Mansion
OnHold,I Found A New Way,Twin Peaks,Wild Onion
OnHold,Never Going Home,Hazel English,Just Give In / Never Going Home
OnHold,Crane Your Neck - Remastered,Lady Lamb,Ripely Pine
OnHold,Dizzy On the Comedown,Turnover,Peripheral Vision
OnHold,Elodie,Ten Fé,Hit the Light
OnHold,Gaims,KAMAUU,A Gorgeous Fortune EP
OnHold,Kids These Days,Fur Trade,Don't Get Heavy
OnHold,Call Me In The Afternoon,Half Moon Run,Spotify Sessions
OnHold,Floors,"Abhi The Nomad, Foster Cazz",Where Are My Friends?
OnHold,Jarmin in the Dark,Young Monks,Jarmin in the Dark
OnHold,Modern Jesus,Portugal. The Man,Evil Friends
OnHold,Balance,Opus Orange,Balance
OnHold,Hey Ya,"Sweater Beats, KAMAUU",Hey Ya
OnHold,Kiss The Breeze,Sticky Fingers,Caress Your Soul
OnHold,Boomslang.,MS.,Tracey Was Here
OnHold,Golden Gate,STS9,When the Dust Settles - EP
OnHold,Scheme,STS9,When the Dust Settles - EP
OnHold,When the Dust Settles,STS9,When the Dust Settles - EP
OnHold,"Signed, Sealed, Delivered (I'm Yours)",Stevie Wonder,Number 1's
OnHold,"Love, Sex, And Fancy Things",The Floozies,Tell Your Mother
OnHold,Modern Romance,Yeah Yeah Yeahs,Fever To Tell
OnHold,Backyard Haze,ACADEMY,Moving Methods EP
OnHold,Paradise Waiting,Vacationer,Relief
OnHold,Monkey Tree - UK Mix,Mother Mother,Very Good Bad Thing (Deluxe)
OnHold,Treehouse,Fin,Salt
OnHold,The Glow (feat. Kimbra),"Big Data, Kimbra",2.0
OnHold,Junk Food Chimney,Ezra Bell,Don't All Look Up At Once
OnHold,Fever,Night Panther,Night Panther
OnHold,Mary Jane,The Copper Children,Copper Child
OnHold,In My Head,"Paris Jones, U-Ness",The Black Hour
OnHold,World On Fire,"Louis The Child, Ashe",World On Fire
OnHold,She Came Along (feat. Kid Cudi),"Sharam, Kid Cudi",Get Wild (Special Edition)
OnHold,Holy,B00TY,Holy
OnHold,No Type,New Beat Fund,Sponge Fingerz
OnHold,Each Time I Die,Bones & Beeker,Bones & Beeker
OnHold,Mtn Tune,Trails and Ways,Trilingual
OnHold,Spectrolite,Bayonne,Primitives
OnHold,Washed Away,Eyes on the Shore,Washed Away
OnHold,Rockman's Pier,Del Water Gap,Sleeping (Extended Play)
OnHold,Gold Chains,Goldensuns,Give It Up - EP
OnHold,Airy Jane's Flying Carpet,Holy Family,"Can't Dance, Won't Steal, Need Some Help"
OnHold,Breakin' up,The Palms,Sway
OnHold,Kerosene,Duncan Fellows,Both Sides of the Ceiling
OnHold,This Year,Beach Fossils,Somersault
OnHold,Ignition - Remix,R. Kelly,The Essential R. Kelly
OnHold,One and Only,"Leska, Lia Kuri",One and Only
OnHold,Home Cooked,Hurley Mower,Home Cooked
OnHold,Touch,Grand Pavilion,Touch
OnHold,Warm,Joey Pecoraro,TheSoundYouNeed Summer 2016
OnHold,Be Ok Again,"What So Not, Daniel Johns",Not All The Beautiful Things
OnHold,One Thing,San Holo,One Thing
OnHold,Future Starts Slow,The Kills,Blood Pressures
OnHold,Eternal Honeymoon,Balue,Wavy Daze
OnHold,That Thing,Hazel English,That Thing
OnHold,Black Shoe,The Moondoggies,Don't Be a Stranger
OnHold,Undertaker,The Moondoggies,Don't Be a Stranger
OnHold,Sooo,Luude,Sooo
OnHold,back again,flor,come out. you're hiding (deluxe)
OnHold,Jaigantic (Galimatias Remix),"Tora, Galimatias",Jaigantic (Galimatias Remix)
OnHold,The Little Things - Kasbo Remix,"Big Gigantic, Kasbo, Angela McCluskey",The Little Things (Kasbo Remix)
OnHold,Tired Boy,Joey Pecoraro,Tired Boy
OnHold,When I Get There,Big Wild,Invincible EP
OnHold,World Away,Kasbo,World Away
OnHold,In the Dark,TeZATalks,In the Dark
OnHold,Hot Blur,How Sad,Indian Summer
OnHold,All My Friends Are Freaks,"Lafa Taylor, Medium Troy",All My Friends Are Freaks
OnHold,Lilith (feat. Apashe & Madi),"Dabin, Apashe",Lilith (feat. Apashe & Madi)
OnHold,Indica Badu,"Logic, Wiz Khalifa",Bobby Tarantino II
OnHold,Need More Input,Thank You Scientist,Stranger Heads Prevail
OnHold,Our Demons - filous Remix,"The Glitch Mob, Aja Volkman, filous",Our Demons (filous Remix)
OnHold,Raised By Wolves,Voxtrot,Raised By Wolves EP
OnHold,Dead Record Player,Dr. Dog,The Psychedelic Swamp
OnHold,The Code,Morning Teleportation,Salivating for Symbiosis
OnHold,The Only Heirs,Local Natives,The Only Heirs
OnHold,I Saw You Close Your Eyes,Local Natives,I Saw You Close Your Eyes
OnHold,How I Could Just Kill a Man,Rage Against The Machine,Renegades
OnHold,Doing It To Death,The Kills,Ash & Ice
OnHold,Heart Of A Dog,The Kills,Ash & Ice
OnHold,Read My Mind,Geographer,Read My Mind
OnHold,Chai,Isao Tsukamoto,ARCHES
OnHold,The Girl Who Stole My Tamagotchi,Hot Sugar,Moon Money
OnHold,Going Gets Tough,The Growlers,Chinese Fountain
OnHold,Broadripple Is Burning,Margot & The Nuclear So And So's,Not Animal
OnHold,High with Me,Free Weed,Free / Beer on the Drugs
OnHold,Horizon,Pigeons Playing Ping Pong,Psychology
OnHold,Dreamers,K.Flay,Every Where Is Some Where
OnHold,Young,Frankie Cosmos,Fit Me In
OnHold,That Groove,Westpark,That Groove
OnHold,Empty Room - Sofi Tukker Remix,"Big Wild, Yuna, SOFI TUKKER",Empty Room
OnHold,Cardiac Arrest - WoodysProduce Remix,Bad Suns,Cardiac Arrest (WoodysProduce Remix)
OnHold,This Won't Last Forever,Ceschi,Broken Bone Ballads
OnHold,I'm Here Now (Bonus Track),Motopony,Motopony
OnHold,Goldmine Junkie,Big Grams,Big Grams
OnHold,Tinker Creek,Hikes,Hikes
OnHold,Panama,The Cat Empire,So Many Nights
OnHold,Drugs,M.A.G.S.,M.A.G.S.
OnHold,Like I Used To Be,Matt and Kim,Like I Used To Be
OnHold,Mischief,Blubird,Delusions Of Grandeur
OnHold,Loving the Animal,Superet,Loving the Animal
OnHold,STFD,TeZATalks,Chaos
OnHold,Find Me,TeZATalks,Chaos
OnHold,Interlude,TeZATalks,Chaos
OnHold,Only Lonely,The Ballroom Thieves,Only Lonely
OnHold,Sign Me Up,Matt Hartke,Sign Me Up
OnHold,Dumb Bird,Daggy Man,Indie / Indie-Folk Compilation - Spring 2018
OnHold,Ashes,Mat Cammarano,Ashes
OnHold,Deform to Form a Star,Steven Wilson,Grace for Drowning
OnHold,Porcelain,Moby,Play & Play: The B Sides
OnHold,It's Called: Freefall,Rainbow Kitten Surprise,"How to: Friend, Love, Freefall"
OnHold,Requiem for the New World,Azedia,Requiem for the New World
OnHold,Rise & Fall,"Adventure Club, Krewella",Rise & Fall
OnHold,To a Friend,Electus,Musical Hallucinations
OnHold,Travelling Light,Daydreamer,Senses
OnHold,Slow Dive,Seven Lions,Where I Won't Be Found
OnHold,Love Me,"Steven Moses, William Van Zandt",Love Me
OnHold,The Echo,Voxhaul Broadcast,Rotten Apples
OnHold,Pink Cocaine,Myke Bogan,Casino Carpet
OnHold,Ether,"We Are All Astronauts, Valeska Rautenberg",The Machines EP
OnHold,Emotion,Uppermost,Emotion
OnHold,Rush Over Me,"Seven Lions, ILLENIUM, Said The Sky, HALIENE",Rush Over Me
OnHold,Lake,Janee,Lake
OnHold,Intro,Janee,Organics
OnHold,What Are You Doing Here (feat. Casey Breves),"Janee, Casey Breves",What Are You Doing Here (feat. Casey Breves)
OnHold,No Turning Back,Lee Ahmad Baker,Super Massive Singularity
OnHold,Lucy The Tease,Allan Rayman,Hotel Allan
OnHold,Smoke It If You Got One,Blended Babies,5
OnHold,Eagle Moon,Blended Babies,6
OnHold,"Bout a Dolla (feat. Chuck Inglish, Chance the Rapper, Chip tha Ripper & Twista)","The O'My's, Blended Babies, Chuck Inglish, Chance the Rapper, Chip Tha Ripper, Twista","Bout a Dolla (feat. Chuck Inglish, Chance the Rapper, Chip tha Ripper & Twista)"
OnHold,88.1,Blended Babies,5
OnHold,Confessions (feat. Leland Whitty),"BADBADNOTGOOD, Leland Whitty",III
OnHold,Eyes Closed,BADBADNOTGOOD,III
OnHold,Visions,"Danrell, Alec King",Visions
OnHold,Goodbye,Russ,Pink Elephant
OnHold,Wrong Man (feat. Ariana Deboo & Dave B),"Sam Lachow, Dave B., Ariana DeBoo","Friends, Funk & Liquor"
OnHold,Good to Be Home (feat. Elan Wright),"Sam Lachow, Elan Wright",Good to Be Home (feat. Elan Wright)
OnHold,Over,Drake,Thank Me Later
OnHold,White Iverson,Jackson Breit,Covers
OnHold,679 & No Diggity,Jackson Breit,Covers
OnHold,Never Say Die,"Kweku Collins, WebsterX, Boathouse","Say It Here, While It's Safe"
OnHold,After Dark,"Sam Lachow, Watsky, Ariana DeBoo",Huckleberry
OnHold,Never Gonna Catch Me,"El Speaker, Skan",Never Gonna Catch Me
OnHold,Living Hell (feat. Blvkstn),"Skan, Lox Chatterbox, M.I.M.E, Blvkstn",Living Hell (feat. Blvkstn)
OnHold,Frontier,"Krale, Jasmina Lin, Jay Christopher",Frontier
OnHold,Break It,"Krale, Tara Louise",Break It
OnHold,La Drift,"Azide, Drama B, M.I.M.E",La Drift
OnHold,Drink Smoke Bass Bounce ft. M.I.M.E. - Original Mix,"Beau Di Angelo, M.I.M.E",Drink Smoke Bass Bounce
OnHold,Lit,"Leon Lohmann, M.I.M.E",Lit
OnHold,This Sound,"Audiation, M.I.M.E",This Sound Remixes
OnHold,Jayus,"Inkyz, M.I.M.E",Deadvlei
OnHold,Fear in My Eyes,"Besomorph, Drama B",Fear in My Eyes
OnHold,The Universe,Vexento,Racing EDM
OnHold,Masked Raver,Vexento,Masked Raver
OnHold,Fall Back,"Whales, Roee Yeger, Drama B",Racing EDM
OnHold,Tear The Roof Off (feat. Watsky),"Bliss n Eso, Watsky",Off The Grid
OnHold,Broken,Lund,Broken
OnHold,Wild for the Night (feat. Skrillex & Birdy Nam Nam),"A$AP Rocky, Skrillex, Birdy Nam Nam, Lord Flacko",LONG.LIVE.A$AP (Deluxe Version)
OnHold,Matilda,"Sam Lachow, Raz Simone, Maggie Brown",Huckleberry
OnHold,"Black Sheep (feat. Lace Cadence, Jarv Dee & Gifted Gab)","Sam Lachow, Lace Cadence, Jarv Dee, Gifted Gab","Friends, Funk & Liquor"
OnHold,Mirror Reaper,Bell Witch,Mirror Reaper
OnHold,Trip on My Words,Manwolves,Trip on My Words
OnHold,The City (feat. Phoebe Ryan),"Skizzy Mars, Phoebe Ryan",The Red Balloon Project
OnHold,Motel,Prof,Liability
OnHold,Planet of the Shapes,The Palmer Squares,Planet of the Shapes
OnHold,No (feat. Cashinova),"Prof, Cashinova",Pookie Baby
OnHold,Andre The Giant,Prof,Pookie Baby
OnHold,Legacy,Sol,Legacy
OnHold,2020,Sol,Yours Truly
OnHold,"Spliff (Remix) [feat. Grynch, Prometheus Brown of Blue Scholars & Thig Nat]","Sol, Grynch, Prometheus Brown of Blue Scholars, Thig Nat","Dear Friends, Vol. 2"
OnHold,Far Away,"Myke Bogan, Little Warrior",Pool Party
OnHold,Thank You for Tonight (feat. Eliza Young),"Sam Lachow, Eliza Young",Brand New Bike
OnHold,Postcards,Grieves,Running Wild
OnHold,Dark Days,Local Natives,Sunlit Youth
OnHold,Long Distance,The Districts,Telephone
OnHold,Boiling Water,little hurricane,Gold Fever
OnHold,All Good,Blac Rabbit,Blac Rabbit
OnHold,Pumpkin,Islands,Taste
OnHold,West Coast,MISSIO,West Coast
OnHold,Atlanta Girls,Trash Panda,The Starclimber
OnHold,Same Thing,Marian Hill,ACT ONE (The Complete Collection)
OnHold,Blue Notes,Meek Mill,DC4
OnHold,Bite Back (feat. Lexis Janay & Scarub),"9 Theory, Lexis Janay, Scarub",Bite Back (feat. Lexis Janay & Scarub)
OnHold,Kiss the Sky,Romaro Franceswa,Kiss the Sky
OnHold,Metaphysical - Daktyl Remix,Autograf,Metaphysical (Daktyl Remix)
OnHold,Come & Leave,After The Smoke,Microwaves
OnHold,Sleepless In NYC,Autograf,Sleepless In NYC
OnHold,Parade,Iris Temple,Vistas
OnHold,Tangerine Girl,Asher Roth,RetroHash
OnHold,Born (feat. Jubee),"COFRESI, Jubee",Visions
OnHold,Old Soul,Jubee,Old Soul
OnHold,Never Ending Story,"SoDown, Jubee",A Different Path
OnHold,Kill Em,"SoDown, Kyral X Banko",Kill Em
OnHold,Loving,Surfaces,Surf
OnHold,334,Backwoodz,334
OnHold,Clairvoyant,The Story So Far,The Story so Far / Stick to Your Guns Split - EP
OnHold,Malt Liquor,Lewis Del Mar,Lewis Del Mar
OnHold,New Beginnings,Daydreamer,Senses
OnHold,SB / / LA,Eventide,SB / / LA
OnHold,All For You,Night Riots,Love Gloom
OnHold,Real Things,"Alex Wiley, Hippie Sabotage",Real Things
OnHold,Fantasy,Eternity Forever,Fantasy
OnHold,Movies,Eternity Forever,Fantasy EP
OnHold,Hippie Trippie,Druzu,We Got You Covered
OnHold,All My Friends Are Dead,Dirty Bourbon River Show,The Flying Musical Circus
OnHold,I Feel U,ProbCause,Drifters
OnHold,Good Looks,Girlyboi,Good Looks
OnHold,Stevie Knicks,Girlyboi,Stevie Knicks
OnHold,Believe - Moon Version,The Bravery,The Sun And The Moon Complete
OnHold,After Party,"Keith Stanfield, Keith Milgaten",Short Term 12 (Destin Cretton's Original Motion Picture Soundtrack)
OnHold,Collide,GIVERS,Collide
OnHold,Every Time I'm Ready To Hug,Ra Ra Riot,Need Your Light
OnHold,Champagne,K.Flay,Every Where Is Some Where
OnHold,RONDO,"6ix9ine, Tory Lanez, Young Thug",DAY69
OnHold,Nike Swoosh (feat. YG),"BlocBoy JB, YG",Simi
OnHold,Like a Child,Oketo,Oketo
OnHold,"No Complaints,",J. Hutton,"No Complaints,"
OnHold,Friends,"Hugo Brijs, Dandelion",Friends
OnHold,Famous for Foolin,Lost Beach,Nightbreak
OnHold,I Know You Know - Delamare Remix,"B O K E H, Delamare",I Know You Know (Delamare Remix)
OnHold,Streetlights,Motel Radio,Days & Nights
OnHold,"Tribe Quest (feat. Oreo Jones, DMA)","Sirius Blvck, Oreo Jones, DMA",Light In The Attic
OnHold,Show Your Colors - PLS&TY Remix,"Genevieve, PLS&TY",Show Your Colors (PLS&TY Remix)
OnHold,Hey Man - Audiotree Live Version,Liz Cooper,Liz Cooper & the Stampede on Audiotree Live
OnHold,New Badlands,Motel Radio,Desert Surf Films
OnHold,Fall To Sleep,The Wild Reeds,The World We Built
OnHold,Believe,Elliot Root,2
OnHold,Tour Music (feat. B Skeez & Magik),"Sam Lachow, B Skeez, Magik",Motels & Minivans
OnHold,Whippin' rentals (feat. Eric Biddines & Magik),"Sam Lachow, Eric Biddines, Magik",Motels & Minivans
OnHold,2am on Pike Street (feat. Wilson Luxurious),"Sam Lachow, Wilson Luxurious",Motels & Minivans
OnHold,Albino Rhino (feat. Nacho Picasso),"Sam Lachow, Nacho Picasso",Motels & Minivans
OnHold,Seventeen Summers (feat. Eric Biddines),"Sam Lachow, Eric Biddines",Motels & Minivans
OnHold,Glamorama,Bryce Vine,Night Circus
OnHold,Joshua Tree,King Fantastic,The Great Man Theory
OnHold,Motions - Far Out Version,Liz Cooper,Liz Cooper & the Stampede | Audiotree Far Out
OnHold,Slip Away,Doc Robinson,Slip Away
OnHold,Nineties,Michigander,Nineties
OnHold,It Ain't Always Sunny (Outro),Sunny V,No Pork in My Gumbo
OnHold,What Now,Waker,This Is Waker
OnHold,Red Line,Geordie Kieffer,Red Line
OnHold,DSFM,OnCue,Leftovers 2.1
OnHold,3AM,OnCue,3AM
OnHold,So It Goes,"Hi-Lo Jack, DAP The Contract, Lawrence, Stolen Jars",So It Goes
OnHold,Stranger,Covey,Stranger
OnHold,Yeti's Lament,Berry Weight,Music for Imaginary Movies
OnHold,Uppercuts,Terror Reid,Uppercuts
OnHold,Who Dat?,"Terror Reid, Getter",Who Dat?
OnHold,Moonlight,XXXTENTACION,?
OnHold,Are You Gonna Be My Girl,Jet,Get Born
OnHold,Friday,Dae Zhen,Friday
OnHold,10 Years (Remix) [feat. Balistik the Messiah],"Travis Mendes, Balistik the Messiah",10 Years (Remix) [feat. Balistik the Messiah]
OnHold,Watch it Grow,"KR3TURE, Catherine Feeny",Watch it Grow
OnHold,Round Two,"Imad Royal, Blaise Railey",Cycles
OnHold,A Little Deeper,"KR3TURE, The Human Experience, Kelly Koval",A Little Deeper - Single
OnHold,206,"Aaron Cohen, Sam Lachow",206
OnHold,The Fall,Bryce Vine,The Fall
OnHold,Fold,$uicideboy$,My Liver Will Handle What My Heart Can't
OnHold,Lone - Slow Hours Remix,"What So Not, GANZ, JOY., Slow Hours",Divide & Conquer (Remixes)
OnHold,Bored + Lazy,Jamaican Queens,Downers
OnHold,Wasted,Kendall Street Company,Kendall Street Company
OnHold,Run,"Nick Catchdubs, MNDR",Smoke Machine
OnHold,"Long Damn Time (feat. Ana, Jc Flores & Mike Smith)","Jonathan Hay, CyHi, Ana, JC Flores, Mike Smith",The Urban Hitchcock Lp (Deluxe)
OnHold,Think Twice,Samy Wats,Think Twice
OnHold,Lightwaves,Macntaj,Lightwaves
OnHold,Red Coat (2012 Version),Sincerely Collins,The Legend Of The Phoenix
OnHold,Flow,Katastro,Strange Nights
OnHold,Take Time,Awon,Matte Black Soul
OnHold,Green,DENM,Dreamhouse
OnHold,Bed of Mind,Dude the Hippy,Bed of Mind
OnHold,Sinners,DD LUXZ,"Heartbreak, Sex & Cigarettes"
OnHold,100 Songs,Sol,The Headspace Traveler
OnHold,"Passports (feat. Watsky, Ceschi & Dylan Owen)","F. Virtue, Watsky, Ceschi, Dylan Owen","Passports (feat. Watsky, Ceschi & Dylan Owen)"
OnHold,These Days,mike.,This Isn't The Album
OnHold,Deception,"Macntaj, TeZATalks, Donte Peace",Deception
OnHold,Lightwaves Remix (feat. Gunplay & Raz Simone),"Levit∆te, Macntaj, Gunplay & Raz Simone",Lightwaves Remix (feat. Gunplay & Raz Simone)
OnHold,Gold Digger,"Kanye West, Jamie Foxx",Late Registration
OnHold,Guilty Pleasure,Bryce Vine,Lazy Fair
OnHold,Paradise (Never Change),Jack & Jack,Paradise (Never Change)
OnHold,Harlem,New Politics,A Bad Girl In Harlem
OnHold,Best Friends,grandson,Best Friends
OnHold,Mercury: Retrograde,Ghostemane,Hexada
OnHold,Limestone,Magic City Hippies,Hippie Castle EP
OnHold,Wait,NoMBe,They Might've Even Loved Me
OnHold,Come Together,"Gary Clark Jr., Junkie XL",Come Together
OnHold,Bright Lights,Gary Clark Jr.,Blak and Blu
OnHold,Murphy's Law (feat. Ju & Tatiana Hazel),"Melo Makes Music, Ju, Tatiana Hazel",Murphy's Law (feat. Ju & Tatiana Hazel)
OnHold,Summer Breeze,Clyde Kelly,Not Rich Yet
OnHold,Jimmy With the Gun,Jay Taj,Tenfour
OnHold,Space In Space,Tiger Love,Space In Space
OnHold,Helicopters,Stop Light Observations,Helicopters
OnHold,Isombard - clipping. Float On Remix,"Declan McKenna, clipping.",Isombard (clipping. Float On Remix)
OnHold,Cold Pizza,Mic Torrance,Cold Pizza
OnHold,Blueberry,Manatee Commune,Thistle - EP
OnHold,Kill Yourself - Part II,$uicideboy$,Gray/Grey
OnHold,Sunset Lover - Manatee Commune Remix,"Petit Biscuit, Manatee Commune",Sunset Lover Remixes
OnHold,Let Go,Mic Torrance,Let Go
OnHold,Runnin' Thru The 7th With My Woadies,"$uicideboy$, Pouya",$outh $ide $uicide
OnHold,Ridin (feat. Landon Cube & YBN Nahmir),"Yung Bans, Landon Cube, YBN Nahmir",Yung Bans Vol. 5
OnHold,Stand Strong In Dub (feat. Dub Architect),"Iya Terra, Dub Architect",Full Circle
OnHold,Up on a Plane,Slightly Stoopid,Closer to the Sun
OnHold,Two Ton Wrecking Ball,The Revivalists,Vital Signs
OnHold,Police State,Tropidelic,Police State
OnHold,I Got Top in Bikini Bottom (feat. Kg Smokey),"Joey Trap, Kg Smokey",Trap Jack
OnHold,BabyWipe,Ski Mask The Slump God,You Will Regret (Reloaded)
OnHold,DoIHaveTheSause?,Ski Mask The Slump God,BEWARE THE BOOK OF ELI
OnHold,Under the Sun,Arden Park Roots,Pipe Dreams
OnHold,When I'm With You,Arden Park Roots,Burning the Midnight Oil
OnHold,Live Life,Collie Buddz,Live Life
OnHold,Come Down,Collie Buddz,Playback
OnHold,Lovely Day,Collie Buddz,Good Life
OnHold,Welcome To Jamrock,Damian Marley,Welcome to Jamrock
OnHold,Smoke It If You Got One (feat. Asher Roth),"King Chip, Asher Roth",CleveLAfornia
OnHold,Davinci,Jaw Gems,Heatweaver
OnHold,Die Tonight,Goldyard™,Fuck Culture E.P
OnHold,Sunbleached Girl,Shag Rock,Barefoot
OnHold,Punks and Poets,Elliot Root,2
OnHold,High Horse (Live),The Crane Wives,High Horse (Live)
OnHold,All Aboard (feat. Reva Devito),Dark Time Sunshine,Vessel
OnHold,Get at Me,The Main Squeeze,Without a Sound
OnHold,She Walks Too Slow,"Derlee, Daily Bread, Obeah",Divided Souls
OnHold,Alive (with Offset & 2 Chainz),"Lil Jon, Offset, 2 Chainz",Alive (with Offset & 2 Chainz)
OnHold,Plush Interior (feat. Watsky),"Vinyl Spectrum, Watsky",Plush Interior (feat. Watsky)
OnHold,New Tide,Mo Lowda & the Humble,Creatures
OnHold,Used to Be in Love,The Jungle Giants,Quiet Ferocity
OnHold,Stay Happy,Broken Social Scene,Hug Of Thunder
OnHold,Lost in Your Love,Colyer,Lost in Your Love
OnHold,Start Over,The Undercover Dream Lovers,Start Over
OnHold,One Day,Major Murphy,No. 1
OnHold,O.M.G. (I'm All Over It),Jenn Champion,O.M.G. (I'm All Over It)
OnHold,Soothsayer,Brave Baby,Soothsayer
OnHold,Audrey (Spending All My Time With You),The Shacks,Audrey (Spending All My Time With You)
OnHold,Sleepwalking (Couples Only Dance Prom Night),Modest Mouse,Interstate 8
OnHold,A Side / B Side,Tipling Rock,A Side / B Side
OnHold,Winter,Yabadum,Careful Kid
OnHold,Up Down (Do This All Day) (feat. B.o.B),"T-Pain, B.o.B",Up Down (Do This All Day) (feat. B.o.B)
OnHold,Photosynthesis,"Saba, Jean Deaux",Bucket List Project
OnHold,Places,You Me and Apollo,Places / Finding Peace
OnHold,South,Hippo Campus,South - Single
OnHold,You Know,The Boom Booms,Hot Rum!
OnHold,Long Way Down (feat. Ash Riser),"Sahtyre, Ash Riser",The Gorgeous Darkness
OnHold,Planet X,Calimossa,Habaneros
OnHold,I Guess in America,Social Animals,Formative Years
OnHold,El Camino,Nocando,Severed
OnHold,Where We Go,Jelani Aryeh,Suburban Destinesia
OnHold,AMBiVALENT (feat. Wilson Luxurious),"Sam Lachow, Wilson Luxurious",AMBiVALENT (feat. Wilson Luxurious)
OnHold,Work Work,"clipping., Cocc Pistol Cree",CLPPNG
OnHold,FEFE (feat. Nicki Minaj & Murda Beatz),"6ix9ine, Nicki Minaj, Murda Beatz",FEFE (feat. Nicki Minaj & Murda Beatz)
OnHold,I Might Need Security,Chance the Rapper,I Might Need Security
OnHold,When It Rains It Poors,Twiddle,Somewhere On the Mountain
OnHold,Eye in the Sky,Handmade Moments,Eye in the Sky
OnHold,Take It Away,"RL Grime, Ty Dolla $ign, TK Kravitz",NOVA
OnHold,Pressure,RL Grime,NOVA
OnHold,Era,RL Grime,NOVA
OnHold,Rewind,"Louis Futon, Ashe, Armani White",Rewind
OnHold,Off,Trash Panda,Off
OnHold,Wave,"Troop Brand, LV Baby, Eli Lefty",Wave
OnHold,Rain (feat. PARTYNEXTDOOR),"Wiz Khalifa, PARTYNEXTDOOR",Rolling Papers 2
OnHold,Day 'N' Nite (nightmare),Kid Cudi,Man On The Moon: The End Of Day
OnHold,Heavy,"RAC, Karl Kling",EGO
OnHold,Gem,ASM,Gem
OnHold,Sky Is a Bed,The Humble Cheaters,"That's Some Good Sky, 7.2"
OnHold,Floras,Foxtrails,Foxtrails
OnHold,Hummingbird,Tom West,Vanishing Shores
OnHold,One Dance,BROODS,triple j Like A Version
OnHold,Daylight,Yelawolf,Trial By Fire
OnHold,Comes the Light,Easy Giant,To the Moon
OnHold,Popular Man (feat. Jake Crocker & Ariana DeBoo),"Sam Lachow, Jake Crocker, Ariana DeBoo",Popular Man (feat. Jake Crocker & Ariana DeBoo)
OnHold,King of the Beach,Sweatshop Union,Infinite
OnHold,Bootleggin',Quinn XCII,Bloom
OnHold,Lightweight,Obliques,Lightweight
OnHold,Never Going Back Again - Live 1977,Fleetwood Mac,Rumours (Super Deluxe)
OnHold,Demons,The Seige,Act I: WasteLAnd
OnHold,June,Briston Maroney,Big Shot
OnHold,Freakin' Out on the Interstate,Briston Maroney,Freakin' Out on the Interstate
OnHold,Loving Every Minute - Ghastly Remix,"Latroit, BISHØP, Ghastly",Loving Every Minute (Ghastly Remix)
OnHold,LSD,Ghastly,The Mystifying Oracle
OnHold,Fake U Out,"Ghastly, BARELY ALIVE",Fake U Out
OnHold,Rail Breaker (feat. Rico Act),"Riot Ten, Rico Act",Rail Breaker (feat. Rico Act)
OnHold,Forever (feat. Elohim),"Ekali, Medasin, Elohim",Forever (feat. Elohim)
OnHold,Swiss,"NGHTMRE, Pell",Magic Hour
OnHold,Magic,"Jauz, Marshmello",Magic
OnHold,10 Feet Down,"NF, Ruelle",Perception
OnHold,Real,NF,Therapy Session
OnHold,WHY,NF,WHY
OnHold,Therapy Session,NF,Therapy Session
OnHold,Keep This Place Beautiful,Brick + Mortar,Bangs
OnHold,Weather,"WDL, Coco Noir",No Wings Airline
OnHold,gray,slenderbodies,sotto voce
OnHold,Escargot,Jarv,"Jarvage, Vol. 1"
OnHold,Happy Party,Jarv,"Jarvage, Vol. 1"
OnHold,Lay Me Down,"Dirty Heads, ROME",Any Port In A Storm (Special Edition)
OnHold,Rain Man,Eminem,Encore (Deluxe Version)
OnHold,Cherry Blossom,Horrorshow,Bardo State
OnHold,The Night We Met,Lord Huron,Strange Trails
OnHold,Virginia,Briston Maroney,Big Shot
OnHold,Hangin' Round,Briston Maroney,Big Shot
OnHold,Baby Gots Venom,Toussaint Morrison,Lesser Restoration
OnHold,"Baby, I'm Bad Weather",Toussaint Morrison,Toussaint Morrison Is Not My Boyfriend
OnHold,I Know Not,"Jimmy Donn, Slug",I Know Not
OnHold,Talk Back,Kembe X,Talk Back
OnHold,Twenty Five (feat. Kam De La),"Mir Fontane, Kam De La",Who's Watching the Kids
OnHold,Reign Rain,"The Cutlery, Mr. J. Medeiros, Tigerz, Blanka",Reign Rain
OnHold,Impossible,Lucien Parker,Impossible
OnHold,Starlight (Goldroom Remix),"Jai Wolf, Goldroom",Starlight Remixes
OnHold,Sagaba,Blue Scholars,Blue Scholars
OnHold,Cereal,Garrett Merk,Cereal
OnHold,Plato,Mentality the Redefiner,Plato
OnHold,Smoke Rings (feat. Klouds),"C-Trox, Klouds",Perspective
OnHold,Get to the Top,Aziz the Shake,Get to the Top
OnHold,Kahlil Gibran,STRFKR,Miracle Mile
OnHold,WunderLAnd,"Chuck Inglish, Trinidad James",WunderLAnd
OnHold,Schikken (feat. Flmmboiint Frdii),"Spark Master Tape, Flmmboiint Frdii",Schikken (feat. Flmmboiint Frdii)
OnHold,Sunday Morning Jetpack,"Big Sean, The-Dream",I Decided.
OnHold,Distant Days,Rose Dive,Distant Days
OnHold,Reverie,Rose Dive,Reverie
OnHold,Basically,STRFKR,Vault Vol. 1
OnHold,suburban wonderland,BETWEEN FRIENDS,suburban wonderland
OnHold,Take Me Away,Hotel Eden,Take Me Away
OnHold,PDA,"Day Wave, Hazel English",PDA
OnHold,That Thing,Hazel English,Just Give In / Never Going Home
OnHold,I'm Fine,Hazel English,Just Give In / Never Going Home
OnHold,Other Lives,Hazel English,Just Give In / Never Going Home
OnHold,Lies,HEIRS,Ecliptic
OnHold,Closer,"The Chainsmokers, Halsey",Closer
OnHold,Closer,Kings of Leon,Only By The Night
OnHold,Reforget,Lauv,I met you when I was 18. (the playlist)
OnHold,Bunk,"Stank Face, Will Is Chillin', Loudmouth, The Palmer Squares, Rebel Legato, Vantablac Sol",Face Melt
OnHold,Crown (Ft: Grieves),"Illustrated, Grieves",Crown (Ft: Grieves)
OnHold,I Like Me Better,Lauv,I Like Me Better
OnHold,Everybody Dies,Logic,Everybody Dies
OnHold,Hazelnut Butter,"Lafa Taylor, Medium Troy",All My Friends Are Freaks
OnHold,Better Left Unsaid,Stoop Kids,Queue: The Mixtape
OnHold,Smoke That (feat. ProbCause & Jaye Prime),"GRiZ, ProbCause, Jaye Prime",CTGH II Selects
OnHold,Let The Boy Live,Mouthe,Let The Boy Live
OnHold,17,cado,17
OnHold,Pretty Life,"Terrell Morris, Free n Losh",Molasses
OnHold,Beachside,"Bazanji, Jackson Breit",Beachside
OnHold,Same 'Ol Day,"Murs, ¡MAYDAY!, Eric Biddines",Same 'Ol Day
OnHold,My Own Shit,"Like, Myke Bogan",My Own Shit
OnHold,High on Instrumentals,"Lafa Taylor, Medium Troy",All My Friends Are Freaks
OnHold,H.D.L.,Lewis Del Mar,Lewis Del Mar
OnHold,Artist Type,Brandyn Kaine,Artist Type
OnHold,Butterflies,Samsa,Butterflies
OnHold,Fruit Punch,Kaiydo,Fruit Punch
OnHold,High (feat. 5-D),"Bronze Whale, 5-D",High
OnHold,How We Party,"R3HAB, VINAI",How We Party
OnHold,Hipster Cutthroat,DotEXE,Hipster Cutthroat
OnHold,Solo,Samsa,Solo
OnHold,Burfi,"Samsa, Thiago",Burfi
OnHold,Beige,Yoke Lore,Goodpain
OnHold,Through a Glass,Henry Jamison,The Wilds
OnHold,Wonder,Honeywater,Wonder
OnHold,Hvar (feat. MSP) - Radio Edit,"Kiso, MSP",Hvar (feat. MSP) [Radio Edit]
OnHold,Ride,Yoke Lore,Ride
OnHold,Sucks,Angelo Mota,When All Is Said and Done
OnHold,Cinema,"Thurz, Frass Hill, T.R. Shine",Cinema
OnHold,Pop! (EASTGOST Remix),"Myke Bogan, Eastghost, The Last Artful, Dodgr, IDK, Neill Von Tally",Pop! (EASTGHOST Remix)
OnHold,The Shoot,Page Kennedy,Torn Pages
OnHold,Break Some Ice,Dylan Owen,Break Some Ice
OnHold,seams,SEAMS,seams
OnHold,Mykonos,Fleet Foxes,Sun Giant
OnHold,Wild Out (feat. Waka Flocka Flame & Paige),"Borgore, Waka Flocka Flame, Paige",Wild Out (feat. Waka Flocka Flame & Paige) [Remixes]
OnHold,Broken Record (Louis the Child Remix) [feat. Joni Fatora],"SoySauce, Joni Fatora",Broken Record (Louis the Child Remix) [feat. Joni Fatora]
OnHold,Guh (Lemon Haze),"George Kush, Young Taylor",Guh (Lemon Haze)
OnHold,Bless Again,"George Kush, Santos Santana",Bless Again
OnHold,Hope I Wake Up,TYLERxCORDY,Hope I Wake Up
OnHold,Goon Squad,Ripe,Hey Hello
OnHold,Read Receipts,Kyle Thornton & The Company,"Space to Move, Pt. I"
OnHold,Sidewalks,"The Weeknd, Kendrick Lamar",Starboy
OnHold,City 2 City,"Zomboy, Belle Humble",The Dead Symphonic EP
OnHold,Subtle Thing,Marian Hill,Unusual
OnHold,Fire,"Louis The Child, Evalyn",Fire
OnHold,Line Of Sight,"ODESZA, WYNNE, Mansionair",A Moment Apart
OnHold,Good Nights (feat. Mascolo),"Whethan, Mascolo",Good Nights (feat. Mascolo)
OnHold,Take Three,Jerry Folk,Take Three
OnHold,For The Love (Big Wild Remix),"GRiZ, Big Wild, Talib Kweli",For The Love (Remixes) - EP
OnHold,In Your Eyes,"Taska Black, Ayelle",In Your Eyes
OnHold,lift me from the ground,"San Holo, Sofie Winterson",worthy / lift me from the ground
OnHold,Babylon (feat. Denzel Curry) - Skrillex & Ronny J Remix,"Ekali, Denzel Curry, Skrillex, RONNY J",Babylon (feat. Denzel Curry) [Remixes]
OnHold,Stanley,"Jerry Folk, Tommellie, WoodzSTHLM",Stanley
OnHold,True Romance (feat. Jarina De Marco),"Good Times Ahead, Jarina De Marco",Good Times Ahead
OnHold,Tony (feat. Nipsey Hussle),"LOUDPVCK, Gladiator, Nipsey Hussle",Tony (feat. Nipsey Hussle)
OnHold,Lying & Loving (feat. Mothica),"Electric Mantis, MOTHICA",Lying & Loving (feat. Mothica)
OnHold,Leave It,"UZ, Rome Fortune",The Rebirth
OnHold,Contract (feat. Iamsu),"Good Times Ahead, Iamsu!",Good Times Ahead
OnHold,Pixel Wave,Electric Mantis,Braincase (Deluxe)
OnHold,The Hood,Dr. Fresch,The Hood
OnHold,Tank Girls feat. Zitaa - Original Mix,Apashe,Tank Girls
OnHold,Dies Irae feat. Black Prez,"Apashe, Black Prez",Requiem
OnHold,Casio Nova,Massappeals,Casio Nova - EP
OnHold,Without Me,Halsey,Without Me
OnHold,Don't Stop,Liquid Stranger,Don't Stop / Won't Stop
OnHold,Lucerne,Richy Mitch & The Coal Miners,RMCM
OnHold,Travelin',"Shwayze, Cisco Adler, MOD SUN",Travelin'
OnHold,Jimme's Song (Full Band Version),Emanuel and the Fear,Listen
OnHold,All the Debts I Owe,Caamp,Caamp
OnHold,One Ohana,"Spit Infinity, Jack Liss",One Ohana
OnHold,Frank,"Yoni & Geti, WHY?, Serengeti",Testarossa
OnHold,Bury Me Face Down,grandson,Bury Me Face Down
OnHold,Violence,The Unlikely Candidates,Bed of Liars
OnHold,Sweet Disaster,DREAMERS,This Album Does Not Exist
OnHold,hometown,cleopatrick,hometown
OnHold,Born Ready,Zayde Wølf,Born Ready
OnHold,"""99""",Barns Courtney,“99”
OnHold,The Sun Comes Up,Mako Road,The Sun Comes Up
OnHold,Hush,Magic City Hippies,Hush
OnHold,Far Alone (feat. E-40 & Jay Ant),"G-Eazy, E-40, Jay Anthony",These Things Happen
OnHold,Aqua Blue Honda,TYLERxCORDY,Aqua Blue Honda
OnHold,Early Hours,"TYLERxCORDY, BLYNE",Early Hours
OnHold,Hate Myself,TYLERxCORDY,It Rained a Lot This Summer
OnHold,FEAR.,Kendrick Lamar,DAMN.
OnHold,The Man With No Audience,Weerd Science,Red Light Juliet Broadcast 2: Steady Straight Lights / Sudden Dark Turns
OnHold,Water on the Moon,Aer,Water on the Moon
OnHold,Show Me,"Big Wild, Hundred Waters",Show Me
OnHold,Aftergold (feat. Tove Styrke),"Big Wild, Tove Styrke",Aftergold
OnHold,Young Man,"WELL$, Sylvan Esso",The Way I'm Living Makes My Mom Nervous
OnHold,Free At Last,"S-X, Childish Gambino",Free At Last
OnHold,Prizefight,"Mike Mictlan, Lazerbeak",Hand over Fist
OnHold,Redbone,Childish Gambino,"""Awaken, My Love!"""
OnHold,Sensitive,Brother Ali,Sensitive
OnHold,Morning Sex,Joey Purp,iiiDrops
OnHold,Petty,Seth Sentry,Petty
OnHold,Dead Albatross (feat. Chester Watson),"Psymun, Chester Watson",Heartsick
OnHold,Calcutta,"Abhi The Nomad, Foster Cazz",Where Are My Friends?
OnHold,Are You Kidding? (40s) (feat. Parrotfish),"Callaway Martin, Parrotfish",Are You Kidding? (40s) [feat. Parrotfish]
OnHold,Better on a Sunday,"STS, Khari Mateen",Better on a Sunday
OnHold,High in the Woods (feat. Vic Mensa),"Johan Lenox, VIC MENSA",High in the Woods (feat. Vic Mensa)
OnHold,Midnight Train To Memphis,Chris Stapleton,From A Room: Volume 2
OnHold,Mona Lisa (feat. Kendrick Lamar),"Lil Wayne, Kendrick Lamar",Tha Carter V
OnHold,Lucky You (feat. Joyner Lucas),"Eminem, Joyner Lucas",Kamikaze
OnHold,Wraith,"T.I., Yo Gotti",Wraith
OnHold,Uproar,"Lil Wayne, Swizz Beatz",Tha Carter V
OnHold,Im Glad Youre Doing Well,Cottonwood Firing Squad,Wyoming (And Other Songs to Kill Yourself To)
OnHold,Love Is a Bitch,Two Feet,Love Is a Bitch
OnHold,Love Game,"Eminem, Kendrick Lamar",The Marshall Mathers LP2 (Deluxe)
OnHold,Faulty by Design,Name UL,Faulty by Design
OnHold,superlit,"gnash, Imad Royal",superlit
OnHold,Sunflower,Rex Orange County,Sunflower
OnHold,Dogtown,The Fratellis,"Eyes Wide, Tongue Tied (Deluxe)"
OnHold,Too Much Wine,The Fratellis,"Eyes Wide, Tongue Tied (Deluxe)"
OnHold,Down the Road and Back... Again...,The Fratellis,"Eyes Wide, Tongue Tied (Deluxe)"
OnHold,Desperate Guy,The Fratellis,"Eyes Wide, Tongue Tied (Deluxe)"
OnHold,Slow,The Fratellis,"Eyes Wide, Tongue Tied (Deluxe)"
OnHold,Getting Surreal,The Fratellis,"Eyes Wide, Tongue Tied (Deluxe)"
OnHold,Kathleen,"Yung Gravy, Ugly God",Snow Cougar
OnHold,Daily Routine,Joey Bada$$,1999
OnHold,SWITCH IT UP | ZWITCH 1T UP,Denzel Curry,TA13OO
OnHold,Stay Right Here,"Saba, Xavier Omär, Mick Jenkins",Stay Right Here
OnHold,Puff Daddy,"JPEGMAFIA, Kenny Beats",Puff Daddy
OnHold,Just a Little,SunSquabi,Just a Little
OnHold,Alone With My Mind,Samson,Stars
OnHold,Shell City,The Zilzies,Shell City
OnHold,14400 Minutes,Connor Gilbert,Vol. 1
OnHold,Invisible Man,A-1,The Thurl Tape
OnHold,Cypher,LOOPRAT,Cypher
OnHold,Get It Right,K.Flay,Life as a Dog
OnHold,Kill Yourself (Part III),$uicideboy$,My Liver Will Handle What My Heart Can't
OnHold,Lakes.,Triple One,The Libertine.
OnHold,Mean Ass Drunk,Watsky,Mean Ass Drunk
OnHold,Hallelujah,LaDonnis,Hallelujah
OnHold,Over You,"Seeka, Flume",The Late Ambiance Mixtape
OnHold,Hey Mami,Sylvan Esso (Big Wild Remix),Hey Mami
OnHold,TROJAN HORSE,SEBASTIAN PAUL,TROJAN HORSE
OnHold,Black Boy Run,Lando Chill,The Boy Who Spoke to the Wind
OnHold,Leglock,Shakewell,Big Juice tha Sip
OnHold,Slick Talk,JID,DiCaprio 2
OnHold,151 Rum,JID,DiCaprio 2
OnHold,Tiiied (feat. 6LACK & Ella Mai),"JID, 6LACK, Ella Mai",DiCaprio 2
OnHold,Just Da Other Day,JID,DiCaprio 2
OnHold,Walls,"Madds, Taylor Bennett, Emilie Brandt",Walls
OnHold,Shake It,The Tazers,Shake It
OnHold,Partners,IRONTOM,Partners
OnHold,Freak Caroline,Sterling Fox,Freak Caroline
OnHold,Pineapple Crush,Guard,Pineapple Crush
OnHold,Cowards,Raleigh Ritchie,"You're a Man Now, Boy (Deluxe)"
OnHold,Hi-Beamin',The Bishops,Hi-Beamin'
OnHold,Ladder to the Sun,Saintseneca,Pillar of Na
OnHold,Good Morning,Ralph Castelli,Ralph Castelli
OnHold,Creatures,Glass House Point,Creatures
OnHold,Aquarius Apocalyptic,Stop Light Observations,TOOGOODOO
OnHold,Just This,Birdtalker,Just This
OnHold,I'm Your Wreck,Mt. Joy,Mt. Joy
OnHold,Prinsengracht,The Humble Cheaters,"That's Some Good Sky, 7.2"
OnHold,Pollution / Disclaimer,Ritt Momney,Pollution / Disclaimer
OnHold,Cardinal,Mt. Joy,Cardinal
OnHold,Butter OurVinyl Sessions,The Lonely Biscuits,OurVinyl Sessions | The Lonely Biscuits
OnHold,Otis,Houndmouth,Little Neon Limelight
OnHold,Paper News,Ritt Momney,Paper News
OnHold,Bad Things,Rayland Baxter,Ashkelon
OnHold,Endlessly,The Lonely Biscuits,The Universe in You
OnHold,For Elizabeth,Stop Light Observations,TOOGOODOO
OnHold,Piece of Mind 3,Witt Lowry,Dreaming With Our Eyes Open
OnHold,"Die For The Trap (feat. M.I.M.E, Blak Trash & Lox Chatterbox)","Skan, Azide, Blak Trash, Lox Chatterbox, M.I.M.E",Energy EP
OnHold,Age of Consent - 2015 Remaster,New Order,Power Corruption and Lies
OnHold,Never Meant,American Football,American Football
OnHold,Summer Reign,Coastal Cities,Summer Reign
OnHold,Peaks & Valleys,Dan Mangan,More Or Less
OnHold,Better Views,Yellow House,Better Views
OnHold,Bedroom,Litany,4 Track EP
OnHold,Pretty Woman,Lo Noom,Pretty Woman
OnHold,Forever,The Lonely Biscuits,The Universe in You
OnHold,Curse the Weather,Mo Lowda & the Humble,Curse the Weather
OnHold,Last Day of School (feat. Jimmy & the Threats),"Toussaint Morrison, Jimmy & the Threats",Lesser Restoration
OnHold,didya think,Arlie,Wait
OnHold,2young,Stop Light Observations,2young
OnHold,Lucy (feat. Felly),"Gyyps, Felly",Darryl: A Mixtape by Gyyps
OnHold,I Love California Like You,"Zion I, The Grouch, Eligh",I Love California Like You - Single
OnHold,Bad News,Katastro,Bad News
OnHold,Indeed,Troop Brand,Indeed
OnHold,Last Call (feat. Fembot),"Brevner, Fembot",Brevner [EP]
OnHold,Foxtrot,"Simon Jefferis, Natty Reeves, Abhi The Nomad",Foxtrot
OnHold,Pay the Man - Remix,"Foster The People, JID, Saba",Pay the Man (Remix)
OnHold,Grow Back,The Happy Fits,Concentrate
OnHold,Higher (feat. Chance the Rapper & Blue Hawaii) - Remix,"Brian Fresco, Just A Gent, Chance the Rapper, Blue Hawaii",Higher (feat. Chance the Rapper & Blue Hawaii) [Remix]
OnHold,Ain't No Sunshine - Lido Remix,"Bill Withers, Lido",Ain't No Sunshine (Lido Remix)
OnHold,Garden of the Gods,The Bright Light Social Hour,The Bright Light Social Hour
OnHold,Rose Of Sharon,Mumford & Sons,Delta
OnHold,Work Sucks Don't Tweak,"Netherfriends, Blake Rules, Soul Food Horns",Don't Tweak
OnHold,Coffins,Duncan Fellows,Both Sides of the Ceiling
OnHold,Where the Whitetails Go,Mo Lowda & the Humble,Curse the Weather
OnHold,Leviathan,Tropidelic,Heavy is the Head
OnHold,Window,Indigo Svn,Window
OnHold,Sunny Nights,LeRoyce,The Sunny Nights Project
OnHold,Another Miracle,Feed The Biirds,Another Miracle
OnHold,For E,Feed The Biirds,For E
OnHold,Lemon Haze,Apollo James,First Breath
OnHold,LA 97',The Geek x Vrv,Origami (Deluxe EP)
OnHold,Living in a Dream,KBong,Hopes and Dreams
OnHold,Packing Bags,BOOGIE T.RIO,Three For All EP
OnHold,No One Stops Us Now / Nobody Knows,Slightly Stoopid,"Everyday Life, Everyday People"
OnHold,Punisher,Slightly Stoopid,"Everyday Life, Everyday People"
OnHold,One More Night,Slightly Stoopid,"Everyday Life, Everyday People"
OnHold,Cocoa Hooves,Glass Animals,Leaflings
OnHold,Dust In Your Pocket,Glass Animals,Leaflings
OnHold,Just Visiting,Wookiefoot,Ready or Not...
OnHold,Neighborhood,The Holdup,Leaves in the Pool
OnHold,Curse + Crush,DISPATCH,"America, Location 12"
OnHold,Mona June (feat. Angela Hunte),"Slightly Stoopid, Angela",Top of the World
OnHold,Celebrate (feat. The Unlikely Candidates) [Alt Edit],"Dirty Heads, The Unlikely Candidates",SWIM TEAM
OnHold,Say it in Sin,The B Foundation,Trouble Standing
OnHold,Bae for the Night,William Bolton,Bae for the Night
OnHold,Be Gone,DISPATCH,"America, Location 12"
OnHold,Only the Wild Ones,DISPATCH,"America, Location 12"
OnHold,Painted Yellow Lines,DISPATCH,"America, Location 12"
OnHold,Skin the Rabbit,DISPATCH,"America, Location 12"
OnHold,Midnight Lorry,DISPATCH,"America, Location 12"
OnHold,Begin Again,DISPATCH,"America, Location 12"
OnHold,Rice Water,DISPATCH,"America, Location 12"
OnHold,Windylike,DISPATCH,"America, Location 12"
OnHold,Atticus Cobain,DISPATCH,"America, Location 12"
OnHold,Dmt and Whiskey,"Netherfriends, Yomi",808's & Harpbreak
OnHold,Breaking up My Bones,Vinyl Theatre,Electrogram
OnHold,Nina Cried Power (feat. Mavis Staples),"Hozier, Mavis Staples",Nina Cried Power - EP
OnHold,Norf Norf,Vince Staples,Summertime '06
OnHold,1000 Rounds,"Ghostemane, Pouya",1000 Rounds
OnHold,Decks Dark,Radiohead,A Moon Shaped Pool
OnHold,Dear love of mine,Daniel Spaleniak,Back Home
OnHold,Frankie's Gun!,The Felice Brothers,The Felice Brothers
OnHold,Smoking Outside,Susto,SUSTO
OnHold,Sacrifice,The Expendables,Gettin' Filthy
OnHold,Ocean,Cydeways,But It Ain't House Music
OnHold,Mlk,I.Am.Tru.Starr,Hair Like Basquiat.
OnHold,The Vine,Booty&theKidd,You&I
OnHold,Don't You Stay Gone,Dani Bell and the Tarantist,Dark West
OnHold,Poetic Justice,Double Lyrical,Poetic Justice
OnHold,Littles,Eligh,Last House on the Block
OnHold,It's Never Personal,Pheeno,Self Titled
OnHold,Altitude Check,The Bad Tenants,Altitude Check
OnHold,Conspiracy Theories w/ out Mel Gibson,Weerd Science,Friends And Nervous Breakdowns
OnHold,Red Light Juliet 2: A Whole Haunting,Weerd Science,Red Light Juliet Broadcast 2: Steady Straight Lights / Sudden Dark Turns
OnHold,Night Drive,Rob Simonsen,Nerve (Original Motion Picture Soundtrack)
OnHold,Hallucinogenics,Matt Maeson,Hallucinogenics
OnHold,Don't Be a Fuck Boy,"Netherfriends, Blake Rules",Don't Be a Fuck Boy
OnHold,Mile High,The Movement,Side By Side
OnHold,Call Me,Rob Simonsen,Viral (Original Score)
OnHold,Plenty,aeseaes,Six Songs
OnHold,Bloodlust,aeseaes,Six Songs
OnHold,Faded,Alan Walker,Faded
OnHold,No Notifications,"Mihka!, Kyoto Black",No Notifications
OnHold,I'm With You,JVNA,I'm With You
OnHold,Don't Waste My Time,The Palms,Don't Waste My Time
OnHold,"Austin, TX Blues","Netherfriends, Blake Rules",Blues Trap 2
OnHold,Disco Ballin' - Original Mix,Discotron,Disco Ballin'
OnHold,Toulouse - Original Mix,Nicky Romero,EDM All Stars
OnHold,Lost My Mind,"Dillon Francis, Alison Wonderland",Lost My Mind
OnHold,I Just Don't Know What To Do With Myself,The White Stripes,Fell in Love with a Girl
OnHold,Like A Bitch - Extended Mix,Zomboy,Neon Grave
OnHold,Spaceboss,"Liquid Stranger, Space Jesus",Weird & Wonderful
OnHold,Boomin,"Yung Gravy, bbno$",Boomin
OnHold,I'm Good,Snak The Ripper,I'm Good
OnHold,Tonight,"Kidswaste, Manila Killa",Tonight
OnHold,Phenomenon,"Just A Gent, Mitch Mulrooney",Stories to Tell
OnHold,Good Times Bad Times - 1993 Remaster,Led Zeppelin,Led Zeppelin
OnHold,Caviar Dreams,"Al Bairre, PHFAT",Caviar Dreams
OnHold,Give to Get,Stop Light Observations,TOOGOODOO
OnHold,Venom (feat. Shakewell),"$uicideboy$, Shakewell",Venom (feat. Shakewell)
OnHold,Tito's Grand Adventure,Private Island,Tito's Grand Adventure
OnHold,still feel.,half•alive,still feel.
OnHold,Letter for God,Abhi The Nomad,Marbled
OnHold,Mr. Clean,Yung Gravy,Snow Cougar
OnHold,Pizzazz,Yung Gravy,Pizzazz
OnHold,Rotisserie,"Yung Gravy, bbno$",Baby Gravy EP
OnHold,Gasoline (feat. Young King Dave),"Yung Gravy, bbno$, Young King Dave",Baby Gravy EP
OnHold,Whippin,"Yung Gravy, bbno$",Baby Gravy EP
OnHold,Pillow Fight (feat. vbnd),"Yung Gravy, vbnd",Pillow Fight (feat. vbnd)
OnHold,"Karen, Pt. 2",Yung Gravy,Thanksgiving's Eve
OnHold,Don't Tread on Me,Kai Straw,Toothpick
OnHold,Darkside Imperials,Toussaint Morrison,Edo
OnHold,Space (feat. Quinn XCII),"Prince Fox, Quinn XCII",Space (feat. Quinn XCII)
OnHold,Sleepy Eyes,"Elohim, Whethan",Elohim
OnHold,Temporary,Ella Vos,Temporary
OnHold,Mama Bling,Abhi The Nomad,Marbled
OnHold,Alone,Steven Moses,Love Me // Leave Me
OnHold,I Can't Eat,"Steven Moses, Jaxxon D. Silva",Love Me // Leave Me
OnHold,Hotboy,Steven Moses,Love Me // Leave Me
OnHold,Qualitestaholic,Steven Moses,Love Me // Leave Me
OnHold,Pain You Keep,"Steven Moses, diveliner",Love Me // Leave Me
OnHold,Leave Me,Steven Moses,Love Me // Leave Me
OnHold,Nosetalgia,"Pusha T, Kendrick Lamar",My Name Is My Name
OnHold,Hey Ma,"Cam'ron, Juelz Santana, Freekey Zeekey, Toya",Come Home With Me
OnHold,Corner Store (feat. Dave B & Travis Thompson),"Macklemore, Dave B., Travis Thompson",GEMINI
OnHold,My Beloved,mansionz,Mansionz
OnHold,Intentions (feat. Dan Caplen),"Macklemore, Dan Caplen",GEMINI
OnHold,Secret to Happiness (feat. Maggie Lou May),"Sam Lachow, Maggie Lou May",Play Pretend (feat. Maggie Lou May)
OnHold,The Life Of A Troubadour,"mansionz, Snoozegod",Mansionz
OnHold,Trust Fund,Aer,One of a Kind
OnHold,U Don't Know - Vincent Remix,"Alison Wonderland, Wayne Coyne, Vincent",Run (Deluxe Edition - Remixes)
OnHold,&burn,"Billie Eilish, Vince Staples",Alternative Sugar
OnHold,bury a friend,Billie Eilish,bury a friend
OnHold,Animal,Iron Eyes Cody,Goodness All Good Saints Have Died
OnHold,Torso,GROUPLOVE,Little Mess EP
OnHold,Beverly Blues,Opia,Beverly Blues
OnHold,Down And Out,"Cam'ron, Kanye West, Syleena Johnson",Purple Haze
OnHold,Light Work,Prof,Pookie Baby
OnHold,O.Y.B. (Oh Yeah Baby),The Good Husbands,Huz.
OnHold,Marbled,Abhi The Nomad,Marbled
OnHold,sublime,slenderbodies,sotto voce
OnHold,San Francisco,The Lonely Biscuits,The Universe in You
OnHold,A Million Miles,mansionz,Mansionz
OnHold,Dirty Imbecile,The Happy Fits,Awfully Apeelin'
OnHold,Chasing Tail (Madnap Remix),"Win and Woo, Madnap",Chasing Tail (Madnap Remix)
OnHold,Ain't My Fault,WebsterX,Ain't My Fault
OnHold,The Expert,Sure Sure,The Expert
OnHold,Just Wanna,Tate Tucker,Just Wanna
OnHold,Low,Tate Tucker,Low
OnHold,American Money - Virtu Remix,BØRNS,American Money (Virtu Remix)
OnHold,Onlysmokecigsontheweekend,"Walkabout, Chris Ryan",Onlysmokecigsontheweekend
OnHold,Vacation Home,Whitehall,Ocean Fiction
OnHold,Dull,Microwave,Much Love
OnHold,Growth,Brother Son,Young & Pretty
OnHold,2 / 14,The Band CAMINO,My Thoughts on You
OnHold,when the party's over,Billie Eilish,when the party's over
OnHold,Black Lingerie,"Walkabout, Tbreck",Black Lingerie
OnHold,Tiny Cities (feat. Beck),"Flume, Beck",Skin
OnHold,Cry,"Alison Wonderland, Buddy",Awake
OnHold,Sunshine,Danielle Durack,Bashful
OnHold,Strange Thangs,Lilo Key,Strange Thangs
OnHold,Until Then,Feed Me Jack,Chumpfrey
OnHold,Mary,The Happy Fits,Concentrate
OnHold,Running Away,"Taska Black, DROELOE, CUT_",Running Away
OnHold,Ready or Not (feat. Esthero),"Mischa ""Book"" Chillak, Esthero",Ready or Not (feat. Esthero)
OnHold,God Damnit (Hex Cougar Remix)(with Call Me Karizma),"ILLENIUM, Call Me Karizma, Hex Cougar",God Damnit (Hex Cougar Remix)(with Call Me Karizma)
OnHold,Back home feat. Katarzyna Kowalczyk,Daniel Spaleniak,Back Home
OnHold,All Saints,The Ninetys,All Saints
OnHold,Forget,The Tech Thieves,Forget
OnHold,Bad Dreams,"Alec King, Danrell",Bad Dreams
OnHold,Heart of a Dancer,The Happy Fits,Concentrate
OnHold,Relimerence,The Happy Fits,Concentrate
OnHold,Stranger Things,"Joyner Lucas, Chris Brown",Stranger Things
OnHold,Control,King Kendrick,King Kendrick Diss
OnHold,Every Every (Telykast Remix),"MOONZz, TELYKAST",Every Every (Telykast Remix)
OnHold,Want It All,Oxymorrons,Want It All
OnHold,Mistakes,Ceramic Animal,The Cart
OnHold,Brown Paper Bag,Yoshi Flower,Brown Paper Bag (Maxi)
OnHold,Bruce Wayne,"Memorecks, Jenna Pemkowski",Follow
OnHold,"Take It All Back, Pt. 1-4","Ceschi, Factor Chandelier","Take It All Back, Pt. 1-4"
OnHold,How You Been?,Harrison Fjord,Puspa in Space
OnHold,Bad Habits,"Louis Futon, NoMBe",Way Back When
OnHold,Jacked Up,Weezer,Weezer (White Album)
OnHold,Black Gold,Houndmouth,Little Neon Limelight
OnHold,You Might Be (feat. Lils) - GoldFish Remix,"Autograf, Lils, GoldFish",You Might Be (feat. Lils) [Remixes]
OnHold,untitled 08 | 09.06.2014.,Kendrick Lamar,untitled unmastered.
OnHold,Unfold,"Alina Baraz, Galimatias",Urban Flora
OnHold,Get Away,Jaxxtone,Get Away
OnHold,Please Go,Four Fists,MMMMMHMMMMM b/w Please Go
OnHold,Too Soon (feat. Maty Noyes),"Vanic, Maty Noyes",Too Soon (feat. Maty Noyes)
OnHold,Nobody’s Biz,"Four Fists, P.O.S, Astronautalis",6666
OnHold,1990 (Interlude),G Yamazawa,Shouts to Durham
OnHold,Fuck a Bomb,Hey Steve,Fuck a Bomb
OnHold,Ridin' With Me,"TORN, Max Wassen",Ridin' With Me
OnHold,PSA (Tripping),"Max Wassen, Elea",PSA (Tripping)
OnHold,Spongebob,Max Wassen,Spongebob
OnHold,Pull the Hood,The Fling,Mean Something
OnHold,Breezin,Del Playa,Breezin
OnHold,Ukulele and Chill,Del Playa,Ukulele and Chill
OnHold,Groove,TORN,Groove
OnHold,6666,"Four Fists, P.O.S, Astronautalis",6666
OnHold,All I Can Think About,Stop Light Observations,All I Can Think About
OnHold,Chains of Love,The Arcs,"Yours, Dreamily,"
OnHold,Zombie,Bad Pony,Zombie
OnHold,Animals Crying,Statues of Cats,Memorabilia
OnHold,Meanwhile Back in the City,The Presidents Of The United States Of America,Freaked Out And Small
OnHold,Ways,The Dream Masons,Ways
OnHold,Island In The Sun,Weezer,Weezer
OnHold,bad guy,Billie Eilish,"WHEN WE ALL FALL ASLEEP, WHERE DO WE GO?"
OnHold,xanny,Billie Eilish,"WHEN WE ALL FALL ASLEEP, WHERE DO WE GO?"
OnHold,all the good girls go to hell,Billie Eilish,"WHEN WE ALL FALL ASLEEP, WHERE DO WE GO?"
OnHold,8,Billie Eilish,"WHEN WE ALL FALL ASLEEP, WHERE DO WE GO?"
OnHold,my strange addiction,Billie Eilish,"WHEN WE ALL FALL ASLEEP, WHERE DO WE GO?"
OnHold,ilomilo,Billie Eilish,"WHEN WE ALL FALL ASLEEP, WHERE DO WE GO?"
OnHold,listen before i go,Billie Eilish,"WHEN WE ALL FALL ASLEEP, WHERE DO WE GO?"
OnHold,Headcase - Acoustic Version,Abhi The Nomad,Marbled (Acoustic)
OnHold,BLACK BALLOONS | 13LACK 13ALLOONZ [FEAT. TWELVE'LEN & GOLDLINK | TWELVE'LEN + GOLDL1NK],"Denzel Curry, Twelve'len, GoldLink",TA13OO
OnHold,CLOUT COBAIN | CLOUT CO13A1N,Denzel Curry,TA13OO
OnHold,Fire,Futuristic,Fire
OnHold,Younger Days,Mt. Joy,Mt. Joy
OnHold,Sheep,Mt. Joy,Sheep
OnHold,Do You Want Me?,Mipso,Dark Holler Pop
OnHold,Chrysalides,The Ghost of Paul Revere,Monarch
OnHold,Stay,RIZ LA VIE,Keep.
OnHold,Invincible,Deaf Kev,Invincible
OnHold,Raincoats,Derek Pope,Sunken City Redux
OnHold,"Me, Liquor & God (feat. Night Beds)","OnCue, Night Beds","Perfectly, Tragically, Flawed"
OnHold,Phone Light Up,COTIS,Phone Light Up
OnHold,Southern Comforting,Hotel Mira,Circulation
OnHold,Paradise Loft,Adhoc,Paradise Loft
OnHold,L.M.F.,Smino,NOIR
OnHold,Netflix & Dusse,Smino,blkswn
OnHold,KOVERT,Smino,NOIR
OnHold,Heard Em Say,Leikeli47,Leikeli47
OnHold,Wild Irish Roses,Smino,blkswn
OnHold,Anita,Smino,blkswn
OnHold,Lobby Kall,Smino,blkswn
OnHold,Edgar Allan Poe'd Up,"Smino, theMIND",blkswn
OnHold,B Role,Smino,blkswn
OnHold,blkswn,Smino,blkswn
OnHold,Innamission,Smino,blkswn
OnHold,KLINK,Smino,NOIR
OnHold,All of You,Harel,All of You
OnHold,Corduroy Dreams,Rex Orange County,Bcos U Will Never B Free
OnHold,Big Boss,Doctor P,Big Boss / Black Books
OnHold,"Spaceship II (feat. Chance The Rapper, GLC)","Alex Wiley, Chance the Rapper, GLC",Club Wiley
OnHold,youth,cleopatrick,youth
OnHold,bernard trigger,cleopatrick,bernard trigger
OnHold,sanjake,cleopatrick,sanjake
OnHold,the depths,cleopatrick,daphne did it / the depths
OnHold,Belly Button Blues,cleopatrick,"""14"" - EP"
OnHold,City Kids,cleopatrick,"""14"" - EP"
OnHold,Cuica,"Emancipator, 9 Theory",Cheeba Gold
OnHold,Bombilla,"Emancipator, 9 Theory",Cheeba Gold
OnHold,Adeline,The Dip,The Dip Delivers
OnHold,E-Pro,Beck,Guero
OnHold,Way down We Go,KALEO,A/B
OnHold,School Friends,"Now, Now",Threads
OnHold,Colony,"Now, Now",Threads
OnHold,Down to You,Bad Pony,Down to You
OnHold,Vertigo,Brian Marc,The Extraordinary Pleasure of Being Someone Else.
OnHold,Cocaine,Sleepwalkers,Greenwood Shade
OnHold,Smoke out the Window,Tribe Society,We Sell Drugs
OnHold,Maybe,"Rella, Conor Gardiner",Maybe
OnHold,Tell You What I Know,Matt Duncan,Free Music
OnHold,Oceans,Waxcat,Oceans
OnHold,Lazy and Stupid,Ibra,Ugly
OnHold,Nasty (feat. Jason Richardson),"Polyphia, Jason Richardson",New Levels New Devils
OnHold,O.D.,Polyphia,New Levels New Devils
OnHold,Death Note (feat. Ichika),"Polyphia, Ichika Nito",New Levels New Devils
OnHold,Bad,Polyphia,New Levels New Devils
OnHold,Drown (feat. Mateus Asato),"Polyphia, Mateus Asato",New Levels New Devils
OnHold,Saucy,Polyphia,New Levels New Devils
OnHold,Yas (feat. Mario Camarena and Erick Hansel),"Polyphia, Mario Camarena, Erick Hansel",New Levels New Devils
OnHold,So Strange (feat. Cuco),"Polyphia, Cuco",New Levels New Devils
OnHold,Rich Kids (feat. Yvette Young),"Polyphia, Yvette Young",New Levels New Devils
OnHold,G.O.A.T.,Polyphia,New Levels New Devils
OnHold,Olives,Dreamers Delight,Awake - EP
OnHold,My Friends and I,"GRiZ, ProbCause",Good Will Prevail
OnHold,Homebound,DROELOE,A Moment In Time
OnHold,King Killa,"Memorecks, Jenna Pemkowski",Follow
OnHold,Absolute Loser,Fruit Bats,Absolute Loser - Single
OnHold,Old Engine Oil,The Budos Band,The Budos Band V
OnHold,The Enchanter,The Budos Band,The Budos Band V
OnHold,"Spider Web, Pt. 1",The Budos Band,The Budos Band V
OnHold,Nucleus,aivi & surasshu,The Black Box
OnHold,Shapeshifter,aivi & surasshu,The Black Box
OnHold,Lonely Rolling Star,aivi & surasshu,The Black Box
OnHold,Diamond Dove,aivi & surasshu,The Black Box
OnHold,Here's How!,aivi & surasshu,The Black Box
OnHold,Mika,aivi & surasshu,The Black Box
OnHold,38,aivi & surasshu,The Black Box
OnHold,Distance,aivi & surasshu,The Black Box
OnHold,Pocket Universe,aivi & surasshu,The Black Box
OnHold,Exosphere,aivi & surasshu,The Black Box
OnHold,Friends,cleopatrick,"""14"" - EP"
OnHold,Norupo,Heilung,Norupo
OnHold,kawaii魔法を,Mikazuki BIGWAVE,彼女は魔法少女
OnHold,Nekomimi Girlは今日もパーティ,Mikazuki BIGWAVE,彼女は魔法少女
OnHold,ハートのGROOVE,Mikazuki BIGWAVE,彼女は魔法少女
OnHold,For Elise,Saint Motel,saintmotelevision
OnHold,french inhale,[bsd.u],Lighter
OnHold,memories of you,[bsd.u],Lighter
OnHold,Bebop,[bsd.u],A Sad Kind of Bliss
OnHold,pook,[bsd.u],pook
OnHold,lemon haze,"[bsd.u], GRIMM Doza","late night bumps, Vol. 4"
OnHold,Soundbwoy,"L'Entourloop, Troy Berkley, The Architect",Soundbwoy
OnHold,Yamí Obi,Vitalism,SY
OnHold,Miss U (Jai Wolf Remix),kitty ray,Frostbite: Remixes
OnHold,Emob0unce,kitty ray,Impatiens
OnHold,Counting All the Starfish,kitty ray,Rose Gold
OnHold,Targets & Digits,"Wilma Vritra, Wilma Archer, VRITRA",Burd
OnHold,The Hill,"Wilma Vritra, Wilma Archer, VRITRA",Burd
OnHold,no name,"Noname, Yaw, Adam Ness",Room 25
OnHold,Ace,"Noname, Smino, Saba",Room 25
OnHold,Song 32,Noname,Song 32
OnHold,Blankets,Aso,Home
OnHold,Dermatillomania,Laura Stevenson,The Big Freeze
OnHold,Moreland Ave Blues,Daily Bread,Big Beat Ignition: Denver
OnHold,CAROUSEL,Aries,CAROUSEL
OnHold,Citi Bike,Lido,EVERYTHING
OnHold,Hope (feat. Winona Oak) - Parker Remix,"The Chainsmokers, Winona Oak, Parker",Hope - Remixes (feat. Winona Oak)
OnHold,Venom,Little Simz,GREY Area
OnHold,Twice,Little Dragon,Little Dragon
OnHold,Boss,Little Simz,GREY Area
OnHold,Therapy,Little Simz,GREY Area
OnHold,High Beams,"Flume, HWLS, slowthai",Hi This Is Flume (Mixtape)
OnHold,Jewel,Flume,Hi This Is Flume (Mixtape)
OnHold,╜φ°⌂▌╫§╜φ°⌂▌╫§╜φ°⌂▌╫§╜φ°⌂▌╫§╜φ°⌂▌╫§╜φ°⌂▌╫§╜φ°⌂▌╫§╜φ°⌂▌╫§╜φ°⌂▌╫§╜φ°⌂▌╫§╜φ°⌂▌╫§╜φ°⌂▌╫§╜φ°⌂▌╫§╜φ°⌂▌╫§╜φ°⌂▌╫§╜φ°⌂▌╫§╜φ°⌂▌╫§╜φ°⌂▌,Flume,Hi This Is Flume (Mixtape)
OnHold,Dreamtime,Flume,Hi This Is Flume (Mixtape)
OnHold,Is It Cold In The Water? - Flume & Eprom Remix,"Flume, SOPHIE, Eprom",Hi This Is Flume (Mixtape)
OnHold,Wormhole,Flume,Hi This Is Flume (Mixtape)
OnHold,Voices,"Flume, SOPHIE, KUČKA",Hi This Is Flume (Mixtape)
OnHold,MUD,Flume,Hi This Is Flume (Mixtape)
OnHold,Upgrade,Flume,Hi This Is Flume (Mixtape)
OnHold,Amber,Flume,Hi This Is Flume (Mixtape)
OnHold,Spring,"Flume, Eprom",Hi This Is Flume (Mixtape)
OnHold,"Born of Blood, Risen From Ash",Varien,"Born of Blood, Risen From Ash"
OnHold,Back When We Were Kings,Moose Memories,Here Comes the Moose
OnHold,Rock N' Roll Mountain Troll,Miniature Tigers,F O R T R E S S
OnHold,Switching Off,SN0WCRASH,U V. Captcha
OnHold,Gold Watch (feat. James Lindsey),"House Ghost, James Lindsey",Handshakes
OnHold,Don't Harsh My Mellow,Kids These Days,Traphouse Cuts
OnHold,Humble,"Scary Pockets, Mia Dyson",Scary Pockets
OnHold,Kemosabe,"Kellz, The Truth Experiment",Kemosabe
OnHold,Morphine,The Ninjas,Morphine
OnHold,Vanilla,flipturn,Heavy Colors
OnHold,Let The Boy Live,Mouthe,NUVO
OnHold,Makeba,Jain,Zanaka
OnHold,Sunshine,Atmosphere,Sad Clown Bad Summer Number 9
OnHold,No Place,RÜFÜS DU SOL,SOLACE
OnHold,Get To Know (feat. Winston Surfshirt),"Cosmo's Midnight, Winston Surfshirt",What Comes Next
OnHold,Good Luck With Your Life,Spose,Good Luck With Your Life
OnHold,Victims,Landon Cube,Victims
OnHold,Pound Cake / Paris Morton Music 2,"Drake, JAŸ-Z",Nothing Was The Same (Deluxe)
OnHold,House Of Glass,Cage The Elephant,Social Cues
OnHold,Clock On The Wall,Daily Bread,Clock On The Wall
OnHold,Sweetest Kill,Broken Social Scene,Forgiveness Rock Record
OnHold,Sweet,Cigarettes After Sex,Cigarettes After Sex
OnHold,Pretty Little Fears (feat. J. Cole),"6LACK, J. Cole",East Atlanta Love Letter
OnHold,Sweet Jane,Cowboy Junkies,Best Of Cowboy Junkies
OnHold,K.,Cigarettes After Sex,Cigarettes After Sex
OnHold,Apocalypse,Cigarettes After Sex,Cigarettes After Sex
OnHold,Skin,WebsterX,Daymares
OnHold,So Tied Up - Stint Remix,"Cold War Kids, Bishop Briggs, Stint",SO SO SO SO Tied Up
OnHold,Longshot,Catfish and the Bottlemen,The Balance
OnHold,Dead Roads,Ready the Prince,Note to Self - EP
OnHold,Shine,Collective Soul,"Hints, Allegations & Things Left Unsaid"
OnHold,Gimme Shelter,The Rolling Stones,Let It Bleed
OnHold,Beast Of Burden - Remastered 1994,The Rolling Stones,Some Girls
OnHold,Cuz I Love You,Lizzo,Cuz I Love You (Deluxe)
OnHold,Juice,Lizzo,Cuz I Love You (Deluxe)
OnHold,Soulmate,Lizzo,Cuz I Love You (Deluxe)
OnHold,Tempo (feat. Missy Elliott),"Lizzo, Missy Elliott",Cuz I Love You (Deluxe)
OnHold,Truth Hurts,Lizzo,Cuz I Love You (Deluxe)
OnHold,Water Me,Lizzo,Cuz I Love You (Deluxe)
OnHold,Morbid Stuff,PUP,Morbid Stuff
OnHold,Free at Last,PUP,Morbid Stuff
OnHold,Closure,PUP,Morbid Stuff
OnHold,City,PUP,Morbid Stuff
OnHold,Not Sure,Lil West,Vex Part 1
OnHold,Oh Susanna,The Mulligan Brothers,The Mulligan Brothers
OnHold,That's The Way - Live 1972; Remaster,Led Zeppelin,How the West Was Won (Remaster)
OnHold,Man Of The Year,ScHoolboy Q,Oxymoron (Deluxe)
OnHold,Studio,"ScHoolboy Q, BJ The Chicago Kid",Oxymoron (Deluxe)
OnHold,Holy Mind,Hippie Sabotage,Holy Mind
OnHold,Delete Delete (feat. Run the Jewels & Cristin Milioti),"BOOTS, Run The Jewels, Cristin Milioti",#DARKDAZE
OnHold,Lose Yourself to Dance (feat. Pharrell Williams),"Daft Punk, Pharrell Williams",Random Access Memories
OnHold,O.N.E.,Yeasayer,Odd Blood
OnHold,Knockout,"Chukwudi Hodge, Watsky",Great / Enough
OnHold,Champion,"Grand Tapestry, The Grouch, Eamon",Grand Tapestry
OnHold,Dependant on Mary,Psychedelic Porn Crumpets,"High Visceral, Pt. 2"
OnHold,Broken,Gorillaz,Plastic Beach
OnHold,Your Woman,White Town,Women In Technology
OnHold,Lo/Hi,The Black Keys,Lo/Hi
OnHold,Lil Bit,Futuristic,Lil Bit
OnHold,Denmark / Van Gogh & Gone,Psychedelic Porn Crumpets,"High Visceral, Pt. 1"
OnHold,King Kunta,Kendrick Lamar,To Pimp A Butterfly
OnHold,Pool Day OurVinyl Sessions,The Lonely Biscuits,OurVinyl Sessions | The Lonely Biscuits
OnHold,Say My Name (feat. Zyra),"ODESZA, Zyra",Say My Name (feat. Zyra)
OnHold,Source,Fever the Ghost,Crab in Honey
OnHold,Dreamsters,Tipper,Forward Escape
OnHold,Dips,Daisy the Great,I'm Not Getting Any Taller
OnHold,Stay in My Corner,The Arcs,"Yours, Dreamily,"
OnHold,Jah Werx,Susto,& I'm Fine Today
OnHold,Homeboy,Susto,Ever Since I Lost My Mind
OnHold,Dream Girl,Susto,SUSTO
OnHold,County Line,Susto,SUSTO
OnHold,Bambina,Vampire Weekend,Father of the Bride
OnHold,This Life,Vampire Weekend,Father of the Bride
OnHold,Rich Man,Vampire Weekend,Father of the Bride
OnHold,Sympathy,Vampire Weekend,Father of the Bride
OnHold,Sunflower (feat. Steve Lacy),"Vampire Weekend, Steve Lacy",Father of the Bride
OnHold,Flower Moon (feat. Steve Lacy),"Vampire Weekend, Steve Lacy",Father of the Bride
OnHold,Look@Ugo,Mosie,Tangerine
OnHold,Shine On,Kristoff Krane,"Kairos, Pt. 1"
OnHold,LUST DRUNK,SEBASTIAN PAUL,TROJAN HORSE
OnHold,Cheers,Tha Ynoe,Tapebaby
OnHold,Overthinker,INZO,Overthinker
OnHold,Shake Something (feat. Joey Purp),"Louis The Child, Joey Purp",Shake Something (feat. Joey Purp)
OnHold,Fuck Your Money,Elohim,Elohim
OnHold,Highway Tune,Greta Van Fleet,From The Fires
OnHold,Black Smoke Rising,Greta Van Fleet,From The Fires
OnHold,Safari Song,Greta Van Fleet,From The Fires
OnHold,You're The One,Greta Van Fleet,Anthem Of The Peaceful Army
OnHold,Five Hours,Deorro,Five Hours
OnHold,Broken Bones,KALEO,A/B
OnHold,Grab as Much (as you can),The Black Angels,Death Song
OnHold,Wordless Chorus,My Morning Jacket,Z
OnHold,Bombshell,Beans & Fatback,Heroine Lovestruck
OnHold,Use Me,Beans & Fatback,With Skin Attached
OnHold,Shalala,Moses Gunn Collective,Mercy Mountain
OnHold,Regular Pussy,Favored Nations,The Great Unknown
OnHold,Brand New Kind Of Blue,Gold Motel,Gold Motel
OnHold,Sunder,Hibou,Hibou
OnHold,Don't Sing,"Data, Benny Sings",Don't Sing
OnHold,Out of the Black,Royal Blood,Royal Blood
OnHold,The King and the Bull,Darren Korb,The King and the Bull
OnHold,Mine,Cottonwood Firing Squad,Mine
OnHold,Shane's Song,Houndmouth,"California Voodoo, Pt. II"
OnHold,Talk of the Town,Houndmouth,"California Voodoo, Pt. II"
OnHold,Cornerstore (feat. Saba & the Mind),"Joey Purp, Saba, The Mind",iiiDrops
OnHold,The Wave,"Commonminds, Myles Cameron",The Wave
OnHold,E.T.,"Yung Gravy, LIL MAYO",Sensational
OnHold,Bara Du,Kasbo,Places We Don't Know
OnHold,Playa Grande,"SOFI TUKKER, Bomba Estéreo",Playa Grande
OnHold,Batshit,SOFI TUKKER,Batshit
OnHold,Brazilian Soul (feat. Sofi Tukker),"The Knocks, SOFI TUKKER",New York Narcotic
OnHold,Jet Set Groove #4,Hideki Naganuma,Jet Set Radio Future SEGA Original Tracks
OnHold,Easy To Get,Hot Chip,Why Make Sense? (Definitive Version)
OnHold,New Hollywood,Duke Evers,Dreams and Desires That Are Common to Youth
OnHold,Dream Haus,Duke Evers,Dreams and Desires That Are Common to Youth
OnHold,Passin Through,Jack and the Other,Circles
OnHold,Don't Forget the Drugs,"Harlo, Uknoswayze",Don't Forget the Drugs
OnHold,Circles,Jack and the Other,Circles
OnHold,Found You,"Kasbo, Chelsea Cutler",Found You
OnHold,Places We Don't Know,Kasbo,Places We Don't Know
OnHold,Idle Hands,Stop Light Observations,TOOGOODOO
OnHold,16 Years' Dream,Stop Light Observations,Radiation
OnHold,Bully For You,Hotel Mira,Divorce
OnHold,Outta My Mind,"Des Rocs, The Cobra",Outta My Mind
OnHold,Circadian Rhythms (Dusk),Stop Light Observations,Radiation
OnHold,When You Were Old (El Dorado),Scott Hirsch,Lost Time Behind the Moon
OnHold,Long Lost Time,Scott Hirsch,Lost Time Behind the Moon
OnHold,Nothing but Time,Scott Hirsch,Lost Time Behind the Moon
OnHold,Rose's Song,Scott Hirsch,Lost Time Behind the Moon
OnHold,A Pair of Nines,Scott Hirsch,Lost Time Behind the Moon
OnHold,Spirits,Scott Hirsch,Lost Time Behind the Moon
OnHold,No No,Scott Hirsch,Lost Time Behind the Moon
OnHold,Valley of the Moon,Scott Hirsch,Lost Time Behind the Moon
OnHold,Pink Moment,Scott Hirsch,Lost Time Behind the Moon
OnHold,Esther Reed,James Supercave,Esther Reed
OnHold,Homesick,"Psymbionic, ProbCause",Carbon Based Lifeform
OnHold,Games,Vivian,Firebender
OnHold,Impro,Julian Convex,"The Jazz Hop Conspiracy, Vol. 1"
OnHold,Shaush,Biskwiq,Buttermilk - EP
OnHold,Indigo,Deaf Poets,Lost in Magic City
OnHold,Beach House,Besphrenz,Beach Haven
OnHold,Okaylove,TADGH,Okaylove
OnHold,Peach,Allan Rayman,Harry Hard-On
OnHold,Caress Me Down,Sublime,Sublime
OnHold,We Will Not Make It (Not Without You),Twin Peaks,Sweet '17 Singles
OnHold,Hasta Luego,JID,Hasta Luego
OnHold,ZUU,Denzel Curry,ZUU
OnHold,RICKY,Denzel Curry,ZUU
OnHold,WISH FEAT. KIDDO MARV,"Denzel Curry, Kiddo Marv",ZUU
OnHold,SPEEDBOAT,Denzel Curry,ZUU
OnHold,YOO,Denzel Curry,ZUU
OnHold,BLACKLAND 66.6,Denzel Curry,ZUU
OnHold,TABOO | TA13OO,Denzel Curry,TA13OO
OnHold,THE BLACKEST BALLOON | THE 13LACKEZT 13ALLOON,Denzel Curry,TA13OO
OnHold,Daydream,Stop Light Observations,Radiation
OnHold,Smilers of the Night,Stop Light Observations,Radiation
OnHold,Hassie Holmes and How it All Began,Stop Light Observations,Radiation
OnHold,Purple People,Stop Light Observations,Radiation
OnHold,The Kids Can't Sleep,Stop Light Observations,Radiation
OnHold,Bright Blue Whales,Stop Light Observations,Radiation
OnHold,Break Them Bad Boys Down,Stop Light Observations,Radiation
OnHold,money machine,"100 gecs, Dylan Brady, Laura Les",1000 gecs
OnHold,stupid horse,"100 gecs, Dylan Brady, Laura Les",1000 gecs
OnHold,ringtone,"100 gecs, Dylan Brady, Laura Les",1000 gecs
OnHold,745 sticky,"100 gecs, Dylan Brady, Laura Les",1000 gecs
OnHold,hand crushed by a mallet,"100 gecs, Dylan Brady, Laura Les",1000 gecs
OnHold,Gutter,"nothing,nowhere.",Who Are You?
OnHold,Hyperbolic 2,BUSDRIVER,Thumbs
OnHold,Eleven:11,Pell,Floating While Dreaming
OnHold,Live Well,Palace,So Long Forever
OnHold,Heart-Shaped Box,"Imad Royal, Mark Johns",Heart-Shaped Box
OnHold,I Don't Know,um..,I Don't Know
OnHold,Oh,Sad Meal,Oh
OnHold,Goose,Polyphia,The Most Hated
OnHold,big fat mouth,Arlie,Wait
OnHold,Play This Game,Grabbitz,Things Change
OnHold,Ragged Child,Chrome Pony,Ragged Child
OnHold,Threes,Papadosio,Pattern Integrities
OnHold,Never Swim Alone,Death From Above 1979,Outrage! Is Now
OnHold,Lowest Dive,Monotonix,Body Language
OnHold,I Feel Good,Ehrling,I Feel Good
OnHold,Serpent of Old (feat. Ciscandra Nostalgia),"Seven Lions, Ciscandra Nostalgia",Serpent Of Old (feat. Ciscandra Nostalghia)
OnHold,Lynguistics [Deluxe Edition],CunninLynguists,Will Rap for Food [Deluxe Edition]
OnHold,LITE SPOTS,KAYTRANADA,99.9%
OnHold,Honey Leak,Little Bird,Familiar
OnHold,Mind A Racin',BOOGIE T.RIO,Three For All
OnHold,Preying Mantra,Secondhand Sound,Preying Mantra
OnHold,Knockin',Night Spins,Night Spins
OnHold,Imaginary Places,BUSDRIVER,Temporary Forever
OnHold,Word Of Mouth,Allan Rayman,Word Of Mouth
OnHold,Every Little Thing,The Black Keys,"""Let's Rock"""
OnHold,Overrated,Esseks,Bad Cartoons
OnHold,Step Down (feat. CRNKN) - CRNKN Remix,"Elliphant, CRNKN",Step Down (Remixes)
OnHold,Pink Skies (Demo),Wiley from Atlanta,demo 001
OnHold,Are You Dumm?,"Flmmboiint Frdii, Spark Master Tape",Are You Dumm?
OnHold,Lucy,Bryce Fox,Heaven on Hold
OnHold,Habit,Still Woozy,Habit
OnHold,Summer Fling,The Floozies,Funk Jesus
OnHold,Supply and Demand,Mike Pinto,Hotel Rendezvous
OnHold,The Wave,"Akira The Don, Jordan Peterson",JBPWAVE: Genesis
OnHold,Catch You,Kill Paris,To A New Earth EP
OnHold,Abyss,Notaker,"We Are Friends, Vol. 6"
OnHold,The Fall,Dabin,Two Hearts
OnHold,From Fire,Perta,From Fire
OnHold,Trouble,"Feed Me, KANEHOLLER",Feed Me's Family Reunion
OnHold,Infinite,Notaker,Infinite
OnHold,Like That,"NGHTMRE, Big Gigantic",Like That
OnHold,Clear,"No Mana, Zashanell",Above the Blue
OnHold,Call It Stormy Monday,"Albert King, Stevie Ray Vaughan",In Session
OnHold,"Swivel (with EARTHGANG) - From The Album ""Mirrorland""","Dreamville, EARTHGANG",Revenge Of The Dreamers III
OnHold,"1993 (with J. Cole, JID, Cozz & EARTHGANG feat. Smino & Buddy)","Dreamville, J. Cole, JID, Cozz, EARTHGANG, Smino, Buddy",Revenge Of The Dreamers III
OnHold,Photograph,Kai Wachi,DEMIGOD
OnHold,Send the Pain Below,Chevelle,Wonder What's Next (Expanded Edition)
OnHold,Kinko,TeZATalks,Kinko
OnHold,Gas Up,TeZATalks,Gas Up
OnHold,Tears,"Josh Sallee, K.A.A.N.",Tears
OnHold,Fumes,Josh Sallee,Fumes
OnHold,Grim,Josh Sallee,Grim
OnHold,4th Season,TeZATalks,4th Season
OnHold,What It Dew,Grieves,Running Wild
OnHold,Sometimes,Ghostland Observatory,See You Later Simulator
OnHold,"Rise Above, Get Loud",STS9,"Rise Above, Get Loud"
OnHold,Machines Can Be Our Friends,Champagne Drip,Of Course I Still Love You
OnHold,Check Please,Trash Panda,Off (EP)
OnHold,Confide In Me (triple j Like A Version),Tame Impala,Confide In Me (triple j Like A Version)
OnHold,On Call,White Cliffs,Heart Start / On Call
OnHold,coyote,Stop Light Observations,Vol. I
OnHold,Hollywood Horror,Dropout,Hollywood Horror
OnHold,Changing Colors,Ramesh and Emeen,Changing Colors
OnHold,Neck And Neck - DNMO Remix,"Zeds Dead, Dragonette, DNMO",Northern Lights (Remixes)
OnHold,What It Is,Zoogma,What It Is
OnHold,ETERNAL NOW,"LSDREAM, Champagne Drip",RENEGADES OF LIGHT
OnHold,Oni,Champagne Drip,Of Course I Still Love You
OnHold,Winnebago,"Okey Dokey, Liz Cooper",Winnebago
OnHold,Give A Fuck,TeZATalks,Apart To Chaos
OnHold,Panic Attack,TeZATalks,Apart To Chaos
OnHold,Brains Out,TeZATalks,Apart To Chaos
OnHold,The Search,NF,The Search
OnHold,I Miss The Days,NF,The Search
OnHold,When I Grow Up,NF,The Search
OnHold,Only,"NF, Sasha Alex Sloan",The Search
OnHold,Options,NF,The Search
OnHold,blood to gold,slenderbodies,fabulist: extended
OnHold,Stay Hollow (with mossy.),"Ekali, mossy.",Crystal Eyes
OnHold,Stuck On You,Fruition,Watching It All Fall Apart
OnHold,Pink Chateau,In The Valley Below,The Pink Chateau
OnHold,Get Got,Death Grips,The Money Store
OnHold,Wolf Pack,Pigeon Hole,Chimp Blood
OnHold,Strings Attached,Opia,Strings Attached
OnHold,Falling,Opia,Falling
OnHold,Hold Up,The Kaleidoscope Kid,Hold Up
OnHold,Floating Up The Stairs,Dot Hacker,How's Your Process? (Work)
OnHold,Jackwise,lespecial,Cheen
OnHold,Plume,Caravan Palace,Plume
OnHold,About You (feat. Charles X),"Caravan Palace, Charles X",About You
OnHold,anemone,slenderbodies,fabulist
OnHold,opal ocean,slenderbodies,fabulist
OnHold,little islands,slenderbodies,fabulist
OnHold,Kaleidoscope (Feat. Crystalline),"Champagne Drip, Crystalline",Starman
OnHold,Satellite (Feat. Len X),"Champagne Drip, Len X",Starman
OnHold,Lydia,Highly Suspect,Mister Asylum
OnHold,Kids,"Thutmose, NoMBe",Run Wild - EP
OnHold,Killer Bee,"Beats Antique, Lafa Taylor",Shadowbox
OnHold,Origami,Totemo,Everything Happens Only Once
OnHold,Love / Drugs,Strange Familia,Strange Familia
OnHold,Dread,Zion I,The Sun Moon And Stars - EP
OnHold,Nerf This,Champagne Drip,Obelisk
OnHold,Miracle,Caravan Palace,Chronologic
OnHold,Never Swim Alone,Death From Above 1979,Outrage! Is Now
OnHold,Handmade Ego,TENDER,Fear of Falling Asleep
OnHold,Fear of Falling Asleep,TENDER,Fear of Falling Asleep
OnHold,A B Y S S,"1788-L, TYNAN",A B Y S S
OnHold,Cyberspace,1788-L,Cyberspace
OnHold,Multiverse,"1788-L, 4AM",Multiverse
OnHold,Complainer,Cold War Kids,Complainer (Strings & Keys)
OnHold,Bambi,Hippo Campus,Bambi
OnHold,Why Even Try,Hippo Campus,Bambi
OnHold,Beginners,Sjowgren,Beginners
OnHold,Habit - Blood Cultures Remix,"Cool Company, Blood Cultures",Slice of Paradise (The Remixes EP)
OnHold,Double Vision,"LUZCID, Champagne Drip",Double Vision
OnHold,Music Is The Drug,"Bassnectar, LUZCID",Unlimited
OnHold,Sing Me to Sleep - Luxage Remix,"LUZCID, Luxage",Sing Me to Sleep (Remixes)
OnHold,Paper Mâché Houses,The Weeks,Two Moons
OnHold,Girls Like You,The Weeks,Two Moons
OnHold,The Anteater,Qumu,The Anteater
OnHold,U Are In My System,"Barclay Crenshaw, The Cool Kids",Barclay Crenshaw
OnHold,Pompelmo,Chong the Nomad,Pompelmo
OnHold,Where We Go,Taska Black,Where We Go
OnHold,Ferry Song,Twin Peaks,Lookout Low
OnHold,Under a Smile,Twin Peaks,Lookout Low
OnHold,Oh Mama,Twin Peaks,Lookout Low
OnHold,Between The Words (with Matt Maeson),"Devault, Matt Maeson",Stay
OnHold,When The Truth Is...,Hamilton Leithauser + Rostam,I Had A Dream That You Were Mine
OnHold,Sun,Cake,Sun
OnHold,Confess,Jack River,Sugar Mountain
OnHold,System Bleed,"The Glitch Mob, LICK",System Bleed
OnHold,Crawl Outta Love (The Glitch Mob Remix),"ILLENIUM, The Glitch Mob, Annika Wells",Crawl Outta Love (The Glitch Mob Remix)
OnHold,All Shook Up,Nick Lutsko,Etc.
OnHold,Sugar High,Tate Tucker,Shangri LA
OnHold,Blkoscars,"Smino, Jay2",blkswn
OnHold,Fade Away,Blahsum,Moontape III
OnHold,I Don't Feel the Same,Blahsum,Moontape III
OnHold,Year of the Dog,Blahsum,Moontape IV
OnHold,IRL,Killer Bee,Otaku
OnHold,Firelight,Hundred Waters,Communicating
OnHold,Your Eyes,Neovaii,Onward
OnHold,All These Things That I've Done,The Killers,Hot Fuss
OnHold,More,Electric Guest,KIN
OnHold,Crash,Neovaii,Onward
OnHold,Come Home,The Undercover Dream Lovers,Come Home
OnHold,Everglade March,Of The Trees,Harvest
OnHold,Net,TeZATalks,Net
OnHold,I'll Take Another,The Main Squeeze,The Main Squeeze
OnHold,HËÂT RŌČK.,Tobe Nwigwe,THE ORIGINALS.
OnHold,See You Again,"Michal Menert, The Pretty Fantastics",See You Again
OnHold,Smacked,Your Neighbors,Smacked
OnHold,Fabrics,Felly,Waking up to Sirens
OnHold,Temporary,Your Neighbors,Temporary
OnHold,Bodega,Your Neighbors,Bodega
OnHold,Ezra,Flume,Flume: Deluxe Edition
OnHold,I Don't Know You,The Marías,I Don't Know You
OnHold,Miami,Parrotfish,Miami
OnHold,Right Side (Feat. Doja Cat),"L8LOOMER, Doja Cat",Right Side (Feat. Doja Cat)
OnHold,Speeding Fast,dapurr,1
OnHold,Guitar Beat,Prelow,Guitar Beat
OnHold,Fast Talk,"Dawn Golden, Houses",Drugstore Heaven
OnHold,Fast Talk - Still Woozy Remix,"Houses, Still Woozy",Drugstore Heaven (Remixes)
OnHold,Modern Chemistry,"Okey Dokey, Liz Cooper",Tell All Your Friend
OnHold,Come Down,Anderson .Paak,Malibu
OnHold,Make It Better (feat. Smokey Robinson),"Anderson .Paak, Smokey Robinson",Ventura
OnHold,Jet Black (feat. Brandy),"Anderson .Paak, Brandy",Ventura
OnHold,Then There Were Two,"Mark Ronson, Anderson .Paak, Spies in Disguise",Then There Were Two
OnHold,Trippy (feat. J. Cole),"Anderson .Paak, J. Cole",Oxnard
OnHold,Tints (feat. Kendrick Lamar),"Anderson .Paak, Kendrick Lamar",Oxnard
OnHold,Come Home (feat. André 3000),"Anderson .Paak, André 3000",Ventura
OnHold,"Anywhere (feat. Snoop Dogg & The Last Artful, Dodgr)","Anderson .Paak, Snoop Dogg, The Last Artful, Dodgr",Oxnard
OnHold,where r u,Kill Paris,where r u
OnHold,Talk About The Blues,The Jon Spencer Blues Explosion,Dirty Shirt Rock 'N' Roll: The First Ten Years
OnHold,Big Time - X Games Theme,Louis The Child,Big Time (X Games Theme)
OnHold,Answer,Phantogram,Three
OnHold,Purgatory,Getter,Visceral
OnHold,Numb,"Getter, Allan Kingdom",Visceral
OnHold,Part of Me,"Getter, AudioOpera",Visceral
OnHold,All Is Lost,"Getter, nothing,nowhere.",Visceral
OnHold,Best of Me,"Getter, Sweetsound ",Visceral
OnHold,Release,"Getter, Midoca",Visceral
OnHold,Colorblind (Interlude),Getter,Visceral
OnHold,Made for You (Alone Again),Getter,Visceral
OnHold,Bleed,"Getter, Name UL",Visceral
OnHold,Hold on Tight,"Getter, NJOMZA",Visceral
OnHold,Solo,"Getter, Party Nails",Visceral
OnHold,On My Way Out,"Getter, Joji",Visceral
OnHold,In A Spiral,Phantogram,In A Spiral
OnHold,Agua Verde,Strawberry Girls,French Ghetto
OnHold,French Ghetto,Strawberry Girls,French Ghetto
OnHold,Feather (feat. Cise Starr & Akin from CYNE),"Nujabes, Cise Starr & Akin from CYNE",Modal Soul
OnHold,ordinary joe (feat. Terry Callier),"Nujabes, Terry Callier",Modal Soul
OnHold,reflection eternal,Nujabes,Modal Soul
OnHold,Luv(sic.) pt3 (feat. Shing02),"Nujabes, Shing02",Modal Soul
OnHold,Music is mine,Nujabes,Modal Soul
OnHold,Eclipse (feat. Substantial),"Nujabes, Substantial",Modal Soul
OnHold,The Sign (feat. Pase Rock),"Nujabes, Pase Rock",Modal Soul
OnHold,Thank you (feat. Apani B),"Nujabes, Apani B",Modal Soul
OnHold,World's end Rhapsody,Nujabes,Modal Soul
OnHold,Modal Soul (feat. Uyama Hiroto),"Nujabes, Uyama Hiroto",Modal Soul
OnHold,flowers,Nujabes,Modal Soul
OnHold,sea of cloud,Nujabes,Modal Soul
OnHold,Light on the land,Nujabes,Modal Soul
OnHold,Horizon,Nujabes,Modal Soul
OnHold,Pi,Psychedelic Porn Crumpets,High Visceral (B-Sides)
OnHold,Baddest Motherfucker in the Beehive,The Delta Riggs,Active Galactic
OnHold,Acid Baby,SPILT,Catnip
OnHold,RIVER.,SABELLA OFFICIAL,DOG DAZE
OnHold,You Grew Up,Oddisee,The Iceberg
OnHold,Awayo (feat. K.a.a.N),"Josh Sallee, K.A.A.N.",Awayo (feat. K.a.a.N)
OnHold,K-9 Unit,"Bleep Bloop, Gary Paintin",K-9 Unit
OnHold,Wake Up,The Tazers,Love Machine
OnHold,A Bomb & A Bill,The Tazers,Love Machine
OnHold,Havera,Lembo,Way Up
OnHold,Calypso,Billy,Music For The Two-Cycle Engine
OnHold,Nuff Fiya,"mindbody&beats, twuan, Felly",bmb
OnHold,Run for Your Life,Big Grams,Big Grams
OnHold,She's a Big Boy,Mcbaise,She's a Big Boy
OnHold,Auribeau’s Shore : A8 by Night,Mcbaise,Seabass
OnHold,3pills,"TeZATalks, Macntaj",3pills
OnHold,You Don’t Get Me High Anymore,Phantogram,Three
OnHold,Nice House,Joywave,How Do You Feel Now?
OnHold,Indiana,Magic City Hippies,Modern Animal
OnHold,Cringe,Matt Maeson,Bank On The Funeral
OnHold,I Can't Decide,Scissor Sisters,Ta-Dah
OnHold,Libella Swing,Parov Stelar,"Coco, Pt. 2"
OnHold,Mama Yo! - Radio Edit,"Mayra Veronica, Yolanda Be Cool",Mama Yo! (Radio Edit)
OnHold,Tieduprightnow,Parcels,Tieduprightnow
OnHold,Feel It In My Face,Andrew Applepie,California Kamala Falcon
OnHold,The Promise,When In Rome,When In Rome
OnHold,Blue Monday - 2016 Remaster,New Order,Singles (2016 Remaster)
OnHold,"Broken / Head Over Heels - Live At Massey Hall, Toronto, Canada / 1985",Tears For Fears,Songs From The Big Chair (Super Deluxe Edition)
OnHold,Shimmer,Fuel,Sunburn
OnHold,Golden Light,STRFKR,Miracle Mile
OnHold,Boy,Instupendo,Boy
OnHold,Moby Dick,Jakey,Moby Dick
OnHold,She Won't Go Away,Faye Webster,Faye Webster
OnHold,Unwind,Tim Atlas,All Talk!
OnHold,Song for a Friend,The Slaps,Susan's Room
OnHold,Who Loves the Scum?,The Growlers,Who Loves the Scum?
OnHold,Don't Go,The Greeting Committee,This Is It
OnHold,warm glow,Hippo Campus,warm glow
OnHold,You Say I'm in Love,Banes World,You Say I'm in Love
OnHold,Tokyo Drifting (with Denzel Curry),"Glass Animals, Denzel Curry",Tokyo Drifting
OnHold,Breathe,"Jacob Moore, Breeze, MOSES.",Breathe
OnHold,One Thing,Finger Eleven,Finger Eleven
OnHold,HEADY,Reaper,heady
OnHold,Paralyzer,Finger Eleven,Them Vs. You Vs. Me (Deluxe Edition)
OnHold,Make You Feel,"Alina Baraz, Galimatias",Urban Flora
OnHold,Moonlight,Death From Above 1979,Outrage! Is Now
OnHold,Git Wit Dis - original mix,Manics,Git Wit Dis
OnHold,Crown On The Ground,Sleigh Bells,Treats
OnHold,Sugar Honey Iced Tea (S.H.I.T.),Princess Nokia,Sugar Honey Iced Tea (S.H.I.T.)
OnHold,Ghost,Awkwafina,In Fina We Trust
OnHold,NYC Bitche$,Awkwafina,Yellow Ranger
OnHold,Pockiez,Awkwafina,In Fina We Trust
OnHold,Inner Voices,Awkwafina,In Fina We Trust
OnHold,My Vag,Awkwafina,My Vag - Single
OnHold,Bye.,Mia Smith,Bye.
OnHold,Bust It Open,Cool Company,Bust It Open
OnHold,Up With the Birdies,extremely bad man,Love Is Pure
OnHold,Bombae Lemonade,"extremely bad man, Omenihu, Jallal",Love Is Pure
OnHold,everything i wanted,Billie Eilish,everything i wanted
OnHold,Circles,Mac Miller,Circles
OnHold,Blue World,Mac Miller,Circles
OnHold,Good News,Mac Miller,Circles
OnHold,Unaccommodating (feat. Young M.A),"Eminem, Young M.A",Music To Be Murdered By
OnHold,Never Love Again,Eminem,Music To Be Murdered By
OnHold,Roll Up,"Mosie, Bambi, Scooby Bloo",Tangerine
OnHold,Three-Prong Sing-Along,"Mosie, Bambi",Tangerine
OnHold,Dangerous (feat. Joywave),"Big Data, Joywave",2.0
OnHold,Sad Sad City,Ghostland Observatory,Paparazzi Lightning
OnHold,One Thing (feat. Cristina Soto) - Amp Live Remix,"Psymbionic, Amp Live, Cristina Soto",Parallels Remixed
OnHold,Overthinker,INZO,Overthinker
OnHold,Hold Me Now,Thompson Twins,The Best of Thompson Twins Greatest Mixes
OnHold,How Can You Mend a Broken Heart,Al Green,Let's Stay Together
OnHold,Hayloft,Mother Mother,O My Heart
OnHold,Get Right,The Delta Riggs,Active Galactic
OnHold,Kids Are Alright,The Delta Riggs,Active Galactic
OnHold,Sunny,The Delta Riggs,Active Galactic
OnHold,Take You For A Ride,The Delta Riggs,Active Galactic
OnHold,Dissolve,Private Island,A Good Look
OnHold,SPF,Magic City Hippies,Modern Animal
OnHold,Home,Medasin,Irene
OnHold,Pretty Dirty (In the Fading Light),Ripe,Produce the Juice
OnHold,Phyllis,Lettuce,Crush
OnHold,Franny,Magic City Hippies,Modern Animal
OnHold,Still Dreamin (with JID & Lute feat. 6LACK),"Dreamville, JID, Lute, 6LACK",Revenge Of The Dreamers III: Director's Cut
OnHold,Unreal City,M. Ward,Unreal City
OnHold,Definition Forbidden,"DNMO, Bijou Dream",Definition Forbidden
OnHold,The Way Home,Mo Lowda & the Humble,Curse the Weather
OnHold,SLOW DANCING IN THE DARK,Joji,BALLADS 1
OnHold,Epilogue,The Antlers,Hospice
OnHold,Portland,Bowling Shoes,Bowling Shoes
OnHold,King of Queens (Intro),Dounia,The Avant-Garden
OnHold,Goodie Bag,Still Woozy,Goodie Bag
OnHold,Harajuku,Killer Bee,Devotion
OnHold,Cabaret,Azizi Gibson,A New Life
OnHold,High Right Now,Tyla Yaweh,Heart Full of Rage
OnHold,L$D,A$AP Rocky,AT.LONG.LAST.A$AP
OnHold,Dead to Me,"Terror Reid, Getter",Dead to Me
OnHold,Righteous,Hippie Sabotage,Righteous
OnHold,Run,Joji,Run
OnHold,His Master's Voice,Monsters Of Folk,Monsters Of Folk
OnHold,flagpole sitta,"Elohim, AWOLNATION",BRAINDEAD
OnHold,The Dirt Bike,Astronautalis,The Dirt Bike
OnHold,Aloha,"Møme, Merryn Jeann",Panorama
OnHold,Sloth's Revenge,Dirty Heads,Home | Phantoms of Summer: The Acoustic Sessions
OnHold,The Pot,TOOL,"10,000 Days"
OnHold,I Fall in Love Every Night,Born Ruffians,Dedication
OnHold,That Just Isn't Empirically Possible,$uicideboy$,STOP STARING AT THE SHADOWS
OnHold,Boiled Peanuts,"Astronautalis, Lizzo",Cut the Body Loose
OnHold,The Wondersmith and His Sons,Astronautalis,Pomegranate
OnHold,Unjinxed,"Four Fists, P.O.S, Astronautalis",6666
OnHold,Blowin' Smoke,"Misfit, Urbanstep, Peter Piffen",Blowin' Smoke
OnHold,Natural Anthem,The Postal Service,Give Up
OnHold,Small Talk,Briston Maroney,Indiana
OnHold,Imagination,Foster The People,Imagination
OnHold,Babydoll,Dominic Fike,"Don't Forget About Me, Demos"
OnHold,T-Shirt Song,DON BROCO,Technology
OnHold,¥,DON BROCO,Technology
OnHold,Blood in the Water,DON BROCO,Technology
OnHold,The Blues,DON BROCO,Technology
OnHold,3 Nights,Dominic Fike,"Don't Forget About Me, Demos"
OnHold,King of Everything,Dominic Fike,"Don't Forget About Me, Demos"
OnHold,Cleaner Air,Yeek,Cleaner Air
OnHold,Cool Whip,"Fat Tony, J.Kelr",Full Circle
OnHold,Bad Bad Freddy,Young Monks,Swamp Creek
OnHold,Homemade,Matthew Chaim,Homemade
OnHold,Flagpole Sitta,Harvey Danger,Where Have All The Merrymakers Gone?
OnHold,Everything Now,Arcade Fire,Everything Now
OnHold,Hayloft,Mother Mother,O My Heart
OnHold,Girls & Boys,Blur,Blur: The Best Of
OnHold,Tender,Blur,13
OnHold,Ghost Ship,Blur,The Magic Whip
OnHold,Go Out,Blur,The Magic Whip
OnHold,Your Love (Déjà Vu),Glass Animals,Your Love (Déjà Vu)
OnHold,High And Dry,Radiohead,The Bends
OnHold,Riot Rhythm,Sleigh Bells,Treats
OnHold,Carousel,Melanie Martinez,Cry Baby (Deluxe Edition)
OnHold,Mad Hatter,Melanie Martinez,Cry Baby (Deluxe Edition)
OnHold,Sippy Cup,Melanie Martinez,Sippy Cup
OnHold,Can’t Get Enough,GRiZ,Ride Waves
OnHold,Blood,ANIMA!,Blood
OnHold,Call You Back,"Cool Company, Haley Dekle",Call You Back
OnHold,Dollar,Electric Guest,KIN
OnHold,Foolsong,Still Woozy,Lately EP
OnHold,Oh! Frenchy,Mosie,Oh! Frenchy
OnHold,Griztronics,"GRiZ, Subtronics",Bangers[2].Zip
OnHold,Breezy,Tate Tucker,Breezy
OnHold,Catch Hell Blues,The White Stripes,Icky Thump
OnHold,Bad Checks,Houses,Bad Checks
OnHold,You're a Wolf,Sea Wolf,Leaves in the River
OnHold,Toxic - The Voice Performance,Melanie Martinez,Toxic (The Voice Performance)
OnHold,Peaches,Delicate Steve,Cowboy Stories
OnHold,The Rock Doc,Fruit Bats,Rock Doc
OnHold,Auto Pilot,Queens of the Stone Age,Rated R - Deluxe Edition
OnHold,Since I Left You,The Avalanches,Since I Left You
OnHold,Stay Another Season,The Avalanches,Since I Left You
OnHold,Radio,The Avalanches,Since I Left You
OnHold,Two Hearts In 3/4 Time,The Avalanches,Since I Left You
OnHold,Avalanche Rock,The Avalanches,Since I Left You
OnHold,Flight Tonight,The Avalanches,Since I Left You
OnHold,Close To You,The Avalanches,Since I Left You
OnHold,Diners Only,The Avalanches,Since I Left You
OnHold,A Different Feeling,The Avalanches,Since I Left You
OnHold,Electricity,The Avalanches,Since I Left You
OnHold,Tonight May Have To Last Me All My Life,The Avalanches,Since I Left You
OnHold,Pablo's Cruise,The Avalanches,Since I Left You
OnHold,Frontier Psychiatrist,The Avalanches,Since I Left You
OnHold,ETOH,The Avalanches,Since I Left You
OnHold,Summer Crane,The Avalanches,Since I Left You
OnHold,Little Journey,The Avalanches,Since I Left You
OnHold,Live At Dominoes,The Avalanches,Since I Left You
OnHold,Extra Kings,The Avalanches,Since I Left You
OnHold,Let It Happen,Tame Impala,Currents
OnHold,I Got You Babe,Bahamas,Barchords
OnHold,Straight Jacket,Bay Ledges,Fountain Tropical EP
OnHold,Honeybee,Steam Powered Giraffe,The 2¢ Show
OnHold,Ain't Nobody Like You,"Yung Bae, josh pan",Bae2
OnHold,Cleaning Windows - 2001 Remaster,Van Morrison,Beautiful Vision
OnHold,Art Isn't Real (City Of Sin),Deer Tick,War Elephant
OnHold,Standing At The Threshold,Deer Tick,War Elephant
OnHold,Dirty Dishes,Deer Tick,War Elephant
OnHold,Baltimore Blues No. 1,Deer Tick,War Elephant
OnHold,Ashamed,Deer Tick,War Elephant
OnHold,Long Time,Deer Tick,War Elephant
OnHold,Nevada,Deer Tick,War Elephant
OnHold,These Old Shoes,Deer Tick,War Elephant
OnHold,Not So Dense,Deer Tick,War Elephant
OnHold,Spend The Night,Deer Tick,War Elephant
OnHold,Diamond Rings 2007,Deer Tick,War Elephant
OnHold,Sink Or Swim,Deer Tick,War Elephant
OnHold,Christ Jesus,Deer Tick,War Elephant
OnHold,What Kind Of Fool Am I,Deer Tick,War Elephant
OnHold,Daydreaming,Middle Brother,Middle Brother
OnHold,Doin' it Right (feat. Panda Bear),"Daft Punk, Panda Bear",Random Access Memories
OnHold,Praey,Eastghost,Praey
OnHold,Loneliness,Aaron Taos,Loneliness
OnHold,Knocked Up,Kings of Leon,Because Of The Times
OnHold,Melatonin,Blood Orchid,Melatonin
OnHold,Its Getting Old,Cottonwood Firing Squad,Wyoming (And Other Songs to Kill Yourself To)
OnHold,Post Modern Fade,Cottonwood Firing Squad,27 Club
OnHold,Silk - Favored Nations Remix,"Giselle, Favored Nations",Silk (Favored Nations Remix)
OnHold,Emocean,Famous Exchange,Emocean
OnHold,Good Guy,Serengeti,Kaleidoscope
OnHold,The Way We Move,"Langhorne Slim, The Law",The Way We Move
OnHold,Things Happen,Dawes,All Your Favorite Bands
OnHold,Big Jet Plane,Angus & Julia Stone,Down The Way
OnHold,America,First Aid Kit,America
OnHold,The Ballad of Love and Hate,The Avett Brothers,Emotionalism (Bonus Track Version)
OnHold,Million Dollar Bill,Middle Brother,Middle Brother
OnHold,Monster (Dotexe Remix),Nightcore,Monster (Dotexe Remix)
OnHold,Dreamers,Nightcore,Dreamers
OnHold,Soap,RIZ LA VIE,Found.
OnHold,Swing Swing,ayokay,In the Shape of a Dream
OnHold,Sleepless Nights (feat. Nightly),"ayokay, Nightly",In the Shape of a Dream
OnHold,Island (feat. Nevve),"Seven Lions, Wooli, Trivecta, Nevve",Island (feat. Nevve)
OnHold,Ice Cold - NvrLeft Remix,"4B, Megan Lee, NvrLeft",Ice Cold (Remixes)
OnHold,DDU-DU DDU-DU,BLACKPINK,SQUARE UP
OnHold,Therapy,"LeRoyce, Loners Club",The Sunny Nights Project
OnHold,I Got Soul,LeRoyce,I Got Soul
OnHold,Forever,LeRoyce,The Sunny Nights Project
OnHold,Taking What's Not Yours,TV Girl,Who Really Cares
OnHold,Feel the Heat,Me Like Bees,Feel the Heat
OnHold,Reconstruct,"Photay, Seafloor",Photay
OnHold,Weight of This World,The Kingston Springs,The Kingston Springs
OnHold,I'm Right Here,"El Ten Eleven, E. Mosseri",I'm Right Here
OnHold,Unusable Love,"El Ten Eleven, E. Mosseri",Unusable Love
OnHold,Delicate Friend,"El Ten Eleven, E. Mosseri",Unusable Love
OnHold,She's a Live One,"El Ten Eleven, E. Mosseri",Unusable Love
OnHold,Get Lost (feat. Ashe) - Ford. Remix,"Bearson, Ashe, ford.",Get Lost (feat. Ashe) [Ford. Remix]
OnHold,Anything,"Frame, Lea Keeley",Anything
OnHold,Sweet Coffee,Cook Thugless,Sweet Coffee
OnHold,Levitate,Garrett Zoukis,Levitate
OnHold,Know the Name,LeRoyce,The Sunny Nights Project
OnHold,Hair Down (feat. Kendrick Lamar),"SiR, Kendrick Lamar",Chasing Summer
OnHold,Different,Hippie Sabotage,Drifter
OnHold,Heartstrings (feat. Santana),"Felly, Carlos Santana",Mariposa
OnHold,Wishful Drinking,Tessa Violet,Bad Ideas
OnHold,Hello (feat. Dragonette),"Martin Solveig, Dragonette",Hello
OnHold,Trap (feat. Lil Baby),"SAINt JHN, Lil Baby",Ghetto Lenny's Love Songs
OnHold,We,HONEYMOAN,<​/​3 / We
OnHold,Us and Them,Derek Pope,Epochs
OnHold,Life of the Party,Ghostland Observatory,See You Later Simulator
OnHold,Overcast,"Denham, P.O.S",Overcast
OnHold,Sleepdrone/Superposition,"P.O.S, Hard_R, Allan Kingdom, Astronautalis, Kathleen Hanna, Lizzo, Eric Mayson, Lydia Liza, Nicholas L. Perez","Chill, dummy"
OnHold,Read My Mind,The Killers,Sam's Town
OnHold,Wonka Bar,"Remulak, Golden Ticket Tapes",Wonka Bar
OnHold,Feelin It,Sword Beach,Feelin It
OnHold,Waste of Time,Early Eyes,Waste of Time
OnHold,Sweet Sublime,Ruby Waters,Almost Naked
OnHold,Quantum Physics,Ruby Waters,Quantum Physics
OnHold,Almost Naked,Ruby Waters,Almost Naked
OnHold,Ride,"niko+, Clans",Ride
OnHold,Four Walls and an Amplifier,Brock Berrigan,Four Walls and an Amplifier
OnHold,Taking My Time (feat. Asher Roth & Camila Recchio),"Elements of Music, Asher Roth, Camila Recchio",Sunrain
OnHold,Typical,Goodbye Honolulu,More Honey
OnHold,Flava,"Ganja White Night, Boogie T",Flava
OnHold,Crown Victoria,The Presidents Of The United States Of America,Kudos to You!
OnHold,D'vocean,Eastghost,D'vocean
OnHold,If Only (Mega Collab),"San Holo, Analogue Dear, DROELOE, Eastghost, GOSLO, ILIVEHERE., Losi, Taska Black",Gouldian Finch 2
OnHold,Eyes In The Back Of My Head,Eastghost,Gouldian Finch 2
OnHold,B L A C K S T O N E,Semi-Attractive Boy,B L A C K S T O N E
OnHold,Let's Go (299 Mill),Bad Snacks,Neat Tape 1
OnHold,Deep End Freestyle,"Sleepy Hallow, Fousheé",Deep End Freestyle
OnHold,Beautiful,Blunts & Blondes,Beautiful
OnHold,Maybe She,Still Woozy,Lately EP
OnHold,Dove's Blood,Hot Sugar,The Melody of Dust
OnHold,Ready to Win,Tokyo Police Club,TPC
OnHold,Circumstances,"Nydge, Norty, Kameryn Ogden",Circumstances
OnHold,LAUNDRY,R.A.P. Ferreira,Purple Moonlight Pages
OnHold,Direction,Mat Kerekes,Luna & the Wild Blue Everything
OnHold,Rushing Back,"Flume, Vera Blue",Rushing Back
OnHold,TwentyTwo,Thea,TwentyTwo
OnHold,Zen (with K.Flay & grandson),"X Ambassadors, K.Flay, grandson",Zen (with K.Flay & grandson)
OnHold,Case for You,"Early Eyes, Dizzy Fae",Case for You
OnHold,Wobble Master,Ganja White Night,Mr. Wobble
OnHold,Two Summers,"One11Twenty, Tim Jordan, Mitch Mueller, Kyle DelFatti",Last 10 Seconds
OnHold,Stuck,One11Twenty,Stuck
OnHold,Last 10 Seconds,"One11Twenty, Kyle DelFatti, Mitch Mueller, Tim Jordan",Last 10 Seconds
OnHold,Shoot Me Dead,Hours Eastly,Eat the Planes
OnHold,My Mind Is,"NVDES, Oliver Tree",My Mind Is
OnHold,Sleepyhead,Young & Sick,Sleepyhead
OnHold,Live for the Day,Perfect Confusion,Perfect Confusion
OnHold,Thundaclap a Scrappa,High Tatras,Thundaclap a Scrappa
OnHold,Warm,Bronze Whale,The Shape Of Things
OnHold,Everything Is Starting to Make Sense,Fort Frances,Alio
OnHold,Rise & Shine,Bassnectar,All Colors (Preview 2)
OnHold,Uebok Gotta Run - Bassnectar Remix,"Apashe, INSTASAMKA, Bassnectar",All Colors (Preview 2)
OnHold,Pray to God (feat. HAIM),"Calvin Harris, HAIM",Motion
OnHold,I Know Alone,HAIM,I Know Alone
OnHold,Summer Girl - Bonus Track,HAIM,I Know Alone
OnHold,Now I'm In It - Bonus Track,HAIM,I Know Alone
OnHold,Soon Enough,Thea,Soon Enough
OnHold,So We Won't Forget,Khruangbin,So We Won't Forget
OnHold,Time (You and I),Khruangbin,So We Won't Forget
OnHold,Fire,"Just A Gent, Caitlyn Scarlett",Fire
OnHold,Little Things (with Quinn XCII & Chelsea Cutler),"Louis The Child, Quinn XCII, Chelsea Cutler",Little Things (with Quinn XCII & Chelsea Cutler)
OnHold,Bonjour,"Roman Kouder, Marian Hill",Bonjour
OnHold,i hope ur ok,nøll,i hope ur ok
OnHold,Isolated,"AK, Sublab",Isolated
OnHold,Understanding,sober rob,RESET
OnHold,Heart Made of Stone,The Tech Thieves,The Red EP
OnHold,Remedy,Max Wassen,Remedy
OnHold,Nitetime In Atlanta,RIZ LA VIE,Feed.
OnHold,Takin' My Time,Aer,Water on the Moon
OnHold,Peaches,The Presidents Of The United States Of America,The Presidents of The United States of America: Ten Year Super Bonus Special Anniversary Edition
OnHold,Dissolve,"Absofacto, NITESHIFT",Thousand Peaces
OnHold,Enter Sandman (triple j Like A Version),Art vs Science,Enter Sandman (triple j Like A Version)
OnHold,Heart-Shaped Box (triple J Like A Version),"Hermitude, Jaguar Jonze",Heart-Shaped Box (triple J Like A Version)
OnHold,Forever in a Day,Late Night Radio,Soap Box
OnHold,Skip,SuperParka,Sushiboubou#1
OnHold,High N Low,"Aquifer, saaaz",High N Low
OnHold,Show Money!?,HDBeenDope,Pheace Be the Journey
OnHold,Lady Sunshine,Appleby,Happiness
OnHold,Young Lost Love,Appleby,Happiness
OnHold,Hiccup,Verzache,Hiccup
OnHold,Check Your System,Captiva,Pay No Mind
OnHold,Phone Numbers,"Dominic Fike, Kenny Beats",Phone Numbers
OnHold,Peach,BROODS,Don't Feed The Pop Monster
OnHold,Tantra,ATLiens,Ghost Planet EP
OnHold,Six Days in June,The Fratellis,Six Days in June / Acoustic
OnHold,Indie Rokkers,Soccer Mommy,"Soccer Mommy & Friends Singles Series, Vol. 3: Gentle Dom"
OnHold,So We Won't Forget,Khruangbin,Pelota
OnHold,Hits from the Bong,Cypress Hill,Black Sunday
OnHold,Alright,The Rural Alberta Advantage,The Wild
OnHold,Brother,The Rural Alberta Advantage,The Wild
OnHold,Like I Want You,GIVĒON,TAKE TIME
OnHold,Funk Jesus,"The Floozies, Jesus",Funk Jesus
OnHold,Cenote,Wax Future,Cenote
OnHold,something more,j ember,something more
OnHold,ACT III (THE DEATH),"Foster Cazz, Geez Louise, Abhi The Nomad",ACT III (THE DEATH)
OnHold,Tired Boy,"Concept Collective, Coolin' Cal","Concept Collective, Vol. 2"
OnHold,Brain Body,Acid Dad,Grim-Brain Body
OnHold,All My Loving,Ceramic Animal,High End
OnHold,The Zone . Leave Me Alone,"Lorine Chia, J.Kelr",Remedy
OnHold,Arty Boy (with Emma Louise) - Ninajirachi Remix,"Flight Facilities, Emma Louise",Arty Boy (with Emma Louise) [The Remixes II]
OnHold,What A World (with Bob Moses),"Louis The Child, Bob Moses",Here For Now
OnHold,Don't Get Taken,Acid Dad,Let's Plan a Robbery
OnHold,Fade Away,Louis The Child,Here For Now
OnHold,Start a Riot,"Duckwrth, Shaboozey",Spider-Man: Into the Spider-Verse (Soundtrack From & Inspired by the Motion Picture)
OnHold,Snow On Tha Bluff,J. Cole,Snow On Tha Bluff
OnHold,how do u feel?,Stop Light Observations,how do u feel?
OnHold,good to u,Stop Light Observations,good to u
OnHold,13bullets (pt. 1),Stop Light Observations,13bullets (pt. 1)
OnHold,Unmoved (A Black Woman Truth),Ayoni,Unmoved (A Black Woman Truth)
OnHold,September,Ayoni,Iridescent
OnHold,Divine,Ayoni,Iridescent
OnHold,Too Good - The Wild Honey Pie Buzzsession,"Ayoni, The Wild Honey Pie",Ayoni: The Wild Honey Pie Buzzsession
OnHold,Si Te Portas Mal (Be Bad),Loyal Lobos,Si Te Portas Mal (Be Bad)
OnHold,Cold War (Nick AM Remix),"Cautious Clay, Nick AM",THE REMIXES
OnHold,better lonely,Britton,better lonely
OnHold,Circus Animal,Molly Millington,Circus Animal
OnHold,So I Do,Belot,So I Do
OnHold,Need Ur Luv,"IIKINGS, Slater Manzo, Red Farrow",Need Ur Luv
OnHold,FACEDOWN,JAWNZA,FREERADICAL
OnHold,Phantom,"Allen Mock, Chow Chow",Phantom
OnHold,Let My Baby Ride,R.L. Burnside,Come on In
OnHold,Pressure,"Half-Tyme Slim, Jabo, Zip K, Translee, Jay Dot Rain",Pressure
OnHold,Kitty Kitty,OnlyWatson,Kitty Kitty
OnHold,Blisters,"Harris Rudman, Brian Lentz",Missing Document
OnHold,Reelin' in the Years,Feed Me Jack,Covers
OnHold,How Do You Know,Caliph,How Do You Know
OnHold,Green Faces,Caliph,Green Faces
OnHold,Resistance,"Au5, Prismatic, TruFeelz",Resistance
OnHold,Tadow,"Masego, FKJ",Lady Lady
OnHold,Mo' Money,"Concept Collective, Quazi, Tre Savels, Fali",Mo' Money
OnHold,The Adults Are Talking,The Strokes,The New Abnormal
OnHold,Noir,IMANU,EGO
OnHold,Black or White (feat. Tasha Baxter) - IMANU/Signal Remix,"Camo & Krooked, Tasha Baxter, IMANU, Signal",MOSAIK REMIXED
OnHold,Nonplus,IMANU,EGO
OnHold,Monchou,IMANU,Memento
OnHold,Eternal Summer,The Strokes,The New Abnormal
OnHold,Big Love (with EARTHGANG & MNDR),"Louis The Child, EARTHGANG, MNDR",Here For Now
OnHold,Politics & Violence,Dominic Fike,Politics & Violence
OnHold,Saikuron (The Glitch Mob Remix),The Glitch Mob,Saikuron (The Glitch Mob Remix)
OnHold,Slips,The Weeks,Slips
OnHold,Enemy,Kai Straw,Enemy
OnHold,Welcome Home,My Morning Jacket,The Waterfall II
OnHold,A Cruel Angel's Thesis,"RichaadEB, Lollia",A Cruel Angel's Thesis
OnHold,Emotional Skyscraper ~ Cosmic Mind,RichaadEB,Bullet Hell II
OnHold,Bad To Worse,Ra Ra Riot,Superbloom
OnHold,Floating to Nowhere,Lando Chill,"For Mark, Your Son"
OnHold,Good Thoughts,Frank Jaeger,Legendary
OnHold,Hiding In The Melody,Night Moves,Pennied Days
OnHold,Oulala,Vundabar,Gawk
OnHold,Polaroids,Paul Conrad,Polaroids
OnHold,California,Paul Conrad,California
OnHold,Records,Paul Conrad,Records
OnHold,HEADY,Reaper,heady
OnHold,Burn My Lights Out,Colyer,Burn My Lights Out
OnHold,Go Wild,Friedberg,Go Wild
OnHold,Come Down When You're Ready,TENDER,Come Down When You're Ready
OnHold,Beyond,Leon Bridges,Good Thing
OnHold,77-76,Royal Canoe,Waver
OnHold,Standing in Place,Mo Lowda & the Humble,Creatures
OnHold,All Choked Up,BRONCHO,Bad Behavior
OnHold,Lazy Love,The Geek x Vrv,BEATS OF
OnHold,Last Crash Landing,Blank Range,Phase II EP
OnHold,Strawberry Skies,Kid Travis,Strawberry Skies
OnHold,Just Jammin',Gramatik,SB2
OnHold,Baguetti (with JID & Kenny Beats),"Smino, JID, Kenny Beats",Baguetti (with JID & Kenny Beats)
OnHold,SUNRISE,MICHELLE,SUNRISE
OnHold,Reflecting Light (feat. Sananda Maitreya & Vashti Bunyan),"The Avalanches, Sananda Maitreya, Vashti Bunyan",Wherever You Go / Reflecting Light
OnHold,Lockdown,Anderson .Paak,Lockdown
OnHold,Good & Plenty,"Alex Isley, Masego, Jack Dine",Good & Plenty
OnHold,"End Of Daze (with EARTHGANG & JID feat. Jurdan Bryant, Mereba & Hollywood JB)","Spillage Village, EARTHGANG, JID, Jurdan Bryant, Mereba, Hollywood JB","End Of Daze (with EARTHGANG & JID feat. Jurdan Bryant, Mereba & Hollywood JB)"
OnHold,No Fear No More (Remix),"Madeon, EARTHGANG",No Fear No More (Remix)
OnHold,ROUGH 7,"JPEGMAFIA, Tommy Genesis",ROUGH 7
OnHold,Are You Even Real?,James Blake,Are You Even Real?
OnHold,SCARFACE BROHANSEN.,s0und m1nd,SCARFACE BROHANSEN.
OnHold,GUTS,London O'Connor,O∆
OnHold,Kevin,Oliver Malcolm,Kevin
OnHold,Shaky in the Knees,Grizfolk,Rarest of Birds
OnHold,Bully,TeZATalks,Bully
OnHold,t h e . c l i m b . b a c k,J. Cole,Lewis Street
OnHold,Beyond (feat. Luke Combs) - Live,"Leon Bridges, Luke Combs",Beyond (feat. Luke Combs) [Live]
OnHold,Birmingham,Shovels & Rope,O' Be Joyful
OnHold,Across The Room,"ODESZA, Leon Bridges",A Moment Apart
OnHold,Joy in the Noise (feat. Psalm One),"Manic Focus, Psalm One",Minds Rising
OnHold,Weekend Friend,Goth Babe,Weekend Friend
OnHold,30th Century War,Born Ruffians,30th Century War / Albatross
OnHold,Albatross,Born Ruffians,30th Century War / Albatross
OnHold,Prison To Heaven,The Avett Brothers,The Third Gleam
OnHold,At Now,Anna Nalick,At Now
OnHold,Miss Prince,Hey Steve,The Prince & the Duke
OnHold,When I Get My Hands On You,The New Basement Tapes,Lost On The River (Deluxe)
OnHold,Do You Want Me Now,The Beths,Jump Rope Gazers
OnHold,Whatever,The Beths,Warm Blood
OnHold,Not Running,The Beths,Future Me Hates Me
OnHold,River Run: Lvl 1,The Beths,Future Me Hates Me
OnHold,Go Dumb,The Happy Fits,What Could Be Better
OnHold,Get a Job,The Happy Fits,What Could Be Better
OnHold,The Garden,The Happy Fits,What Could Be Better
OnHold,Sailing,The Happy Fits,What Could Be Better
OnHold,She Only Loves Me When I'm There,Ball Park Music,Puddinghead
OnHold,Baptize (with JID & EARTHGANG feat. Ant Clemons),"Spillage Village, JID, EARTHGANG, Ant Clemons",Baptize (with JID & EARTHGANG feat. Ant Clemons)
OnHold,Bfg Division,Mick Gordon,Doom (Original Game Soundtrack)
OnHold,The Villain I Appear to Be,"Connor Spiotto, Molly Pease",The Villain I Appear to Be
OnHold,The Rain Formerly Known as Purple,Chris Christodoulou,Risk of Rain 2
OnHold,Danny Don't You Know,Ninja Sex Party,Cool Patrol
OnHold,Kate McCannon,Colter Wall,Colter Wall
OnHold,Machine,Destiny Potato,Lun
OnHold,Love Song,Destiny Potato,Lun
OnHold,U.Y.M.,Destiny Potato,Lun
OnHold,Heat Waves - Diplo Remix,"Glass Animals, Diplo",Dreamland (+ Bonus Levels)
OnHold,Beats Knockin (feat. Fly Boi Keno),"Jack Ü, Skrillex, Diplo, Fly Boi Keno",Skrillex and Diplo present Jack Ü
OnHold,Take Ü There (feat. Kiesza),"Jack Ü, Skrillex, Diplo, Kiesza",Skrillex and Diplo present Jack Ü
OnHold,Febreze (feat. 2 Chainz),"Jack Ü, Skrillex, Diplo, 2 Chainz",Skrillex and Diplo present Jack Ü
OnHold,Our Song,Rainbow Kitten Surprise,Our Song
OnHold,Someone Else’s Dream (slenderbodies Remix),"Absofacto, slenderbodies",Someone Else’s Dream (slenderbodies Remix)
OnHold,Friends,"Marvel Years, Kill Paris, Manic Focus, Artifakts, Break Science, Daily Bread, Dirtwire, ProbCause, SoDown",Friends
OnHold,No Fools,Attawalpa,No Fools
OnHold,Game,Harrison Fjord,Polychrome.
OnHold,Galvanize,The Chemical Brothers,Push The Button
OnHold,Arcade Robot,Boys Noize,Oi Oi Oi
OnHold,Lemon Sun,Grady Strange,Lemon Sun
OnHold,May We All,DISPATCH,Phase 1
OnHold,Can't Stop The Bleeding (feat. Gary Clark Jr. & Gramatik),"Tom Morello, Gary Clark Jr., Gramatik",Can't Stop The Bleeding (feat. Gary Clark Jr. & Gramatik)
OnHold,Dixon's Girl,Dessa,"Castor, the Twin"
OnHold,Look Over Your Shoulder (feat. Kendrick Lamar),"Busta Rhymes, Kendrick Lamar",Extinction Level Event 2: The Wrath of God
OnHold,Are You Coming with Me?,Kai Straw,Are You Coming with Me?
OnHold,I Hope They Play This In Toronto,Kai Straw,I Hope They Play This In Toronto
OnHold,Calm Is Intention Devouring It's Frailty,Morning Teleportation,Salivating for Symbiosis
OnHold,"If You Can't Vibe With the Peter Criss Jazz, You Must Be Dead",Via Luna,Calm and Clear
OnHold,Bed Head,Joey Pecoraro,Deep in a Dream of You
OnHold,Chloroform,Phoenix,Bankrupt!
OnHold,lost cause//,KennyHoopla,lost cause//
OnHold,St.Paul,Richy Mitch & The Coal Miners,RMCM
OnHold,Plants,Karina Rykman,Plants
OnHold,i should probably get moving,boxboys,together
OnHold,Let Me Alone,moow,I Can't Tell You How Much It Hurts
OnHold,Be Your Boy,Medium Build,Wild
OnHold,99 Corolla,Medium Build,99 Corolla
OnHold,Hit Me Up,"Omar Apollo, Dominic Fike, Kenny Beats",Hit Me Up
OnHold,Aerials,System Of A Down,Toxicity
OnHold,Dance Of The Clairvoyants,Pearl Jam,Dance Of The Clairvoyants
OnHold,Be Your Boy,Medium Build,Be Your Boy
OnHold,551,Dessa,"Castor, the Twin"
OnHold,The Chaconne,Dessa,"Castor, the Twin"
OnHold,Alibi,Dessa,"Castor, the Twin"
OnHold,Self Esteem,The Offspring,Greatest Hits
OnHold,we fell in love in october,girl in red,we fell in love in october / forget her
OnHold,Say What's Real,Drake,So Far Gone
OnHold,One Last Time,Summer Salt,One Last Time
OnHold,A Little While,Yellow Days,Harmless Melodies
OnHold,Sweet FA,Peach Pit,Sweet FA
OnHold,Can I Call You Tonight?,Dayglow,Fuzzybrain
OnHold,Violet Days,Tommy Newport,Violet Days
OnHold,Saw You In A Dream,The Japanese House,Saw You In A Dream
OnHold,Tommy's Party,Peach Pit,Being So Normal
OnHold,Limbo,Joesef,Limbo
OnHold,What Dreams Are Made Of,Evann McIntosh,MOJO
OnHold,Mineshaft 2,Dessa,"Castor, the Twin"
OnHold,Burnt Espresso,"Sidney Amos, Barnes Blvd.",Burnt Espresso
OnHold,Needs,Verzache,Needs
OnHold,Open Arms,Journey,Escape (Bonus Track Version)
OnHold,Into the Spin,Dessa,"Castor, the Twin"
OnHold,5 out of 6,Dessa,Chime
OnHold,Fire Drills,Dessa,Chime
OnHold,You've Got a Friend,James Taylor,Mud Slide Slim and the Blue Horizon
OnHold,Blinding Lights,The Weeknd,After Hours
OnHold,Save Your Tears,The Weeknd,After Hours
OnHold,Heavy With Hoping,Madeon,Good Faith
OnHold,Dream Dream Dream,Madeon,Good Faith
OnHold,Be Fine,Madeon,Good Faith
OnHold,Nirvana,Madeon,Good Faith
OnHold,Mania,Madeon,Good Faith
OnHold,Miracle,Madeon,Good Faith
OnHold,No Fear No More,Madeon,Good Faith
OnHold,Borealis,Madeon,Good Faith
OnHold,Hold Me Just Because,Madeon,Good Faith
OnHold,Wishes,"Grant, McCall",Wishes
OnHold,She's Got a Gun,"KUURO, McCall",She's Got a Gun
OnHold,Where Will We Go,Grant,Wishes
OnHold,To Belong,"Mr FijiWiji, Exist Strategy",Lost Lost Lost
OnHold,Fear,"MYRNE, Manila Killa",Fluorescence
OnHold,Beings,Madeon,Adventure (Deluxe)
OnHold,Castaway,"Grant, Juneau",Castaway
OnHold,Flicker,Porter Robinson,Worlds
OnHold,Fly Away,Tones And I,Fly Away
OnHold,Dive In,Cool Company,Cool Company
OnHold,¿qué Pasó?,Robby Hunter Band,Magic City Hippies
OnHold,Every Cable Goes Somewhere,Flux Pavilion,.wav
OnHold,Survive,"Flux Pavilion, Feed Me, meesh",.wav
OnHold,20:25,"Flux Pavilion, What So Not, The Chain Gang Of 1974",.wav
OnHold,Lion's Cage,"Flux Pavilion, Nevve",.wav
OnHold,Partial Fugue In B Minor,Flux Pavilion,.wav
OnHold,Sink Your Teeth In,"Flux Pavilion, Drowsy",.wav
OnHold,I Believe,"Flux Pavilion, Asha",.wav
OnHold,Twitterbird,Flux Pavilion,.wav
OnHold,Breathe,Flux Pavilion,.wav
OnHold,You & I,"Flux Pavilion, Kata Kozma",.wav
OnHold,Symphony,"Flux Pavilion, Layna",.wav
OnHold,Fall To Me,"Flux Pavilion, Chime, spaceKDET",.wav
OnHold,I Will Stay,"Flux Pavilion, Turin Brakes",.wav
OnHold,Somebody Else,"Flux Pavilion, GLNNA",.wav
OnHold,Endless Fantasy,"Flux Pavilion, Eli-Rose Sanford",.wav
OnHold,LOVE,Flux Pavilion,.wav
OnHold,Space for Days,Kendall Street Company,Space for Days
OnHold,LUCKY PENNY,JD McPherson,UNDIVIDED HEART & SOUL
OnHold,Expiration Date,Kendall Street Company,Space for Days
OnHold,Casino (Bad Things),Houndmouth,From the Hills Below the City
OnHold,I'll Be Your Fool,"Josh Farrow, The McCrary Sisters",Trouble Walks With Me
OnHold,Pacing Like Prince,Ryan Montbleau,Growing Light
OnHold,Stand Up,The Revivalists,Men Amongst Mountains
OnHold,Won't Be Coming Back,The Dip,Won't Be Coming Back
OnHold,Borderline,Sister Sparrow,The Weather Below
OnHold,Point to Point,Jon Stickley Trio,Lost At Last
OnHold,North Side Gal,JD McPherson,Signs & Signifiers
OnHold,Closer,"Lemaitre, Jennie A.",Chapter One
OnHold,Habbie Doobie,The Texas Gentlemen,TX Jelly
OnHold,Up and Rolling,North Mississippi Allstars,Up and Rolling
OnHold,Kill the Medicine Man,Ron Gallo,HEAVY META
OnHold,Them Shoes,Patrick Sweany,Every Hour Is A Dollar Gone
OnHold,Pali Gap / Hey Baby (New Rising Sun),Lukas Nelson and Promise of the Real,Promise of the Real
OnHold,Stepping Stone,"Lemaitre, Mark Johns",Chapter One
OnHold,Into The Deep (feat. Macy Gray),"Galactic, Macy Gray",Into The Deep (Deluxe Edition)
OnHold,Tally-Ho,Psychedelic Porn Crumpets,SHYGA! The Sunlight Mound
OnHold,Bruuuh (with Denzel Curry) - Remix,"JID, Denzel Curry",Bruuuh (with Denzel Curry) [Remix]
OnHold,Sanctuary,Super City ,Sanctuary
OnHold,Moonlapse Vertigo,Opeth,Peaceville Presents... Opeth
OnHold,So We Won't Forget,Khruangbin,Mordechai
OnHold,Velvet Smile,The Giving Moon,BLOOM
OnHold,Embers,The Giving Moon,BLOOM
OnHold,Cactus Blossom,Polyrhythmics,Caldera
OnHold,309,Noirre,Nite Tales
OnHold,Everyone Looks Like Everyone,The Pack a.d.,we kill computers
OnHold,Innerbloom,RÜFÜS DU SOL,Bloom
OnHold,BabyMan,Chip Tha Ripper,BabyMan
OnHold,Me and Julio Down by the Schoolyard,Paul Simon,Paul Simon
OnHold,Interior Crocodile Alligator,Chip Tha Ripper,Interior Crocodile Alligator
OnHold,Devil,Dessert,Devil
OnHold,NEVER,JID,The Never Story
OnHold,Crystals,M|O|O|N,Moon - EP
OnHold,Daisuke,El Huervo,Do Not Lay Waste To Homes...
OnHold,Just Lose It,Eminem,Encore (Deluxe Version)
OnHold,Ass Like That,Eminem,Encore (Deluxe Version)
OnHold,Marceline,Vista Kicks,Chasing Waves
OnHold,Old Friends,Pinegrove,Cardinal
OnHold,Circles,Vista Kicks,Babe
OnHold,Luv (sic.) pt3 (feat. Shing02),"Nujabes, Shing02",Luv(sic) Hexalogy
OnHold,"Waltz No. 3, Op. 8","Agustín Barrios Mangoré, Thibault Cauvin",Thibault Cauvin
OnHold,Chiquilin de Bachin,"Astor Piazzolla, Thibault Cauvin",Thibault Cauvin
OnHold,letting go,potsu,just friends
OnHold,Sex And Candy,Marcy Playground,"Lunch, Recess & Detention"
OnHold,She-Wrecks,Bear Ghost,Blasterpiece
OnHold,Lunchbox Friends,Melanie Martinez,K-12
OnHold,Shortbus - G-Space Remix,"Esseks, G-Space",Esseks - Shortbus (G-Space Remix)
OnHold,Professor Genius,"Space Jesus, Esseks",Professor Genius
OnHold,Ellie's Nap,Esseks,Ellie's Nap
OnHold,Grapevine,Dioh,Grapevine
OnHold,Cure for Pain,Morphine,Cure for Pain
OnHold,Hush Money,Lake Street Dive,Obviously
OnHold,Bad Cartoons,Esseks,Bad Cartoons
OnHold,Yougotme,Esseks,Bad Cartoons
OnHold,Mannequin Skywalker,"Space Jesus, Esseks",Dopplebangers
OnHold,Komorebi,Jade Cicada,Little Creatures EP
OnHold,No Trouble,Houses,Drugstore Heaven
OnHold,Happy Days,Closure in Moscow,Pink Lemonade
OnHold,Peggy,Orchards,Peggy
OnHold,Obey the Groove,No More Kings,And the Flying Boombox
OnHold,Egg,Shoe,Egg - Single
OnHold,A Day Late,Headphone Activist,League of Legends
OnHold,Vinyl,Zeph Embers,For the Days In-Between
OnHold,Silk,Zeph Embers,For the Days In-Between
OnHold,The Slum City,"mabanua, COMA-CHI",メガロボクス オリジナル・サウンドトラック
OnHold,Introvert,Little Simz,Introvert
OnHold,Scraps,Shaku,Maku
OnHold,Nemo Finds Himself,"Kadela, Flintwick",Daruma Vol. 10
OnHold,Corporate Japan,Birocratic,Beets 4
OnHold,Happy Place,"Sam Stan, Asaiah Ziv",Happy Raps
OnHold,Feel Right (feat. Mystikal),"Mark Ronson, Mystikal",Uptown Special
OnHold,Last Nite,The Strokes,Is This It
OnHold,Young Adult,Ritt Momney,Young Adult
OnHold,Good Morning,Young Monks,Good Morning
OnHold,Gabe's Song,FLEECE,Scavenger
OnHold,Wooden Eyes,Oketo,Oketo
OnHold,Crystal Stills,Argonaut & Wasp,Future Protocol
OnHold,Drunk Walk,Eliot Lipp,Come To Life
OnHold,Everlong,Matt Duncan,Everlong
OnHold,Life's a Joke,The Nude Party,Hot Tub
OnHold,Sunflower,Jakub Zytecki,"Nothing Lasts, Nothing's Lost"
OnHold,Love Generator,Big Something,Truth Serum
OnHold,New Spring,Speak,My Lonely Primavera
OnHold,Right Kind,Busty and the Bass,GLAM
OnHold,Foundation,KAMI,Just Like The Movies
OnHold,Velvet,Tree Theater,Haven
OnHold,Didn't I,Los Stellarians,Cholo Soul
OnHold,Bayside Suicide,Young Monks,Bayside Suicide
OnHold,Capricorn,Andrew Applepie,2019
OnHold,Mellow,"niko+, Clans",Chapter One
OnHold,Hussy,Black Carl,Borrowed
OnHold,Ra Ra Etc.,Me Like Bees,The Ides
OnHold,Foreground,Adam Tell,Falsework
OnHold,Like What,Tennyson,Like What
OnHold,7:00 AM,Tennyson,Like What
OnHold,Melancolia,Caravan Palace,Chronologic
OnHold,Is You Is,High Step Society,High Step Society
OnHold,Slow Dance II,Naked Giants,SLUFF
OnHold,Redbone,Magdalena Bay,night/pop
OnHold,Fog & Fear,"Great Dane, Katya Grasso",Gamma Ray
OnHold,Tell All Ur Friends,"Greyhat, J'von",Tell All Ur Friends
OnHold,Saltwater,Slacker,Saltwater
OnHold,Why,Briston Maroney,Sunflower
OnHold,Cinnamon,Briston Maroney,Sunflower
OnHold,Say My Name,Briston Maroney,Sunflower
OnHold,I Chase Dreams.,Dovydas,Chase Dreams
OnHold,You Go Down Smooth,Lake Street Dive,Bad Self Portraits
OnHold,Slip Slide,Nico Segal,Surf
OnHold,The Best Moment,j'san,The Best Moment
OnHold,Alive,Eliot Lipp,Shark Wolf Rabbit Snake
OnHold,Guillotine Billionaires,The Bright Light Social Hour,Enter Weed Martyr
OnHold,Responsibility,The Bright Light Social Hour,Enter Weed Martyr
OnHold,Psychonaut,Mr. Gnome,The Day You Flew Away
OnHold,Cop,Comforter,To-Go
OnHold,I Know,Glorietta,Glorietta
OnHold,Friends,Glorietta,Glorietta
OnHold,Eagle Beach,White Reaper,The World's Best American Band
OnHold,We'll Never Know the Place,Fever the Ghost,Crab in Honey
OnHold,Come Our Way,Karma Knows,Come Our Way
OnHold,Blue Magnolia,"Electrophunck, David Ramirez",Blue Magnolia
OnHold,Lincoln Creek,Glorietta,Glorietta
OnHold,Presumably Dead Arm (617 Sessions),Sidney Gish,Presumably Dead Arm (617 Sessions)
OnHold,Coalescence,Chris Christodoulou,Risk of Rain
OnHold,The Hounds,The Protomen,Act II: The Father Of Death
OnHold,System Failure,Shady Cicada,System Failure
OnHold,Reflection,TOOL,Lateralus
OnHold,Schism,TOOL,Lateralus
OnHold,One Life,the pillows,Flcl (Original Soundtrack)
OnHold,Stalker Goes to Babylon,the pillows,Flcl (Original Soundtrack)
OnHold,The Dog Is Mine,K-OS,BLack on BLonde
OnHold,Chairman Gou,James Supercave,Better Strange
OnHold,Sound Is Vibration,Atmosphere,Overcast! (20 Year Anniversary Remaster)
OnHold,Bats,The Uncluded,Hokey Fright (Deluxe Version)
OnHold,Delicate Cycle,The Uncluded,Hokey Fright (Deluxe Version)
OnHold,Undertow,Dan Auerbach,Waiting on a Song
OnHold,Our Space Heroine,Kendall Street Company,The Year the Earth Stood Still: Ninurta
OnHold,Rocky Raccoon,"Charlie Parr, Nicholas Mrozinski","Minnesota Beatle Project, Vol. 3"
OnHold,Crockpot,Slothrust,Of Course You Do
OnHold,Beowulf,Slothrust,Of Course You Do
OnHold,Astronaut,Sir Sly,"Don't You Worry, Honey"
OnHold,Puffin',emune,1993
OnHold,The Wolf,Black Carl,Borrowed
OnHold,Sure Don't Miss You,The Dip,The Dip Delivers
OnHold,O.P. Jebediah,The Dip,The Dip
OnHold,State Line,The Dip,The Dip
OnHold,Country Sh*t (Remix),"Big K.R.I.T., Ludacris, Bun B",Country Sh*t (Remix)
OnHold,She's Changing Me,Fleetwood Mac,Heroes Are Hard to Find
OnHold,Silver Heels,Fleetwood Mac,Heroes Are Hard to Find
OnHold,Born Enchanter,Fleetwood Mac,Heroes Are Hard to Find
OnHold,Say You Love Me - Early Version,Fleetwood Mac,Fleetwood Mac (Deluxe Edition)
OnHold,You Look Good to Me,Fly Golden Eagle,Quartz
OnHold,Fussin',"Royal Canoe, Begonia",Fussin'
OnHold,Where Is Thunder Road?,Walker Lukens,Tell It to the Judge
OnHold,Call Me (On the Phone),Dante Elephante,Rare Attractions
OnHold,Talk to the Moon,Ripe,Hey Hello
OnHold,Kitty Chaser (Explosions),Aqueous,Cycles
OnHold,One Track Mind,Spanish Gold,South Of Nowhere
OnHold,Little Darling,Sweet Crude,Super Vilaine
OnHold,Kings,Steely Dan,Can't Buy A Thrill
OnHold,The Good Doctor,The Protomen,Act II: The Father Of Death
OnHold,Breaking Out,The Protomen,Act II: The Father Of Death
OnHold,Never Trust a Junkie,Dante Elephante,Anglo-Saxon Summer
OnHold,I Could Have Lied,Red Hot Chili Peppers,Blood Sugar Sex Magik (Deluxe Edition)
OnHold,Mellowship Slinky in B Major,Red Hot Chili Peppers,Blood Sugar Sex Magik (Deluxe Edition)
OnHold,Another World,GRiZ,Rainbow Brain
OnHold,Vibe Check,GRiZ,Rainbow Brain
OnHold,Little Bird,Livingmore,Little Bird - Single
OnHold,25 or 6 to 4 - 2002 Remaster,Chicago,Chicago II
OnHold,Feed the Machine,Poor Man's Poison,Feed the Machine
OnHold,Devils Price,Poor Man's Poison,Poor Man's Poison
OnHold,Counting Sheep,Livingmore,Counting Sheep
OnHold,Strange Hopefuls,Livingmore,OK to Land
OnHold,Egg Shells,Livingmore,OK to Land
OnHold,Pass the Salt,Night Spins,Pass the Salt
OnHold,A Trip Around the Moon,Unicorn Heads,On Beach
OnHold,Joop,YAM YAM,YAM YAM
OnHold,Mirage a Trois,"Dragondeer, Jordan Linit, Jeff Franca",Mirage a Trois
OnHold,Baby Come On,Clear Plastic Masks,Being There
OnHold,Tell Your Mother,Dr JOE,Tell Your Mother
OnHold,Aurora,Caverns,Tonche
OnHold,Other Side of Jupiter,GRiZ,Rainbow Brain
OnHold,Infinite,GRiZ,Rainbow Brain
OnHold,Alrighty Aphrodite,Peach Pit,Being So Normal
OnHold,Drop the Guillotine,Peach Pit,Being So Normal
OnHold,Bound,Julianna Money,In the Valley
OnHold,Black Sheep,Metric,Black Sheep
OnHold,Love U Like the Sun in June,Ryan Scott,A Freak Grows in Brooklyn
OnHold,The Gatsby Express,Sweet Plot,The Plot Thickens
OnHold,Metropolis,Octave Cat,Octave Cat
OnHold,Cold Sushi,Myke Bogan,Cold Sushi
OnHold,Big Things,"Old Man Saxon, Mount Cyanide",Big Things
OnHold,1969,Little Stranger,Styles & Dynamics
OnHold,Bipolar Ball,Sylmar,Bipolar Ball
OnHold,Roll It Back,LUTHI,Roll It Back
OnHold,High to Low,Brent Cowles,High to Low
OnHold,No Smoke,Bendigo Fletcher,No Smoke
OnHold,Longshot (7 Nights),Miike Snow,iii
OnHold,Warm Animal,Sure Sure,What's It Like?
OnHold,On the Run,Hedonistas,On the Run
OnHold,Turncoat,Pickwick,LoveJoys
OnHold,In Time,Pickwick,LoveJoys
OnHold,Lady Luck (feat. Sharon Van Etten),"Pickwick, Sharon Van Etten",Can't Talk Medicine
OnHold,On the Horizon,Manic Focus,Cerebral Eclipse
OnHold,Swervin',Fat Tony,Macgregor Park
OnHold,My Buick - Live Sesh,Louis Cole,Live Sesh and Xtra Songs
OnHold,Road Funk,Euforquestra,Fire
OnHold,Electric Abdomen,Landlady,The World Is a Loud Place
OnHold,Blueberry Queen,Leach,Kokedama
OnHold,Stay Up,Dezmond Dane,The Album in Blue
OnHold,Brainwash,Wookiefoot,Ready or Not...
OnHold,Afterglow,Pet Fangs,Ultra Deluxe
OnHold,That's That,Herbal T,Lo-Fi Blow Dry
OnHold,Nothing Is Something Worth Doing,Shpongle,Ineffable Mysteries From Shpongleland
OnHold,Ascension,Pickwick,LoveJoys
OnHold,Your Sweet Touch,Bahamas,Barchords
OnHold,Faba,Dopapod,Never Odd or Even
OnHold,Pull It Together,The Greeting Committee,This Is It
OnHold,"To Be Young (Is to Be Sad, Is to Be High) [Outtake]",Ryan Adams,Heartbreaker (Deluxe Edition)
OnHold,Heavy Jesus,Honus Honus,Use Your Delusion
OnHold,Santa Monica,Honus Honus,Use Your Delusion
OnHold,Poor Boy,Willie and the Giant,Poor Boy
OnHold,Northside Dr. (feat. Yung Skrrt),"Fat Tony, Pregnant Boy, Yung Skrrt",Snak Pak
OnHold,BKNY (feat. Old Money),"Fat Tony, Old Money",Smart Ass Black Boy
OnHold,Run It (feat. Rick Ross & Rich Brian),"DJ Snake, Rick Ross, Rich Brian",Run It (feat. Rick Ross & Rich Brian)
OnHold,"ドミノ・ライン - Live at Chuo Kaikan Hall, Tokyo, Feb. 1982",CASIOPEA,MINT JAMS(Live)
OnHold,International Lover,Madaila,The Dance
OnHold,The Dance,Madaila,The Dance
OnHold,The Ride,Madaila,The Dance
OnHold,I Don't Want to Rest,Madaila,The Dance
OnHold,Mrs. Fahrenheit,"Clans, Marathon",Mrs. Fahrenheit
OnHold,Present Ghosts,Dopapod,Never Odd or Even
OnHold,Telepathy,Doom Flamingo,Telepathy
OnHold,Spinach,Honey Hounds,No Sleep
OnHold,I Got What You Need,Honey Hounds,No Sleep
OnHold,Let's Talk,EMEFE,Time
OnHold,Sun Spat,EMEFE,EMEFE
OnHold,Closer to Home,Consider the Source,That's What's Up
OnHold,Putty Boy Strut,BADBADNOTGOOD,Spotify Live
OnHold,Ruby Cumulous,Rx Bandits,"Gemini, Her Majesty"
OnHold,Midnight Voyage,Ghostland Observatory,Paparazzi Lightning
OnHold,Oh-Lawd,Jarv & Thief,The Boiler Room
OnHold,Take It Back,Tumbleweed Wanderers,So Long
OnHold,Stargazer,Rx Bandits,"Gemini, Her Majesty"
OnHold,Fire To The Ocean,Rx Bandits,"Gemini, Her Majesty"
OnHold,G2G,Rx Bandits,"Gemini, Her Majesty"
OnHold,Daily Routine,"GRiZ, Big Gigantic, ProbCause",Rainbow Brain
OnHold,Slack-Jaw,Jarv & Thief,The Boiler Room
OnHold,Commercial,Jarv & Thief,The Boiler Room
OnHold,Hot Yoga,Jarv & Thief,The Boiler Room
OnHold,Basics,Jarv & Thief,The Boiler Room
OnHold,Sometime,Jarv & Thief,The Boiler Room
OnHold,Bad Woman,Jarv & Thief,The Boiler Room
OnHold,Love & Loss,Jarv & Thief,The Boiler Room
OnHold,Cards,Jarv & Thief,The Boiler Room
OnHold,Cut Loose,Jarv & Thief,The Boiler Room
OnHold,What a Life,Jarv & Thief,The Boiler Room
OnHold,Red Rover (with Jarv),"Little Stranger, Jarv",Red Rover (with Jarv)
OnHold,Sunburn (with Tropidelic),"Little Stranger, Tropidelic",Red Rover (with Jarv)
OnHold,Happy Pills (feat. Karra),"Sword Beach, Karra",Happy Pills (feat. Karra)
OnHold,Overlord,Sword Beach,Overlord
OnHold,Boomp!,Busta Rhymes,Extinction Level Event 2: The Wrath of God
OnHold,Addiction (feat. Lil Wayne & Saweetie),"Big K.R.I.T., Lil Wayne, Saweetie",K.R.I.T. IZ HERE
OnHold,Time to Spare,Celeste Krishna,"Those Words, Those Frames"
OnHold,Seven Hundred Miles,Sleepy Dog,Seven Hundred Miles
OnHold,Daily Bread,The Busty Petites,The Busty Petites
OnHold,Möbius Chicken Strip,Origami Angel,GAMI GANG
OnHold,More Like Jason,Little Tybee,Little Tybee
OnHold,Golden Delilah,Little Tybee,Little Tybee
OnHold,Good People,"Thundersmack, Honeycomb",Good People
OnHold,Look at the Stars,Motifv,The Path
OnHold,Crown (feat. Portugal. The Man),"Flatbush Zombies, Portugal. The Man",Vacation In Hell
OnHold,Bag Full of Money,Little Stranger,Techniques
OnHold,Going Down Slow,Exmag,Part I
OnHold,Spliff Temple,"Exmag, JNTHN STEIN, Mick Jenkins",Part I
OnHold,Low Tide,Exmag,The Walls That Divide Us
OnHold,Crave,Dani Bell and the Tarantist,Dark West
OnHold,Ancient Golden Star,Dangermuffin,Songs for the Universe
OnHold,"Young Lady, You're Scaring Me",Ron Gallo,HEAVY META
OnHold,creature,half•alive,"Now, Not Yet"
OnHold,Oh Ana,Mother Mother,Touch Up
OnHold,Blossom Roses,Her,Her
OnHold,Isle Of Her,Klaxons,Myths Of The Near Future
OnHold,Hallow Fate,Gin Wigmore,Ivory
OnHold,Run Boy Run,Woodkid,The Golden Age
OnHold,Great Vacation,Dirt Poor Robins,The Raven Locks Act 3
OnHold,Brutus,The Buttress,Brutus
OnHold,4ÆM,Grimes,4ÆM
OnHold,Dust It Off,The Dø,Both Ways Open Jaws
OnHold,Roots,Carmanah,Speak in Rhythms
OnHold,She,dodie,Human
OnHold,Charlie's Inferno,That Handsome Devil,"The Heart Goes to Heaven, the Head Goes to Hell"
OnHold,Fairytale,Alexander Rybak,Fairytale
OnHold,Landscape With a Fairy,aspidistrafly,A Little Fable
OnHold,Glass,Blood Cultures,Oh Uncertainty! A Universe Despairs
OnHold,Odeum,Gin Wigmore,Ivory
OnHold,Mad Cali Transit,Decorator,Transit
OnHold,Stalker's Tango,Autoheart,Lent
OnHold,Moscow,Autoheart,Punch
OnHold,Lent,Autoheart,Lent
OnHold,Daydreamer,AURORA,A Different Kind Of Human (Step II)
OnHold,August,flipturn,Citrona
OnHold,Starchild,Ghost Quartet,Ghost Quartet
OnHold,Ship in a Bottle,fin,Lost at Sea
OnHold,Cool Jam,Houndmouth,Good For You
OnHold,Volatile Times,IAMX,Volatile Times
OnHold,Voodoo People - Pendulum Mix,"The Prodigy, Pendulum",Their Law The Singles 1990 - 2005
OnHold,Green Fuzz,Naked Giants,Green Fuzz
OnHold,Lover I Don't Have to Love,Bright Eyes,"LIFTED or The Story Is in the Soil, Keep Your Ear to the Ground"
OnHold,Change,Blind Melon,Blind Melon
OnHold,I Wonder,Blind Melon,Blind Melon
OnHold,Tones Of Home,Blind Melon,Blind Melon
OnHold,Paper Scratcher,Blind Melon,Blind Melon
OnHold,Holyman,Blind Melon,Blind Melon
OnHold,Lump,The Presidents Of The United States Of America,The Presidents of The United States of America: Ten Year Super Bonus Special Anniversary Edition
OnHold,Lotus Island,Buckethead,Inbred Mountain
OnHold,Opelika Yella,Cbdb,Out of Line
OnHold,Blush,Wolf Alice,Blush EP
OnHold,The Bug Collector,Haley Heynderickx,I Need to Start a Garden
OnHold,Running Away,"VANO 3000, BADBADNOTGOOD, Samuel T. Herring",Running Away
OnHold,Time Moves Slow,"BADBADNOTGOOD, Samuel T. Herring",IV
OnHold,From Tha Back Miss The Rage (Interlude),framed,From Tha Back Miss The Rage (Interlude)
OnHold,Gavotte de carotte - Klischée Remix,"Traktorkestar, Klischée",Electro Swing 8 by Bart&Baker: The Best Electronic Jazz Swing Music Selection (with Jazz Radio)
OnHold,"Jump Up, Super Star!","VGR, Jenny","Jump Up, Super Star!"
OnHold,Hunger And Thirst,Typhoon,White Lighter
OnHold,Sleeptalking,"Just A Gent, Greta Stanley",Sleeptalking
OnHold,Nova,"Just A Gent, Jacknife",Nova
OnHold,The Change - Just A Gent Remix,"What So Not, DMA'S, Just A Gent",The Change (Just A Gent Remix)
OnHold,No Time Left,"Just A Gent, SAYAH",No Time Left
OnHold,Living in a Dream (feat. Natalie Major) [Just A Gent & Luceo Remix],"Quinn Karter, Just A Gent, Luceo, Natalie Major",Living in a Dream (feat. Natalie Major) [Just A Gent & Luceo Remix]
OnHold,ELEMENT 13,Just A Gent,AUTOPILOT
OnHold,Just A Little While,The 502s,Could It Get Better Than This
OnHold,Do You,Morganne,Do You
OnHold,Orange,"Julianna Joy, Ariza",Orange
OnHold,Sun King,The Bright Light Social Hour,Sun King
OnHold,Monacillo,Argonaut & Wasp,STARLIGHT 99
OnHold,I'll Be Here A While,Pink Skies,SPECTRA
OnHold,Be Cool,j. pastel,Waiting Days
OnHold,HALOHEAD,"KUNZITE, Ratatat",HALOHEAD
OnHold,O.N.E.,King Gizzard & The Lizard Wizard,L.W.
OnHold,The Melting Of The Sun,St. Vincent,The Melting Of The Sun
OnHold,When She's Gone,Josh Fudge,Fun Times
OnHold,Seize the Day,Blac Rabbit,Seize the Day
OnHold,Ultraviolet,King Tuff,The Other
OnHold,Work This Time,King Gizzard & The Lizard Wizard,Oddments
OnHold,Poor George,James Supercave,Never Happened
OnHold,Haunted Song,Amarante,Enchanting The Siren
OnHold,The Mariner's Revenge Song,The Decemberists,Picaresque
OnHold,Some Feeling,Mild Orange,Foreplay
OnHold,Ugo,The Dead Pirates,Ugo
OnHold,In My Dreamz,"Champagne Drip, Linney",In My Dreamz
OnHold,Gimme! Gimme! Gimme! (A Man After Midnight),ABBA,Voulez-Vous
OnHold,Ah Jeez - Manic Focus Remix,"The Floozies, Manic Focus",Ah Jeez (Manic Focus Remix)
OnHold,Gratitude,Dem Atlas,Bad Actress
OnHold,Too Low To Get High,Kalu & The Electric Joint,Time Undone
OnHold,J Walk,"FINKEL, LMNOP, NNAMDÏ",J Walk
OnHold,Yippie Ki Yay,Dan & Drum,Bubble Rap
OnHold,Grace,Future Generations,Future Generations
OnHold,Arnold Palmer,Jeb Bush Orchestra,3 for 1
OnHold,San Antone,The Ghost of Paul Revere,Believe
OnHold,Exoskeleton,Dan Luke and the Raid,Out Of The Blue
OnHold,Condo,Andre Bernier,Where the Light Won't Reach
OnHold,Lazy Minds,Mo Lowda & the Humble,Curse the Weather
OnHold,Two,Mother Mother,Inside (Deluxe)
OnHold,Sick of The Silence,Mother Mother,Inside (Deluxe)
OnHold,Forgotten Souls,Mother Mother,Inside (Deluxe)
OnHold,Pure Love,Mother Mother,Inside (Deluxe)
OnHold,Weep,Mother Mother,Inside (Deluxe)
OnHold,The Knack,Mother Mother,Inside (Deluxe)
OnHold,Like a Child,Mother Mother,Inside (Deluxe)
OnHold,Breathe,Mother Mother,Inside (Deluxe)
OnHold,Inside,Mother Mother,Inside (Deluxe)
OnHold,Hayloft II,Mother Mother,Inside (Deluxe)
OnHold,All the Dying,Mother Mother,Inside (Deluxe)
OnHold,Frying Pan,Mother Mother,Inside (Deluxe)
OnHold,Conversations,Mother Mother,Inside (Deluxe)
OnHold,Turpentine,Mother Mother,Inside (Deluxe)
OnHold,Like a Child - Piano Demo,Mother Mother,Inside (Deluxe)
OnHold,Greyhound,Pell,Greyhound
OnHold,Here In Spirit,Jim James,Eternally Even
OnHold,Jumping At the Shadows,Mo Lowda & the Humble,Curse the Weather
OnHold,Algo Familiar,"Nouvelle Vague, Liset Alea",I Could Be Happy
OnHold,Let Me Follow,Son Lux,Original Music from and Inspired By: The Disappearance of Eleanor Rigby (Original Motion Picture Soundtrack)
OnHold,Breathe Easy,Hodera,United by Birdcalls
OnHold,Let Go,Everest,On Approach
OnHold,Rebels In The Roses,Everest,Ghost Notes
OnHold,The Season,All Get Out,The Season
OnHold,Pantherland,Ghost Soul,Too Many Futures
OnHold,Georgia,Family Jools,Georgia
OnHold,Fight Club,Strawberry Girls,French Ghetto
OnHold,Mucho,Dopapod,Megagem
OnHold,Cool Hand,"L'Orange, Jeremiah Jae, Chester Watson",Complicate Your Life with Violence
OnHold,How to Get By,The Electric Sons,Arrival
OnHold,Young Blood,The Districts,A Flourish and A Spoil
OnHold,Stray (feat. David Shaw),"Naughty Professor, David Shaw",Identity
OnHold,I Say Fever,Ramona Falls,Intuit
OnHold,Rogue,Cobra Man,Toxic Planet
OnHold,Into the Mirror,Minus the Bear,Omni
OnHold,Horny Hippies,The Dodos,Beware of the Maniacs
OnHold,Mind on Fire,Aisha Badru,Mind on Fire
OnHold,Starscape,Brendan Engel,The Universe
OnHold,Monster Truck,"Jazmin Bean, Zheani",Monster Truck
OnHold,Celebrate,Spencer Jacob,Never Home
OnHold,Evergreen,Bendigo Fletcher,Fits Of Laughter
OnHold,Murky,Pher,Murky
OnHold,Big Coat,Wiretree,Bouldin
OnHold,La Familia (Guy Sigsworth),Mirah,Joyride: Remixes
OnHold,Patterns,Band Of Skulls,Baby Darling Doll Face Honey
OnHold,DHLC,Flume,Palaces
OnHold,Jasper's Song,Flume,Palaces
OnHold,Cold Blooded,ZHU,GENERATIONWHY
OnHold,Rich Spirit,Kendrick Lamar,Mr. Morale & The Big Steppers
OnHold,We Cry Together,"Kendrick Lamar, Taylour Paige",Mr. Morale & The Big Steppers
OnHold,cut my fingers off,Ethan Bortnick,cut my fingers off
OnHold,Gotta Get Up,Harry Nilsson,Nilsson Schmilsson
OnHold,Todd and Janelle,Wolfie's Just Fine,I Remembered but Then I Forgot
OnHold,Red Fish,Matthew Logan Vasquez,Does What He Wants
OnHold,Trailer Park,Matthew Logan Vasquez,Light'n Up
OnHold,Makin' Excuses,Mister Heavenly,Boxing the Moonlight
OnHold,Take My Hand (feat. Swamburger & Aesop Rock),Dark Time Sunshine,ANX
OnHold,Puppet Loosely Strung,The Correspondents,Puppet Loosely Strung
OnHold,ODIUM,"LXST CXNTURY, Kingpin Skinny Pimp",UNIVERSE OF THE PAST
OnHold,Rhinestone Eyes,James Supercave,Rhinestone Eyes
OnHold,Alligator,Jank,Versace Summer
OnHold,Tokyo Summer,Mounties,Thrash Rock Legacy
OnHold,Saturday,Whiskerman,Champions
OnHold,Fear & Delight,The Correspondents,Puppet Loosely Strung
OnHold,Inexplicable,The Correspondents,Foolishman
OnHold,Necromancin Dancin,Bear Ghost,Blasterpiece
OnHold,Starkiller,Bear Ghost,Blasterpiece
OnHold,Introduction to Blasterpiece,Bear Ghost,Blasterpiece
OnHold,Funkle Phil,Bear Ghost,Blasterpiece
OnHold,Gypsy,Bear Ghost,Blasterpiece
OnHold,Sickness for Nothing,Bear Ghost,Blasterpiece
OnHold,Hola Adriana,Bear Ghost,Blasterpiece
OnHold,Paradise,Bear Ghost,Blasterpiece
OnHold,All at Once,Bear Ghost,Blasterpiece
OnHold,Prelude,Bear Ghost,Blasterpiece
OnHold,Sirens,Bear Ghost,Sirens
OnHold,Big Town Banky Blaine's Rockabilly BBQ,Bear Ghost,Big Town Banky Blaine's Rockabilly BBQ
OnHold,Starstruck,Sorry,925
OnHold,engravings,Ethan Bortnick,engravings
OnHold,From The D 2 The LBC (with Snoop Dogg),"Eminem, Snoop Dogg",From The D 2 The LBC (with Snoop Dogg)
OnHold,The Rager,Kyle Craft,Full Circle Nightmare
OnHold,Eye of a Hurricane,Kyle Craft,Dolls of Highland
OnHold,Lady of the Ark,Kyle Craft,Dolls of Highland
OnHold,Slick & Delta Queen,Kyle Craft,Full Circle Nightmare
OnHold,Something on Your Mind,Kyle Craft,Girl Crazy
OnHold,Every Time the Sun Comes Up,Kyle Craft,Girl Crazy
OnHold,The Sound,Human Highway,Moody Motorcycle
OnHold,All My Words,The Way Down Wanderers,Illusions
OnHold,This Disorder,The Features,The Features
OnHold,Autobeat Airbus,Optimus Rhyme,School the Indie Rockers
OnHold,Original Sin,Fuckin Whatever,Fuckin Whatever
OnHold,Wash My Hands Shorty,The I.L.Y's,Bodyguard
OnHold,Chroma,Mt. Eddy,Chroma
OnHold,No Distance,Morning Teleportation,No Distance
OnHold,The Beach,Dr. Dog,Fate
OnHold,Forgotten,Tickle Torture,Spiritual Machete
OnHold,死ぬのがいいわ,Fujii Kaze,HELP EVER HURT NEVER
OnHold,Not the End of the World (Even as We Know It),Faded Paper Figures,Relics
OnHold,Judgement,Hot Sugar,Torchlight
OnHold,Tuff Ghost,The Unicorns,Who Will Cut Our Hair When We're Gone? (Remastered)
OnHold,Ariah Being,Kiev,Falling Bough Wisdom Teeth
OnHold,Plastic Skeletons,Jealous of the Birds,The Moths Of What I Want Will Eat Me In My Sleep
OnHold,Supermassive Automatic,Kick the Robot,Supermassive Automatic
OnHold,Yellow Brick Road,Dylan Cartlidge,Hope Above Adversity
OnHold,Sweet Tangerine,The Hush Sound,Like Vines
OnHold,That's Just Tips - Scaap Remix,"T-Pain, Scaap",That's Just Tips (Remix Pack)
OnHold,Preservation,"Wu-Tang Clan, Del The Funky Homosapien, Aesop Rock",Preservation
OnHold,Sincere,Bayonne,Primitives
OnHold,Cue,Papadosio,T.E.T.I.O.S
OnHold,Barleywine Bump,Larry and His Flask,By the Lamplight
OnHold,Animal - Saint Motel Remix,"ELEL, Saint Motel",Animal (Saint Motel Remix)
OnHold,Call For Help,Pearly Drops,Call For Help
OnHold,End of It,Friday Pilots Club,End of It
OnHold,Star,Allah-Las,LAHS
OnHold,Red Balloon,Deal Casino,Deal Casino
OnHold,All in My Mind,Vanilla,Origin
OnHold,Molly Is A Babe,WATERS,Something More!
OnHold,Night Moth,SunSquabi,Instinct
OnHold,polychromatic,slenderbodies,sotto voce
OnHold,I'll Be Around,The Growlers,City Club
OnHold,Bronx Sniper,Mister Heavenly,Out of Love
OnHold,Bring Us Together,The Asteroids Galaxy Tour,Bring Us Together
OnHold,People and Their Bits,Shoe,Sdaasloi
OnHold,Wash It All Away,San Cisco,Gracetown
OnHold,Mr. Finish Line (feat. Christine Hucal & Theo Katzman),"Vulfpeck, Christine Hucal, Theo Katzman",Mr Finish Line
OnHold,Change,Sir Sly,"Don't You Worry, Honey"
OnHold,Impossible Weight - feat. Sharon Van Etten,"Deep Sea Diver, Sharon Van Etten",Impossible Weight
OnHold,Burndt Jamb,Feed Me Jack,Covers
OnHold,The Dead Dog,Portugal. The Man,American Ghetto
OnHold,1979,Darlingside,Whippoorwill
OnHold,3BadSoSad,Private Island,5xx
OnHold,Cranium,Slothrust,Parallel Timeline
OnHold,Oleander,Mother Mother,Eureka
OnHold,To The Blade,Everything Everything,Get To Heaven (Deluxe)
OnHold,White Is Red,Death From Above 1979,The Physical World
OnHold,My Only Friend,Ill Spector,Ill Spector
OnHold,"Hey! Ya, You",The Elwins,Beauty Community
OnHold,Honey,Orchards,Honey
OnHold,Age Of You,Orchards,Losers/Lovers EP
OnHold,Darling,Orchards,Losers/Lovers EP
OnHold,Widowmaker,Five Alarm Funk,Sweat
OnHold,Awooga,Five Alarm Funk,Big Smoke
OnHold,Being so Normal,Peach Pit,Being So Normal
OnHold,Kirby,Aesop Rock,The Impossible Kid
OnHold,The Devil is Human,AURORA,The Devil is Human
OnHold,Old Friend,Sea Wolf,Old World Romance
OnHold,Immersive,Challenger Deep,Challenger Deep
OnHold,Tonight I Feel Like Kafka,Jealous of the Birds,Parma Violets
OnHold,Beggar in the Morning,The Barr Brothers,The Barr Brothers
OnHold,"No Woman, No Cry - Live At The Lyceum, London/1975",Bob Marley & The Wailers,Live!
OnHold,Round The Corner,Psychedelic Porn Crumpets,Shyga! The Sunlight Mound
OnHold,House of Circles,Mr. Gnome,Madness In Miniature
OnHold,We Used To Vacation,Cold War Kids,Robbers & Cowards
OnHold,Oh Honey,Neighbor Lady,Maybe Later
OnHold,Stubborn Forces,Sjowgren,Stubborn Forces
OnHold,Autumn In Analog,Zelliack,Noir Tone EP
OnHold,Dreams Wash Away,Joe Wong,Nite Creatures
OnHold,Idiot,Sure Sure,Idiot
OnHold,Limbo - Sped Up,Freddie Dredd,Freddie's Inferno (Deluxe)
OnHold,Ghost of Chicago,Noah Floersch,Ghost of Chicago
OnHold,Yoake,Mei Semones,Tsukino
OnHold,Tsukino,Mei Semones,Tsukino
OnHold,"Hello, Good Night",The Aquabats!,"The Aquabats! vs the Floating Eye of Death! and Other Amazing Adventures, Vol. 1"
OnHold,Other Lover,Mikaela Davis,Delivery
OnHold,Again,"Nice Guys, Jaguar Sun",Nice Guys Love You (Vol. 1)
OnHold,Carry Your Heart,Wildermiss,Carry Your Heart
OnHold,Favorite Liar,The Wrecks,We Are The Wrecks
OnHold,Hello Cruel World,Dent May,Across The Multiverse
OnHold,Cadaver,Landlady,The World Is a Loud Place
OnHold,Surf Music,Paul Williams,Surf Music
OnHold,Shiver,San Fermin,Shiver
OnHold,"Alexa, Play the Blues",PREACHERVAN,Homeboy Neptune
OnHold,Meateater,ALASKALASKA,The Dots
OnHold,Goggles,Post Animal,Post Animal Perform the Most Curious Water Activities
OnHold,Headphones,Mounties,Thrash Rock Legacy
OnHold,Just Didn't Need To Know (Alt. Version),The Shivers,"Abandoned Memory House (Demos, B-Sides & Rarities)"
OnHold,Houdini,Fuckin Whatever,Houdini
OnHold,Paranoia,Liza Anne,Fine But Dying
OnHold,Every Day is Sunday,The Slackers,Self Medication
OnHold,Dig Up the Dead,Mansions,Dig Up the Dead
OnHold,Evelyn,"Kim Tillman, Silent Films",Evelyn
OnHold,Dark Saturday,Metric,Art of Doubt
OnHold,Russian Roulette,Kim Tillman,solitary season
OnHold,The Locksmith,Kim Tillman,solitary season
OnHold,Beginner's Luck,Jealous of the Birds,Beginner's Luck
OnHold,Bukowski,Modest Mouse,Good News For People Who Love Bad News
OnHold,Once Upon a Time in the Suburbs,Kai Straw,To Dream Beneath the Scorpion
OnHold,New Drugs Freestyle,Kai Straw,To Dream Beneath the Scorpion
OnHold,Mr. Rocket Shoes,Kai Straw,To Dream Beneath the Scorpion
OnHold,Just a Low,Kai Straw,To Dream Beneath the Scorpion
OnHold,Live Good,Kai Straw,To Dream Beneath the Scorpion
OnHold,Euphoria,Kai Straw,To Dream Beneath the Scorpion
OnHold,All We Have Is Now,The Modern Electric,Original Motion Picture Soundtrack
OnHold,Duvet,bôa,Twilight
OnHold,The Hustle,Kiltro,Creatures of Habit
OnHold,Ball of the Dead Rat,The Teeth,You're My Lover Now
OnHold,Love You Wrong,Husky Loops,SPOOL
OnHold,Smoke Rings,Modern Vices,Modern Vices
OnHold,Freeze Me,Death From Above 1979,Outrage! Is Now
OnHold,No Mistake,Attica Riots,Love Sunshine & Hysteria
OnHold,No Hands,Attica Riots,Love Sunshine & Hysteria
OnHold,Comforting the Disturbed and Disturbing the Comfortable,Dead To Me,I Wanna Die in Los Angeles
OnHold,That band (Bocchi the Rock!),Mattyyym,That band (Bocchi the Rock!)
OnHold,あのバンド,結束バンド,結束バンド
OnHold,Nothing in This Town,The Dig,Moonlight Baby
OnHold,Long Way,Laney Jones,Stories up High
OnHold,Hold the Fort,"Berta Bigtoe, Smushie",Hold the Fort
OnHold,Harriet,Hey Rosetta!,Second Sight
OnHold,Black Cadillac,Mondo Cozmo,New Medicine
OnHold,I Wanna Prove to You,The Lemon Twigs,Do Hollywood
OnHold,Counting Down the Hours,"Ted Leo and the Pharmacists, The Pharmacists",Shake the Sheets
OnHold,Without a Trace (feat. Eric Benny Bloom),"Naughty Professor, Eric Benny Bloom",Identity
OnHold,In Waves,House of Waters,House of Waters
OnHold,Smoke Alarm,Carsie Blanton,Idiot Heart
OnHold,Drunk Drivers/Killer Whales,Car Seat Headrest,Teens Of Denial
OnHold,Emergency,Feed Me Jack,Ultra Ego
OnHold,Get Ready - Radio Edit,The Harpoonist & the Axe Murderer,Get Ready (Radio Edit)
OnHold,Popular - Friction Remix,"Friction, Upgrade (UK)",Popular (Friction Remix [UKF10])
OnHold,Propper,Upgrade (UK),Ride Out EP
OnHold,vampire,Olivia Rodrigo,vampire
OnHold,Dance Me A Number,The Steepwater Band,Revelation Sunday
OnHold,Edward 40hands,Mom Jeans.,Best Buds
OnHold,Holy Ghost,Bent Knee,Land Animal
OnHold,Hole,Bent Knee,Land Animal
OnHold,Army Of Ancients,Dr. Dog,Fate
OnHold,Blame Myself,Guantanamo Baywatch,Desert Center
OnHold,Shotgun,Earl Greyhound,Suspicious Package
OnHold,Toes Across The Floor,Blind Melon,Soup
OnHold,2 X 4,Blind Melon,Soup
OnHold,Vernie,Blind Melon,Soup
OnHold,Capital G,Nine Inch Nails,Year Zero
OnHold,Insides In,Bent Knee,Land Animal
OnHold,Land Animal,Bent Knee,Land Animal
OnHold,Time Deer,Bent Knee,Land Animal
OnHold,Belly Side Up,Bent Knee,Land Animal
OnHold,The Well,Bent Knee,Land Animal
OnHold,Boxes - .,Bent Knee,Land Animal
OnHold,You Can't Hide,Maktub,Khronos
OnHold,Lost in the Cold,Twiddle,Plump (Chapters 1 & 2)
OnHold,Charlotte,The Kite Machine,The Kite Machine
OnHold,Someday,Fat Night,Lazy Days
OnHold,Ottoman,Vampire Weekend,Ottoman
OnHold,Mountain Heart,Church of the Cosmic Skull,Is Satan Real?
OnHold,Weird Side,"Oliver Hart, Eyedea",The Many Faces of Oliver Hart or: How Eye One The Write Too Think
OnHold,(Untitled) Love Song,Romany Rye,Quicksilver Sunbeam
OnHold,Shining On,Big D and the Kids Table,Strictly Rude
OnHold,Dance With Me,Native America,Grown Up Wrong
OnHold,Champion,Redlight King,Moonshine
OnHold,You Got I Want,Prism Bitch,The Getaway
OnHold,Airstream Driver,Gomez,A New Tide
OnHold,Are You,The Delta Saints,Monte Vista
OnHold,Grey Morning,FOXTRAX,Grey Morning
OnHold,Mindful Solutionism,Aesop Rock,Mindful Solutionism
OnHold,Mula,Eliminate,Mula
OnHold,SAY,Knock2,2HEARTs
OnHold,Bubble Dream,Chon,Newborn Sun
OnHold,Northwind,Kayoh,Northwind
OnHold,My Type,Sugar Pine 7,My Type
OnHold,Gravity,Nico Vega,Nico Vega
OnHold,I Heard I Had,Dear Rouge,Black To Gold
OnHold,Kickin' Hard,Klubbheads,Kickin' Hard (DJ Daddy Trance Remix)
OnHold,Put A Donk On It,The Blackout Crew,Party Songs Vol 18
OnHold,A Happening,hyperstory,Hyperstory
OnHold,Holy,Frightened Rabbit,Pedestrian Verse
OnHold,Race,Alex G,Race
OnHold,Not Going Home,"Cody Ko, Sunday Scaries",Not Going Home
OnHold,Moderation,"Cody Ko, Space Rangers",Moderation
OnHold,CALYPSO,"ero808, NXSTY",CALYPSO
OnHold,Stuck On You,MashBit,Stuck On You
OnHold,Falling For You,"Repiet, LVRNS, Luxor, Rico 56",Falling For You
OnHold,G.U.Y.,Lady Gaga,ARTPOP
OnHold,Middle Earth,"Ceschi, Factor Chandelier, Sammus","Sad, Fat Luck"
OnHold,What We've Got,"Manatee Commune, Flint Eastwood",Manatee Commune
OnHold,Look At What the Light Did Now,"Flo Morrissey, Matthew E. White","Gentlewoman, Ruby Man"
OnHold,Walrus,D.D Dumbo,Utopia Defeated
OnHold,Anywhere,Shoos Off,Issues
OnHold,So What,Pinegrove,11:11
OnHold,Need 2,Pinegrove,Everything So Far
OnHold,Twirl Me,"Wildlight, The Polish Ambassador, Ayla Nereo",Hers Was as Thunder
OnHold,HOOLIGANG,Joey Valence & Brae,HOOLIGANG
OnHold,It's Time To Come Home,The Rentals,Lost In Alphaville
OnHold,Snowflake,Malachai,Ugly Side Of Love
OnHold,Give Us the Gold,Bent Knee,You Know What They Mean
OnHold,Big Town Banky Blaine's Rockabilly Bbq,Bear Ghost,Jiminy
OnHold,the vibe,KAMAUU,LACUNA in The House Of Mirrors
OnHold,advantages,KAMAUU,LACUNA in The House Of Mirrors
OnHold,flings,KAMAUU,LACUNA in The House Of Mirrors
OnHold,situations,KAMAUU,LACUNA in The House Of Mirrors
OnHold,home,KAMAUU,LACUNA in The House Of Mirrors
OnHold,Lost Ya,BoomBox,Filling in the Color
OnHold,Told You I'd Be with the Guys,Cherry Glazerr,Apocalipstick
OnHold,Woo!,Remi Wolf,I'm Allergic To Dogs!
OnHold,Trinity,Computer Magic,Kitsuné: Orion
OnHold,Come For Me,Sunflower Bean,Come For Me
OnHold,Vitals,Mutemath,Vitals
OnHold,World War II (Pt. 2),Wax Fang,La La Land
OnHold,Up To No Good,The Hoosiers,The Secret Service
OnHold,Clouds & Cream,Sticky Fingers,Caress Your Soul
OnHold,The Boy,Shannon & The Clams,Onion
OnHold,Under The Gun,Electric Guest,Mondo (Expanded Edition)
OnHold,Mountain Man,Crash Kings,Crash Kings
OnHold,Do You Wanna Live?,Los Porcos,Porco Mio
OnHold,Roll Back The Years,"Dorsal Fins, Joe Neptune",Digital Zodiac
OnHold,Spring,"Flume, Eprom",Hi This Is Flume (Mixtape)
OnHold,euphoria,Kendrick Lamar,euphoria
OnHold,American Woman,Lenny Kravitz,5
OnHold,At Night,Macross 82-99,Summer Touch
OnHold,Pesticides - Acoustic,Moselle,Pesticides (Acoustic)
OnHold,The Room Is Filled With People That Love You,Foresight,The Room Is Filled With People That Love You
OnHold,More Like Jason,Little Tybee,Little Tybee
OnHold,she wants me too,wilt,wilt
OnHold,Maybes - RAC Mix,"Giraffage, Japanese Breakfast, RAC",Too Real (Remixes)
OnHold,Take A Chance,Naked Giants,The Shadow
OnHold,Movie Screen,Tommy Newport,Tommy Gun
OnHold,Oil Show,Radiation City,Synesthetica
OnHold,Love as a Weapon,Little Scream,Cult Following
OnHold,Hacienda Motel,Pickwick,Can't Talk Medicine
OnHold,Multi-Love,Unknown Mortal Orchestra,Multi-Love
OnHold,Where'd All the Time Go?,Dr. Dog,"Shame, Shame (Deluxe Edition)"
OnHold,Lo Air,Dead Poet Society,Lo Air
OnHold,Fill In The Blank,Car Seat Headrest,Teens Of Denial
OnHold,Heat Seeker,"DREAMERS, grandson",Heat Seeker
OnHold,Hi Ren,Ren,Hi Ren
OnHold,Sweet Little Lady,"The Big Push, Ren",Sweet Little Lady
OnHold,The Walker,Fitz and The Tantrums,More Than Just a Dream (Deluxe Edition)
OnHold,Rill Rill,Sleigh Bells,Treats
OnHold,Testify,Rage Against The Machine,The Battle Of Los Angeles
OnHold,Life Has Value,Chill Bump,Hidden Strings - EP
OnHold,Disco Man,Remi Wolf,I'm Allergic To Dogs!
OnHold,Tuesday,Flavor Wave,Tuesday
OnHold,VIEWS,"Noga Erez, Reo Cragun, ROUSSO",KIDS (Bonus Edition)
OnHold,Typhoons,Royal Blood,Typhoons
OnHold,Let The Band Play,Badflower,Temper
OnHold,icantbelieveiletyougetaway,aldn,icantbelieveiletyougetaway
OnHold,Forward Feeling,Oketo,I Am Here You Are Now
OnHold,Mordor,Oketo,Oketo
OnHold,Wonderful Nothing,Glass Animals,I Love You So F***ing Much
OnHold,LBL,Dangermuffin,Dangermuffin
OnHold,Absentee,Jack Campbell,Absentee
OnHold,The Good & Soulful Stuff,Kevin Sloan,The Good & Soulful Stuff
OnHold,Hollywood Not,Little Stranger,Trip Around Saturn
OnHold,Shadow in the Sun,Joe P,Shadow in the Sun
OnHold,Planet X,Calimossa,Habaneros
OnHold,THE FILLER,Thundersmack,GET UP
OnHold,Love Thy Soul,Calimossa,Honey Days
OnHold,T-Shirt,The Beaches,Late Show
OnHold,Sheets of Green,Cat Clyde,Ivory Castanets
OnHold,Origins,Tennis,Young & Old
OnHold,Our Swords,Band of Horses,Everything All The Time
OnHold,Fallen Bees,Sleepy Dog,Amor Fati
OnHold,If I Got It (Your Love Brought It),Aaron Frazer,Introducing...
OnHold,Back Pocket,Vulfpeck,Thrill of the Arts
OnHold,Septette for the Dead Princess,RichaadEB,Bullet Hell
OnHold,ツェペシュの幼き末裔 ～ 亡き王女の為のセプテット,"ZUN, 交響アクティブNEETs",東方フィルハーモニー交響楽団１ 紅
OnHold,Touhou Project: Maiden's Capriccio / Dream Battle (Remix),Edison Lee,"Toho Teatime, Ep.1"
OnHold,Flowering Night,YaboiMatoi,Lunatic - Touhou Metal
OnHold,フラワリングナイト / あきやまうに,黄昏フロンティア,全人類ノ天楽録
OnHold,The Way We Get By,Spoon,Kill the Moonlight
OnHold,Jealousy,Spencer Sutherland,In His Mania
OnHold,WTH - Original Mix,MADZI,WTH
OnHold,Fire and Rain - 2019 Remaster,James Taylor,Sweet Baby James (2019 Remaster)
OnHold,Saving A Life,Richard Houghten,Sonata De Grillo
OnHold,Green Jewels,Kriill,Kriill
OnHold,"Sticky (feat. GloRilla, Sexyy Red & Lil Wayne)","Tyler, The Creator, GloRilla, Sexyy Red, Lil Wayne",CHROMAKOPIA
OnHold,Noid,"Tyler, The Creator",CHROMAKOPIA
OnHold,Thought I Was Dead (feat. ScHoolboy Q & Santigold),"Tyler, The Creator, ScHoolboy Q, Santigold",CHROMAKOPIA
OnHold,Balloon (feat. Doechii),"Tyler, The Creator, Doechii",CHROMAKOPIA
OnHold,8bit,Scotch Mist,crybaby
OnHold,Physical Education,Animals As Leaders,The Joy of Motion
OnHold,Kascade,Animals As Leaders,The Joy of Motion
OnHold,Air Chrysalis,Animals As Leaders,The Joy of Motion
OnHold,Another Year,Animals As Leaders,The Joy of Motion
OnHold,Crescent,Animals As Leaders,The Joy of Motion
OnHold,The Woven Web,Animals As Leaders,The Joy of Motion
OnHold,Nephele,Animals As Leaders,The Joy of Motion
OnHold,Organ Donor,DJ Shadow,Endtroducing (Deluxe Edition)
OnHold,Love Over Glory,Zinadelphia,Love Over Glory
OnHold,High No More,Hajaj,High No More
OnHold,Slow Sipper,The Dip,The Dip Delivers
OnHold,Do You,Spoon,They Want My Soul (Deluxe More Soul Edition)
OnHold,Brace Yourself,White Cliffs,Brace Yourself
OnHold,Sexy Weekend,Scoundrels,Sexy Weekend EP
OnHold,Scar Tissue,"Moselle, Matt Hip",Scar Tissue
OnHold,Kiss the Sky,Shawn Lee's Ping Pong Orchestra,Voices and Choices
OnHold,Death & Romance,Magdalena Bay,Imaginal Disk
OnHold,Lost In Constellation,Jessica Beck,Road Of The City
OnHold,She Looked Like Me!,Magdalena Bay,Imaginal Disk
OnHold,"Fear, Sex",Magdalena Bay,Imaginal Disk
OnHold,Watching T.V.,Magdalena Bay,Imaginal Disk
OnHold,The Ballad of Matt & Mica,Magdalena Bay,Imaginal Disk
OnHold,Vampire in the Corner,Magdalena Bay,Imaginal Disk
OnHold,Jigsaw Falling Into Place,Radiohead,In Rainbows
OnHold,That's My Floor,Magdalena Bay,Imaginal Disk
OnHold,Gold Angel,Minke,The Tearoom
OnHold,Thanks For Your Time,Gotye,Like Drawing Blood
OnHold,Chillin’ For A Minute,"SoDown, Hairitage, Daemon",Colors of the Mind
OnHold,CATFISH,Doechii,Alligator Bites Never Heal
OnHold,Spookie Coochie,Doechii,Spookie Coochie
OnHold,Yucky Blucky Fruitcake,Doechii,Oh The Places You’ll Go
OnHold,Percussion Gun,White Rabbits,It's Frightening
OnHold,Self-,Will Wood and the Tapeworms,SELF-iSH
OnHold,2012,Will Wood and the Tapeworms,SELF-iSH
OnHold,"Cotard's Solution (Anatta, Dukkha, Anicca)",Will Wood and the Tapeworms,SELF-iSH
OnHold,Mr. Capgras Encounters a Secondhand Vanity: Tulpamancer's Prosopagnosia / Pareidolia (As Direct Result of Trauma to Fusiform Gyrus),Will Wood and the Tapeworms,SELF-iSH
OnHold,The Song with Five Names a.k.a. Soapbox Tao a.k.a. Checkmate Atheists! a.k.a. Neospace Government (A.K.A. You Can Never Know),Will Wood and the Tapeworms,SELF-iSH
OnHold,"Hand Me My Shovel, I'm Going In!",Will Wood and the Tapeworms,SELF-iSH
OnHold,Dr. Sunshine Is Dead,Will Wood and the Tapeworms,SELF-iSH
OnHold,-Ish,Will Wood and the Tapeworms,SELF-iSH
OnHold,The Cult of Dionysus,"The Orion Experience, ORION, Linda XO",Cosmicandy
OnHold,Four Days Straight,Scattered Trees,Sympathy
OnHold,Love Spreads,The Stone Roses,Second Coming
OnHold,Have The Time,The Slackers,The Question
OnHold,Wasted Days,The Slackers,Wasted Days
OnHold,Bad Influence,Catbite,Nice One
OnHold,Movin' Out (Anthony's Song),Billy Joel,The Stranger (Legacy Edition)
OnHold,Friday I'm in Love,The Cure,Wish
OnHold,Breakfast At Tiffany's,Deep Blue Something,Home
OnHold,Color Of Your Soul,"GRiZ, CloZee",Color Of Your Soul
OnHold,Tangerine,"Mosie, Les Lapins Lundis, Bambi",Tangerine
OnHold,Animal Skin,Bryan Dunn,Animal Skin
OnHold,Wolf,AlicebanD,Aliceband
OnHold,Fortress,Pinback,Summer in Abaddon
OnHold,Good To Sea,Pinback,Autumn of the Seraphs
OnHold,Crimson and Clover (Single Version),Tommy James & The Shondells,Celebration: The Complete Roulette Recordings 1966-1973
OnHold,I'm Sticking With You,The Velvet Underground,VU
OnHold,THE MESSAGE - BIG TIME KILL RMX,"HEALTH, Big Time Kill",DISCO4+
OnHold,I'm Your Worm,Nat Lefkoff,There You Are
OnHold,The Pusher,Blind Melon,Nico
OnHold,GOOD MORNING SUNSHINE,The Narcissist Cookbook,This Is How We Get Better
OnHold,Big Houses,Squalloscope,Soft Invasions
OnHold,Fisticuffs,Marah in the Mainsail,Bone Crown
OnHold,I Wanna Be On Your Mind,MiLES.,I Wanna Be On Your Mind
OnHold,Louphoria (with Cruza),"Smino, Cruza",Luv 4 Rent
OnHold,"Pro Freak (with Doechii, Fatman Scoop)","Smino, Doechii, Fatman Scoop",Luv 4 Rent
OnHold,Defibrillator,Smino,Luv 4 Rent
OnHold,"Sprint - Shissou (From ""Ouran High School Host Club"") - FULL English Cover",CyYu,"Sprint - Shissou (From ""Ouran High School Host Club"") [FULL English Cover]"
OnHold,Long Nights,moondoggy,Mad and Noisy
OnHold,Johnny Dang (with Paul Wall & DRODi),"That Mexican OT, Paul Wall, DRODi",Lonestar Luchador
OnHold,Let Em' Out,PERSONA 749,Let Em' Out
OnHold,Por Las Buenas,Billo's Caracas Boys,Por Las Buenas
OnHold,Escapism.,Father Of Peace,The Year Of Madness
OnHold,Advice,Father Of Peace,The Year Of Madness
OnHold,The Land Of Foreign Suns,Father Of Peace,The Year Of Madness
OnHold,Business State Of Mind,Father Of Peace,The Year Of Madness
OnHold,I'm A Unicorn,Father Of Peace,The Year Of Madness
OnHold,Enemy,Father Of Peace,The Year Of Madness
OnHold,Trapeze,Father Of Peace,The Year Of Madness
OnHold,TYPE SH*T,"Crankdat, NGHTMRE, Duke Deuce",TYPE SH*T
OnHold,The Visitor,Kadhja Bonet,The Visitor
OnHold,So I Got a Guitar,Levi Niha,So I Got a Guitar
OnHold,Down The Road,C2C,Tetra
OnHold,Harder,Ruby Waters,Harder
OnHold,WET T-SHIRT,Ruby Waters,WET T-SHIRT
OnHold,The Stand,Mother Mother,Eureka
OnHold,Mostly,*repeat repeat,Mostly
OnHold,I WANT YOU,Carter Vail,The Interstellar Tennis Championship Vol. II
OnHold,Command V,Ritt Momney,Her and All of My Friends
OnHold,Rock & Roll,Oliver Malcolm,Rock & Roll
OnHold,Make Me Wanna,"Babeheaven, Navy Blue",Sink Into Me
OnHold,Night Drive,RUBII,Night Drive
OnHold,Isochronism,Forty Feet Tall,Isochronism
OnHold,See The Light,Ghost,Prequelle
OnHold,Warriors,Too Many Zooz,Subway Gawdz
OnHold,Cowboy Gangster Politician,Goldie Boutilier,Cowboy Gangster Politician
OnHold,Everybody Scream,Florence + The Machine,Everybody Scream
OnHold,One of the Greats,Florence + The Machine,Everybody Scream
OnHold,You Can Have It All,Florence + The Machine,Everybody Scream
OnHold,Killshot,Magdalena Bay,A Little Rhythm and a Wicked Feeling
OnHold,Riverside,Oracle Sisters,Divinations (Outtakes Edition)
OnHold,She got the bomb,Billylildove,She got the bomb
OnHold,Not My Problem,Noga Erez,Not My Problem
OnHold,King of Everything,Dominic Fike,"Don't Forget About Me, Demos"
OnHold,Emptylands,Blood Cultures,Skate Story: Vol. I
OnHold,ROT IN PIECES,HERO,CRY BABY
OnHold,One Click Headshot,Feed Me,Feed Me's Escape from Electric Mountain
OnHold,Front To Back,Buku,No Dramas EP
OnHold,Busted Brain (with Jarv),"Little Stranger, Jarv",Sat Around Trippin
OnHold,Philadelphia,alt-J,The Dream
OnHold,Sunshine,Mosie,Tangerine
OnHold,Love Me,Steven Moses,Love Me // Leave Me
OnHold,Dog Days Are Over,Florence + The Machine,Lungs (Deluxe Edition)
Good Stuff,"Hello, Good Night",The Aquabats!,"The Aquabats! vs the Floating Eye of Death! and Other Amazing Adventures, Vol. 1"
Good Stuff,Carry Your Heart,Wildermiss,Carry Your Heart
Good Stuff,Favorite Liar,The Wrecks,We Are The Wrecks
Memories,"No Woman, No Cry - Live At The Lyceum, London/1975",Bob Marley & The Wailers,Live!
Memories,Do You,Morganne,Do You
Memories,Orange,"Julianna Joy, Ariza",Orange
Memories,Moscow,Autoheart,Punch
Memories,Lent,Autoheart,Lent
Memories,Daydreamer,AURORA,A Different Kind Of Human (Step II)
Memories,August,flipturn,Citrona
Memories,Odeum,Gin Wigmore,Ivory
Memories,She,dodie,Human
Memories,Oh Ana,Mother Mother,Touch Up
Memories,Ruby Cumulous,Rx Bandits,"Gemini, Her Majesty"
Memories,Little Bird,Livingmore,Little Bird
Memories,Rebels In The Roses,Everest,Ghost Notes
Memories,Let Go,Everest,On Approach
Memories,Breathe Easy,Hodera,United by Birdcalls
Memories,All the Dying,Mother Mother,Inside (Deluxe)
Memories,Hayloft II,Mother Mother,Inside (Deluxe)
Memories,Sick of The Silence,Mother Mother,Inside (Deluxe)
Memories,Patterns,Band Of Skulls,Baby Darling Doll Face Honey
Memories,Fear & Delight,The Correspondents,Puppet Loosely Strung
Memories,Big Town Banky Blaine's Rockabilly BBQ,Bear Ghost,Big Town Banky Blaine's Rockabilly BBQ
Memories,The Rager,Kyle Craft,Full Circle Nightmare
Memories,Eye of a Hurricane,Kyle Craft,Dolls of Highland
Memories,Lady of the Ark,Kyle Craft,Dolls of Highland
Memories,Slick & Delta Queen,Kyle Craft,Full Circle Nightmare
Memories,Something on Your Mind,Kyle Craft,Girl Crazy
Memories,Every Time the Sun Comes Up,Kyle Craft,Girl Crazy
Memories,Not the End of the World (Even as We Know It),Faded Paper Figures,Relics
Memories,Young Adult,Ritt Momney,Young Adult
Memories,"Welcome Home, Son",Radical Face,Ghost
Memories,The Funeral,Band of Horses,Everything All The Time
Memories,Wrapped In Piano Strings,Radical Face,Ghost
Memories,White Winter Hymnal,Fleet Foxes,Fleet Foxes
Memories,Mykonos,Fleet Foxes,Sun Giant
Memories,Danny Don't You Know,Ninja Sex Party,Cool Patrol
CD1.1,,,
CD1.1,Tsukino,Mei Semones,Tsukino
CD1.1,In A Sweater Poorly Knit,mewithoutYou,"Brother, Sister"
CD1.1,Bumble Bee,The Features,The Beginning
CD1.1,The Tornado,Owl City,Coco Moon
CD1.1,Your Hand In Mine - Remastered,Explosions In The Sky,The Earth Is Not a Cold Dead Place (Anniversary Edition)
CD1.1,Nothing Brings Me Down,Emilíana Torrini,Fisherman's Woman
CD1.1,Cora Cora,"dana falconberry, The Medicine Bow",From the Forest Came the Fire
CD1.1,Eternal Youth,RŮDE,Eternal Youth
CD1.1,Rebels In The Roses,Everest,Ghost Notes
CD1.1,Sunset Lover,Petit Biscuit,Presence
CD1.1,I Remember,Saint Saviour,In the Seams
CD1.1,Intravenous,Saint Saviour,In the Seams
CD1.1,Hello My Old Heart,The Oh Hellos,The Oh Hellos EP
CD1.1,Yoake,Mei Semones,Tsukino
CD1.1,The Winner Is - from Little Miss Sunshine,DeVotchKa,Fox Searchlight Pictures: 20th Anniversary Album
CD1.2,Epic (Part II),"Anaïs Mitchell, Justin Vernon",Hadestown
CD1.2,Mister Winter,Fox and the Bird,Floating Feather
CD1.2,I And Love And You,The Avett Brothers,I And Love And You
CD1.2,Blame It On the Tetons,Modest Mouse,Good News For People Who Love Bad News
CD1.2,Big Coat,Wiretree,Bouldin
CD1.2,Tricks On Me,Jed Whedon and the Willing,History of Forgotten Things
CD1.2,Serpentine,Chris Bathgate,A Cork Tale Wake
CD1.2,Muchuu,Mei Semones,Tsukino
CD1.2,Drones,Jed Whedon and the Willing,History of Forgotten Things
CD1.2,Sometimes The Stars,The Audreys,Sometimes The Stars
NGINX.env,One Click Headshot,Feed Me,Feed Me's Escape from Electric Mountain
NGINX.env,Front To Back,Buku,No Dramas EP
NGINX.env,Sculpted,Haywyre,Two Fold Pt. 1
Fever Dream,Forgotten,Tickle Torture,Spiritual Machete
Almost R&B,Me & You,Little Stranger,Me & You
Almost R&B,J Walk,"FINKEL, LMNOP, NNAMDÏ",J Walk
Almost R&B,Passin Through,Jack and the Other,Circles
Almost R&B,The Other Side Of Paradise,Glass Animals,How To Be A Human Being
Almost R&B,Gooey,Glass Animals,ZABA
Almost R&B,Tokyo Drifting,"Glass Animals, Denzel Curry",Dreamland (+ Bonus Levels)
SONG//SMlyriTcHeS,Homicide (feat. Eminem),"Logic, Eminem",Confessions of a Dangerous Mind
SONG//SMlyriTcHeS,Calm Down (feat. Eminem),Busta Rhymes,Calm Down (feat. Eminem) - Single
SONG//SMlyriTcHeS,Isis (feat. Logic),"Joyner Lucas, Logic",ADHD
SONG//SMlyriTcHeS,Escargot,Jarv,"Jarvage, Vol. 1"
SONG//SMlyriTcHeS,Business,Eminem,The Eminem Show
SONG//SMlyriTcHeS,Rap God,Eminem,The Marshall Mathers LP2 (Deluxe)
SONG//SMlyriTcHeS,When The Music Stops,"Eminem, D12",The Eminem Show
SONG//SMlyriTcHeS,Killshot,Eminem,Killshot
SONG//SMlyriTcHeS,Mama/Show Love (feat. YBN Cordae),"Logic, Cordae",Confessions of a Dangerous Mind
SONG//SMlyriTcHeS,151 Rum,JID,DiCaprio 2
SONG//SMlyriTcHeS,Mona Lisa (feat. Kendrick Lamar),"Lil Wayne, Kendrick Lamar",Tha Carter V
SONG//SMlyriTcHeS,Surround Sound (feat. 21 Savage & Baby Tate),"JID, 21 Savage, Baby Tate",Surround Sound (feat. 21 Savage & Baby Tate)
SONG//SMlyriTcHeS,Slack-Jaw,Jarv & Thief,The Boiler Room
SONG//SMlyriTcHeS,Lady Killer,Jarv & Thief,The Boiler Room
SONG//SMlyriTcHeS,Oh-Lawd,Jarv & Thief,The Boiler Room
SONG//SMlyriTcHeS,Walkin,Denzel Curry,Melt My Eyez See Your Future
SONG//SMlyriTcHeS,Stranger Things,"Joyner Lucas, Chris Brown",I Don't Die
SONG//SMlyriTcHeS,Zim Zimma,Joyner Lucas,Evolution
SONG//SMlyriTcHeS,Uproar,"Lil Wayne, Swizz Beatz",Tha Carter V
SONG//SMlyriTcHeS,Str8 Like Dat,Joyner Lucas,Evolution
SONG//SMlyriTcHeS,Snitch,Joyner Lucas,Snitch
SONG//SMlyriTcHeS,You & The 6,Drake,If You're Reading This It's Too Late
SONG//SMlyriTcHeS,Pound Cake / Paris Morton Music 2,"Drake, JAŸ-Z",Nothing Was The Same (Deluxe)
SONG//SMlyriTcHeS,Over,Drake,Thank Me Later
SONG//SMlyriTcHeS,Say What's Real,Drake,So Far Gone
SONG//SMlyriTcHeS,Basics,Jarv & Thief,The Boiler Room
SONG//SMlyriTcHeS,Bruuuh (with Denzel Curry) - Remix,"JID, Denzel Curry",Bruuuh (with Denzel Curry) [Remix]
SONG//SMlyriTcHeS,Slick Talk,JID,DiCaprio 2
SONG//SMlyriTcHeS,Hasta Luego - Bonus,JID,DiCaprio 2
SONG//SMlyriTcHeS,Everybody Dies,Logic,YSIV
SONG//SMlyriTcHeS,N95,Kendrick Lamar,Mr. Morale & The Big Steppers
SONG//SMlyriTcHeS,HUMBLE.,Kendrick Lamar,DAMN.
SONG//SMlyriTcHeS,Die Hard,"Kendrick Lamar, Blxst, Amanda Reifer",Mr. Morale & The Big Steppers
SONG//SMlyriTcHeS,Rich Spirit,Kendrick Lamar,Mr. Morale & The Big Steppers
SONG//SMlyriTcHeS,We Cry Together,"Kendrick Lamar, Taylour Paige",Mr. Morale & The Big Steppers
SONG//SMlyriTcHeS,Lifestyle,"Rich Gang, Young Thug, Rich Homie Quan",Lifestyle
SONG//SMlyriTcHeS,Ace,"Noname, Smino, Saba",Room 25
SONG//SMlyriTcHeS,Paper Trail$,Joey Bada$$,B4.DA.$$
SONG//SMlyriTcHeS,What's Golden,Jurassic 5,Power In Numbers
SONG//SMlyriTcHeS,Role Model,Eminem,The Slim Shady LP
SONG//SMlyriTcHeS,100 Miles and Running (ft. Wale & John Lindahl),"Logic, Wale, John Lindahl",YSIV
ATrip_$_{BTrip}$,Only Ones Who Know,Arctic Monkeys,Favourite Worst Nightmare (Standard Version)
ATrip_$_{BTrip}$,On Melancholy Hill,Gorillaz,Plastic Beach
ATrip_$_{BTrip}$,Last Nite,The Strokes,Is This It
ATrip_$_{BTrip}$,No. 1 Party Anthem,Arctic Monkeys,AM
ATrip_$_{BTrip}$,Someday,The Strokes,Is This It
ATrip_$_{BTrip}$,Australia,The Shins,Wincing The Night Away
ATrip_$_{BTrip}$,Phantom Limb,The Shins,Wincing The Night Away
ATrip_$_{BTrip}$,The Adults Are Talking,The Strokes,The New Abnormal
ATrip_$_{BTrip}$,Human,The Killers,Day & Age (Bonus Tracks)
ATrip_$_{BTrip}$,Read My Mind,The Killers,Sam's Town
ATrip_$_{BTrip}$,Starlight,Muse,Black Holes and Revelations
ATrip_$_{BTrip}$,Madness,Muse,The 2nd Law
ATrip_$_{BTrip}$,Time to Pretend,MGMT,Oracular Spectacular
ATrip_$_{BTrip}$,Wake Up,Arcade Fire,Funeral
ATrip_$_{BTrip}$,Eternal Summer,The Strokes,The New Abnormal
ATrip_$_{BTrip}$,At The Door,The Strokes,The New Abnormal
ATrip_$_{BTrip}$,Miss Atomic Bomb,The Killers,Battle Born
ATrip_$_{BTrip}$,Believe,The Bravery,The Sun And The Moon
ATrip_$_{BTrip}$,Your Woman,White Town,Women In Technology
Wobly,Phone Numbers,"Dominic Fike, Kenny Beats",Phone Numbers
Wobly,Young Lost Love,Appleby,Happiness
Wobly,Lady Sunshine,Appleby,Happiness
Wobly,Stuck,One11Twenty,Stuck
Wobly,Two Summers,"One11Twenty, Tim Jordan, Mitch Mueller, Kyle DelFatti",Last 10 Seconds
Wobly,Heartstrings (feat. Santana),"Felly, Carlos Santana",Mariposa
Wobly,These Days,mike.,This Isn't The Album
Wobly,Maybe She,Still Woozy,Lately EP
Wobly,Skip,SuperParka,Sushiboubou#1
Wobly,Trap (feat. Lil Baby),"SAINt JHN, Lil Baby",Ghetto Lenny's Love Songs
Wobly,Wishful Drinking,Tessa Violet,Bad Ideas
Wobly,Hair Down (feat. Kendrick Lamar),"SiR, Kendrick Lamar",Chasing Summer
Wobly,Nitetime In Atlanta,RIZ LA VIE,Feed.
Wobly,We,HONEYMOAN,<​/​3 / We
Wobly,Tokyo Drifting (with Denzel Curry),"Glass Animals, Denzel Curry",Tokyo Drifting
Wobly,Enemy,Kai Straw,Enemy
Wobly,Strawberry Skies,Kid Travis,Strawberry Skies
Grasp,Typical,Goodbye Honolulu,More Honey
Grasp,Wishful Drinking,Tessa Violet,Bad Ideas
Grasp,Goodie Bag,Still Woozy,Goodie Bag
Grasp,Two Summers,"One11Twenty, Tim Jordan, Mitch Mueller, Kyle DelFatti",Last 10 Seconds
Grasp,Stuck,One11Twenty,Stuck
Grasp,Brazil,Declan McKenna,What Do You Think About the Car?
Grasp,You're Mine,Phantogram,Three
Grasp,Heart Made of Stone,The Tech Thieves,The Red EP
Grasp,Atlanta Girls,Trash Panda,The Starclimber
Grasp,The Adults Are Talking,The Strokes,The New Abnormal
Grasp,Eternal Summer,The Strokes,The New Abnormal
Grasp,Bad To Worse,Ra Ra Riot,Superbloom
Grasp,Peach,BROODS,Don't Feed The Pop Monster
Grasp,Oulala,Vundabar,Gawk
Grasp,We,HONEYMOAN,<​/​3 / We
Grasp,Cold War (Nick AM Remix),"Cautious Clay, Nick AM",THE REMIXES
Grasp,Grow Back,The Happy Fits,Concentrate
MisFit MakeFuss,Where Is My Mind?,Pixies,Surfer Rosa (Remastered)
MisFit MakeFuss,Wake Up,Arcade Fire,Funeral
MisFit MakeFuss,No Type,New Beat Fund,Sponge Fingerz
MisFit MakeFuss,Are You Kidding? (40s) (feat. Parrotfish),"Callaway Martin, Parrotfish",Are You Kidding? (40s) [feat. Parrotfish]
MisFit MakeFuss,Flagpole Sitta,Harvey Danger,Where Have All The Merrymakers Gone?
MisFit MakeFuss,Ghosting,Mother Mother,O My Heart
MisFit MakeFuss,The Stand,Mother Mother,Eureka
MisFit MakeFuss,Hayloft,Mother Mother,O My Heart
MisFit MakeFuss,Hotel Yorba,The White Stripes,White Blood Cells
MisFit MakeFuss,Dull,Microwave,Much Love
MisFit MakeFuss,Fell In Love With A Girl,The White Stripes,White Blood Cells
MisFit MakeFuss,Song 2 - 2012 Remaster,Blur,Blur (Special Edition)
MisFit MakeFuss,Girls & Boys,Blur,Blur: The Best Of
MisFit MakeFuss,Buttons,The Weeks,Comeback Cadillac
MisFit MakeFuss,Stovall,Microwave,Stovall
MisFit MakeFuss,Semi-Charmed Life,Third Eye Blind,Third Eye Blind
MisFit MakeFuss,Never Let You Go - 2008 Remaster,Third Eye Blind,Blue
MisFit MakeFuss,Creep,Radiohead,Pablo Honey
MisFit MakeFuss,Smells Like Teen Spirit,Nirvana,Nevermind (Remastered)
MisFit MakeFuss,Starlight,Muse,Black Holes and Revelations
MisFit MakeFuss,Supermassive Black Hole,Muse,Black Holes and Revelations
MisFit MakeFuss,Lazy Eye,Silversun Pickups,Carnavas
MisFit MakeFuss,Short Skirt / Long Jacket,CAKE,Comfort Eagle
MisFit MakeFuss,I Can't Decide,Scissor Sisters,Ta-Dah
MisFit MakeFuss,Bad Reputation,Joan Jett & the Blackhearts,Bad Reputation (Expanded Edition)
MisFit MakeFuss,Kiss With A Fist,Florence + The Machine,Lungs (Deluxe Edition)
Indernative National,A Bomb & A Bill,The Tazers,Love Machine
Indernative National,Wake Up,The Tazers,Love Machine
Indernative National,RIVER.,SABELLA OFFICIAL,DOG DAZE
Indernative National,In A Spiral,Phantogram,In A Spiral
Indernative National,Fast Talk,"Dawn Golden, Houses",Drugstore Heaven
Indernative National,Guitar Beat,Prelow,Guitar Beat
Indernative National,Speeding Fast,dapurr,1
Indernative National,Bodega,Your Neighbors,Bodega
Indernative National,Smacked,Your Neighbors,Smacked
Indernative National,flagpole sitta,"Elohim, AWOLNATION",BRAINDEAD
Indernative National,Crown On The Ground,Sleigh Bells,Treats
Indernative National,Goodie Bag,Still Woozy,Goodie Bag
"Sit Back, Breathe Deep",Smoking Outside,Susto,SUSTO
"Sit Back, Breathe Deep",Dear love of mine,Daniel Spaleniak,Back Home
"Sit Back, Breathe Deep",Decks Dark,Radiohead,A Moon Shaped Pool
"Sit Back, Breathe Deep",Pull the Hood,The Fling,Mean Something
"Sit Back, Breathe Deep",The Funeral,Band of Horses,Everything All The Time
"Sit Back, Breathe Deep",Rocket Man,My Morning Jacket,"Chapter 1: The Sandworm Cometh - Early Recordings, B-Sides, Covers, y Mas"
"Sit Back, Breathe Deep",One Big Holiday,My Morning Jacket,It Still Moves
"Sit Back, Breathe Deep",Jah Werx,Susto,& I'm Fine Today
"Sit Back, Breathe Deep",Wordless Chorus,My Morning Jacket,Z
"Sit Back, Breathe Deep",No One's Gonna Love You,Band of Horses,Cease To Begin
"Sit Back, Breathe Deep",Mine,Cottonwood Firing Squad,Mine
"Sit Back, Breathe Deep",Juniper,New Madrid,Yardboat
"Sit Back, Breathe Deep",Machine,Destiny Potato,Lun
Park Swing,Dirty Imbecile,The Happy Fits,Awfully Apeelin'
Park Swing,We're Going To Be Friends,The White Stripes,White Blood Cells
Park Swing,Hotel Yorba,The White Stripes,White Blood Cells
Park Swing,Too Late,The Happy Fits,Awfully Apeelin'
Park Swing,"So Alright, Cool, Whatever",The Happy Fits,Concentrate
Park Swing,It's Nice to Be Alive,Ball Park Music,Ball Park Music EP
Park Swing,Hands Down (Demo),The Greeting Committee,Hands Down (Demo)
Park Swing,You and I,Ingrid Michaelson,Be OK
Park Swing,Heart's Content,Brandi Carlile,Bear Creek
Park Swing,Love Song,Sara Bareilles,Little Voice
Park Swing,Future Me Hates Me,The Beths,Future Me Hates Me
Park Swing,River Run: Lvl 1,The Beths,Future Me Hates Me
Park Swing,I'm Not Getting Excited,The Beths,Jump Rope Gazers
Jamboree,Garden of the Gods,The Bright Light Social Hour,The Bright Light Social Hour
Jamboree,Packing Bags,BOOGIE T.RIO,Three For All EP
Jamboree,Glocks,Slightly Stoopid,"Everyday Life, Everyday People"
Jamboree,Just Visiting,Wookiefoot,Ready or Not...
Jamboree,Detroit,The Bright Light Social Hour,The Bright Light Social Hour
Jamboree,How You Been?,Harrison Fjord,Puspa in Space
Jamboree,Miami,Parrotfish,Miami
Jamboree,French Ghetto,Strawberry Girls,French Ghetto
Jamboree,Agua Verde,Strawberry Girls,French Ghetto
Jamboree,All My Loving,Ceramic Animal,High End
Jamboree,Game,Harrison Fjord,Polychrome.
Jamboree,Happy Days,Closure in Moscow,Pink Lemonade
Jamboree,Jarmin in the Dark,Young Monks,Jarmin in the Dark
Jamboree,Bad Bad Freddy,Young Monks,Swamp Creek
Alt-Tab.lature,Creatures,Glass House Point,Creatures
Alt-Tab.lature,Aquarius Apocalyptic,Stop Light Observations,TOOGOODOO
Alt-Tab.lature,Just This,Birdtalker,Just This
Alt-Tab.lature,I'm Your Wreck,Mt. Joy,Mt. Joy
Alt-Tab.lature,Prinsengracht,The Humble Cheaters,"That's Some Good Sky, 7.2"
Alt-Tab.lature,Pollution / Disclaimer,Ritt Momney,Pollution / Disclaimer
Alt-Tab.lature,Freakin' Out on the Interstate,Briston Maroney,Freakin' Out on the Interstate
Alt-Tab.lature,Bad Things,Rayland Baxter,Ashkelon
Alt-Tab.lature,Endlessly,The Lonely Biscuits,The Universe in You
Alt-Tab.lature,June,Briston Maroney,Big Shot
Alt-Tab.lature,Curse the Weather,Mo Lowda & the Humble,Curse the Weather
Alt-Tab.lature,For Elizabeth,Stop Light Observations,TOOGOODOO
Alt-Tab.lature,didya think,Arlie,Wait
Alt-Tab.lature,Trouble,Cage The Elephant,Tell Me I'm Pretty
Alt-Tab.lature,San Francisco,The Lonely Biscuits,The Universe in You
Alt-Tab.lature,Grow Back,The Happy Fits,Concentrate
Alt-Tab.lature,Seaside,Duke Evers,Handfull of Pennies
Alt-Tab.lature,2young,Stop Light Observations,2young
Alt-Tab.lature,Until Then,Feed Me Jack,Chumpfrey
Alt-Tab.lature,Torso,GROUPLOVE,Little Mess EP
Alt-Tab.lature,Beverly Blues,Opia,Beverly Blues
Alt-Tab.lature,The Distance,Iron Eyes Cody,Goodness All Good Saints Have Died
Alt-Tab.lature,Animal,Iron Eyes Cody,Goodness All Good Saints Have Died
Alt-Tab.lature,Don't Waste My Time,The Palms,Don't Waste My Time
Alt-Tab.lature,Dull,Microwave,Much Love
Alt-Tab.lature,Give to Get,Stop Light Observations,TOOGOODOO
Alt-Tab.lature,Treehouse,Fin,Salt
Alt-Tab.lature,Mistakes,Ceramic Animal,The Cart
Alt-Tab.lature,hometown,cleopatrick,hometown
Alt-Tab.lature,Zombie,Bad Pony,Zombie
Alt-Tab.lature,Morphine,The Ninjas,Morphine
Alt-Tab.lature,Chains of Love,The Arcs,"Yours, Dreamily,"
Alt-Tab.lature,Out of the Black,Royal Blood,Royal Blood
Alt-Tab.lature,Caffeine,Foreign Air,Caffeine
Alt-Tab.lature,Shine A Little Light,The Black Keys,"""Let's Rock"""
Alt-Tab.lature,Bambi,Hippo Campus,Bambi
Alt-Tab.lature,Hard To Tell,Briston Maroney,Carnival
Alt-Tab.lature,Lost in Your Love,Colyer,Lost in Your Love
Alt-Tab.lature,Down to You,Bad Pony,Down to You
GritGruulGrind,Catch Hell Blues,The White Stripes,Icky Thump
GritGruulGrind,Icky Thump,The White Stripes,Icky Thump
GritGruulGrind,Seven Nation Army,The White Stripes,Elephant
GritGruulGrind,Black Dog - Remaster,Led Zeppelin,Led Zeppelin IV (Deluxe Edition)
GritGruulGrind,Kashmir - 1990 Remaster,Led Zeppelin,Physical Graffiti (1994 Remaster)
GritGruulGrind,Out of the Black,Royal Blood,Royal Blood
GritGruulGrind,Figure It Out,Royal Blood,Royal Blood
GritGruulGrind,hometown,cleopatrick,hometown
GritGruulGrind,sanjake,cleopatrick,sanjake
GritGruulGrind,bernard trigger,cleopatrick,bernard trigger
GritGruulGrind,Smells Like Teen Spirit,Nirvana,Nevermind (Remastered)
GritGruulGrind,Lydia,Highly Suspect,Mister Asylum
GritGruulGrind,My Name Is Human,Highly Suspect,The Boy Who Died Wolf
Singed,Fold,$uicideboy$,My Liver Will Handle What My Heart Can't
Singed,Lately,WebsterX,Lately
Singed,Coroner,Lando Chill,"For Mark, Your Son"
Singed,Runnin' Thru The 7th With My Woadies,"$uicideboy$, Pouya",$outh $ide $uicide
Singed,Lightwaves,Macntaj,Lightwaves
Singed,Dreamers,K.Flay,Every Where Is Some Where
Singed,Murphy's Law (feat. Ju & Tatiana Hazel),"Melo Makes Music, Ju, Tatiana Hazel",Murphy's Law (feat. Ju & Tatiana Hazel)
Singed,Champagne,K.Flay,Every Where Is Some Where
Singed,Muddy Blunts,"$uicideboy$, Pouya",$outh $ide $uicide
Singed,Alone With My Mind,Samson,Stars
Singed,Twenty Five (feat. Kam De La),"Mir Fontane, Kam De La",Who's Watching the Kids
Singed,Frank,"Yoni & Geti, WHY?, Serengeti",Testarossa
Singed,Hyperbolic 2,BUSDRIVER,Thumbs
Singed,I Don't Feel the Same,Blahsum,Moontape III
Singed,IRL,Killer Bee,Otaku
Singed,Year of the Dog,Blahsum,Moontape IV
Singed,Pink Skies (Demo),Wiley from Atlanta,demo 001
Singed,Dmt and Whiskey,"Netherfriends, Yomi",808's & Harpbreak
Singed,Dead to Me,"Terror Reid, Getter",Dead to Me
Singed,No Type,New Beat Fund,Sponge Fingerz
Singed,Ridin (feat. Landon Cube & YBN Nahmir),"Yung Bans, Landon Cube, YBN Nahmir",Yung Bans Vol. 5
Singed,Soap,RIZ LA VIE,Found.
Drive-Thru Blu,Cold Pizza,Mic Torrance,Cold Pizza
Drive-Thru Blu,Tour Music (feat. B Skeez & Magik),"Sam Lachow, B Skeez, Magik",Motels & Minivans
Drive-Thru Blu,Albino Rhino (feat. Nacho Picasso),"Sam Lachow, Nacho Picasso",Motels & Minivans
Drive-Thru Blu,Imagining,Intuition & Equalibrum,Intuition & Equalibrum
Drive-Thru Blu,Finish With a Kill,Intuition & Equalibrum,Intuition & Equalibrum
Drive-Thru Blu,Make Better (feat. Raquel Rodriguez),"Intuition & Equalibrum, Raquel Rodriguez",Intuition & Equalibrum
Drive-Thru Blu,After Dark,"Sam Lachow, Watsky, Ariana DeBoo",Huckleberry
Drive-Thru Blu,Wrong Man (feat. Ariana Deboo & Dave B),"Sam Lachow, Dave B., Ariana DeBoo","Friends, Funk & Liquor"
Drive-Thru Blu,"Friends, Funk & Liquor (feat. Ariana Deboo)","Sam Lachow, Ariana DeBoo","Friends, Funk & Liquor"
Drive-Thru Blu,Love Me,"Steven Moses, William Van Zandt",Love Me
Drive-Thru Blu,GOTTI,6ix9ine,Day69: Graduation Day
Drive-Thru Blu,Sunny Nights,LeRoyce,The Sunny Nights Project
Bright Night,Blue Beard,Band of Horses,Infinite Arms
Bright Night,Ends of the Earth,Lord Huron,Lonesome Dreams
Bright Night,Fool for Love,Lord Huron,Strange Trails
Bright Night,Hurricane (Johnnie's Theme),Lord Huron,Strange Trails
Bright Night,We Are The Tide,Blind Pilot,We Are The Tide
Bright Night,Half Moon,Blind Pilot,We Are The Tide
Bright Night,Land Before Time,"Matt Phillips, Phil Harmonic",Move
Bright Night,Move,"Matt Phillips, Phil Harmonic",Move
Black Bear,Young Fathers,Typhoon,White Lighter
Black Bear,The John Wayne,Little Green Cars,Absolute Zero
Black Bear,Dark Matter,Andrew Belle,Black Bear
Black Bear,Lay It Down,The Rubens,The Rubens
Black Bear,Faded - ODESZA Remix,"ZHU, ODESZA",Faded (The Remixes)
Black Bear,Ghosts,On An On,Ghosts (Single)
Black Bear,Harlem,Cathedrals,Cathedrals EP
Black Bear,Chickahominy,The Weeks,Dear Bo Jackson
Four Days Straight,Four Days Straight,Scattered Trees,Four Days Straight - Single
Four Days Straight,Snow (Hey Oh),Red Hot Chili Peppers,Snow (Hey Oh)
Four Days Straight,Cough Syrup,Young the Giant,Young The Giant (Special Edition)
Four Days Straight,Yellow,Coldplay,Parachutes
Four Days Straight,The Story I Heard,Blind Pilot,3 Rounds And A Sound
Four Days Straight,It Never Rains,Jonquil,One Hundred Suns
Four Days Straight,Under the Bridge,Red Hot Chili Peppers,Blood Sugar Sex Magik (Deluxe Edition)
Four Days Straight,The Funeral,Band of Horses,Everything All The Time
Four Days Straight,Daylight,Matt and Kim,Grand
Four Days Straight,Big Coat,Wiretree,Bouldin
Four Days Straight,Disappear,Seryn,Disappear
Those Old Tears,One Thing,Finger Eleven,Finger Eleven
Those Old Tears,The Scientist,Coldplay,A Rush of Blood to the Head
Those Old Tears,Speed of Sound,Coldplay,X&Y
Those Old Tears,Wonderwall (Remastered),Oasis,(What's The Story) Morning Glory? (Deluxe Edition) [Remastered]
Those Old Tears,Bitter Sweet Symphony - Remastered 2016,The Verve,Urban Hymns (Remastered 2016)
Those Old Tears,Iris,The Goo Goo Dolls,Dizzy up the Girl
Those Old Tears,Use Somebody,Kings of Leon,Only By The Night
Those Old Tears,Superman (It's Not Easy),Five For Fighting,America Town
Those Old Tears,Mad World,Tears For Fears,The Hurting
Those Old Tears,How to Save a Life,The Fray,How To Save A Life
Those Old Tears,She Will Be Loved - Radio Mix,Maroon 5,Songs About Jane: 10th Anniversary Edition
Those Old Tears,Fast Car,Tracy Chapman,Tracy Chapman
Take Me Back,"No Woman, No Cry - Live At The Lyceum, London/1975",Bob Marley & The Wailers,Live!
Take Me Back,Somebody To Love - Remastered 2011,Queen,A Day At The Races (Deluxe Remastered Version)
Take Me Back,Heart of Gold - 2009 Remaster,Neil Young,Harvest (2009 Remaster)
Take Me Back,Spirit in the Sky,Norman Greenbaum,Music From The Motion Picture Michael
Take Me Back,Sultans of Swing,Dire Straits,Dire Straits
Take Me Back,Free Bird,Lynyrd Skynyrd,Pronounced' Leh-'Nerd 'Skin-'Nerd
Take Me Back,Georgia Peaches,Lynyrd Skynyrd,Street Survivors
Take Me Back,Gimme Three Steps,Lynyrd Skynyrd,Pronounced' Leh-'Nerd 'Skin-'Nerd
Take Me Back,Blue Skies,Willie Nelson,Stardust
Take Me Back,Drive It Like You Stole It,The Glitch Mob,Drink the Sea
Take Me Back,We Can Make The World Stop,The Glitch Mob,We Can Make the World Stop - EP
Take Me Back,Animus Vox,The Glitch Mob,Drink the Sea
Take Me Back,Between Two Points (feat. Swan),The Glitch Mob,Drink the Sea
Take Me Back,Come Sail Away,Styx,The Grand Illusion
Bloo,Untitled,Seryn,This Is Where We Are
Bloo,The First Days Of Spring,Noah And The Whale,The First Days Of Spring
Bloo,White Winter Hymnal,Fleet Foxes,Fleet Foxes
Bloo,Save Some Loving,Erlend Øye,Legao
Bloo,Lucifer's Eyes,T.O.L.D.,Heaven EP
Bloo,dig it,Black Birch Dogs,Dowdy Brandr
Bloo,Leaving On A Jetplane,Slightly Stoopid,Everything You Need
Bloo,Dissolve Me,alt-J,An Awesome Wave
Bloo,Zeplike,Slightly Stoopid,Closer To The Sun
Bloo,Souls A'fire,Matt Corby,Into the Flame
Bloo,Connie,El Ten Eleven,El Ten Eleven
Bloo,Carousel Ride,Rubblebucket,Survival Sounds
Bloo,Only Love,Ben Howard,Every Kingdom
Bloo,Do You Feel Like We Do - Live,Peter Frampton,Frampton Comes Alive! (35th Anniversary Deluxe Edition)
Bloo,Little Giant,Roo Panes,Land of the Living EP
Bloo,Stronger Than That,Bahamas,Stronger Than That
Bloo,We Are The Tide,Blind Pilot,We Are The Tide
Bloo,Big Jet Plane,Angus & Julia Stone,Down The Way
Bloo,San Francisco,The Mowgli's,Waiting For The Dawn
Bloo,Land Before Time,"Matt Phillips, Phil Harmonic",Move
Bloo,Two Coins,DISPATCH,Bang Bang [Remastered]
Bloo,Who Knows Who Cares,Local Natives,Gorilla Manor
Bloo,Morning Sun,The Beautiful Girls,Morning Sun
Bloo,Feeling Good,Michael Bublé,It's Time
Bloo,The Tattoo That Loved Her Anyway,West My Friend,When the Ink Dries
Bloo,Conrad,Ben Howard,I Forget Where We Were
Bloo,Glory Of Love - Rudy Van Gelder/Digital Remaster/2007,Lou Donaldson,Gravy Train
Bloo,You and I,Ingrid Michaelson,Be OK
Bloo,Sweet Home Alabama,Lynyrd Skynyrd,Lynyrd Skynyrd - Rock Legends
Bloo,I Love You,Said The Whale,hawaiii
Bloo,We're Going To Be Friends,The White Stripes,White Blood Cells
Summersun Tarmac,Closer To The Sun,Slightly Stoopid,Closer To The Sun
Summersun Tarmac,One Day,Matisyahu,Light
Summersun Tarmac,Little Talks,Of Monsters and Men,Into The Woods
Summersun Tarmac,"Welcome Home, Son",Radical Face,Ghost
Summersun Tarmac,Home,Edward Sharpe & The Magnetic Zeros,Up From Below
Summersun Tarmac,Piano Man,Billy Joel,Greatest Hits Volume I & Volume II
Summersun Tarmac,On Top Of The World,Imagine Dragons,Continued Silence EP
Summersun Tarmac,Bitter Sweet Symphony,The Verve,This Is Music: The Singles 92-98
Summersun Tarmac,Wavin' Flag - Coca-Cola® Celebration Mix,K'NAAN,Troubadour
Summersun Tarmac,Old Pine,Ben Howard,Every Kingdom
Summersun Tarmac,Dream On,Aerosmith,Aerosmith's Greatest Hits
Summersun Tarmac,We Can Make The World Stop,The Glitch Mob,We Can Make the World Stop - EP
Summersun Tarmac,Four Days Straight,Scattered Trees,Four Days Straight - Single
Summersun Tarmac,Just Wana Play,Ghost Brothers,Reach
Summersun Tarmac,Let's Ride,Ghost Brothers,Reach
Summersun Tarmac,"Hey You, Hello",Ghost Brothers,Reach
Summersun Tarmac,Louder - Doctor P & Flux Pavillion Remix,"DJ Fresh, Sian Evans",Louder (Doctor P & Flux Pavillion Remix)
Summersun Tarmac,World Looking In,Morcheeba,Fragments of Freedom
Summersun Tarmac,Kids,MGMT,Oracular Spectacular
Summersun Tarmac,Intro,M83,Hurry Up We're Dreaming
Summersun Tarmac,Lights,Ellie Goulding,Lights (Bassnectar Remix)
Summersun Tarmac,Better Together,Jack Johnson,In Between Dreams
Summersun Tarmac,Never Know,Jack Johnson,In Between Dreams
Summersun Tarmac,Jerusalem,Matisyahu,Youth
Summersun Tarmac,Young Blood,The Naked And Famous,"Passive Me, Aggressive You"
Summersun Tarmac,Collie Man,Slightly Stoopid,"Surfdog So-Cal Comp ft. Slightly Stoopid, Wylde Bunch, B-Side Players, & Agent 51"
Summersun Tarmac,The Call - Live in London,Regina Spektor,Live in London
Summersun Tarmac,"Stop, Drop, Roll",Can't Stop Won't Stop,Kitchen Clean
Summersun Tarmac,Gracious,Ben Howard,Every Kingdom
Summersun Tarmac,Life's for the Living,Passenger,All the Little Lights
Summersun Tarmac,All I Ever Know,Trevor Hall,Everything Everytime Everywhere
Summersun Tarmac,California Soul,Marlena Shaw,The Spice Of Life
Summersun Tarmac,Sir Duke,Stevie Wonder,The Definitive Collection
Summersun Tarmac,Gold Dust (Flux Pavilion Remix),DJ Fresh,Gold Dust (Flux Pavilion Remix)
Summersun Tarmac,Revolution - Live,John Butler Trio,Tin Shed Tales
Summersun Tarmac,Freedom (Part 2) - Feat. Mason Jennings,The Beautiful Girls,Learn Yourself
Summersun Tarmac,Way It Goes,Current Swell,Protect Your Own
Summersun Tarmac,Morning Sun,The Beautiful Girls,Morning Sun
Summersun Tarmac,The Seed,K'NAAN,"Country, God Or The Girl (Deluxe)"
Summersun Tarmac,Who Knows Who Cares,Local Natives,Gorilla Manor
Summersun Tarmac,Paralysis,Young the Giant,Mind Over Matter
Summersun Tarmac,Mind Over Matter,Young the Giant,Mind Over Matter
Summersun Tarmac,Anagram,Young the Giant,Mind Over Matter
Summersun Tarmac,Eros,Young the Giant,Mind Over Matter
Summersun Tarmac,Say Hey (I Love You),"Michael Franti & Spearhead, Cherine Anderson",All Rebel Rockers
Summersun Tarmac,Shake It Out,Florence + The Machine,Ceremonials (Deluxe Edition)
Summersun Tarmac,California (Cast Iron Soul),Jamestown Revival,Utah
Summersun Tarmac,lovers’ carvings,Bibio,Ambivalence Avenue
Summersun Tarmac,Let Me Go,CAKE,Prolonging the Magic
Summersun Tarmac,Over the Rainbow,Israel Kamakawiwo'ole,Alone In Iz World
Summersun Tarmac,Feeling Good,Michael Bublé,It's Time
Summersun Tarmac,Always Gold,Radical Face,The Family Tree: The Roots
Summersun Tarmac,From Finner,Of Monsters and Men,My Head Is An Animal
Summersun Tarmac,Struggle Remains,Mishka,The Journey
Summersun Tarmac,Don't Worry Be Happy,Bobby McFerrin,The Best Of Bobby McFerrin
Summersun Tarmac,Two Coins,DISPATCH,Bang Bang [Remastered]
Summersun Tarmac,Stars (Hold On),Youngblood Hawke,Youngblood Hawke
Summersun Tarmac,Pride and Joy,Stevie Ray Vaughan,The Real Deal: Greatest Hits Volume 1
Summersun Tarmac,Move,"Matt Phillips, Phil Harmonic",Move
Summersun Tarmac,Mediterranean Blues,"Matt Phillips, Phil Harmonic",Move
Summersun Tarmac,"Autumn, Autumn, Autumn",Adventure the Great,Adventure the Great EP
Summersun Tarmac,Under the Bridge,Red Hot Chili Peppers,Greatest Hits
Summersun Tarmac,Land Before Time,"Matt Phillips, Phil Harmonic",Move
Summersun Tarmac,Mr. Radio,"Matt Phillips, Phil Harmonic",Move
Summersun Tarmac,Hey Jude,The Beatles Recovered Band,30 Beatles Top Hits
Summersun Tarmac,I Want to Hold Your Hand,The Beatles Recovered Band,30 Beatles Top Hits
Summersun Tarmac,Let It Be,The Beatles Recovered Band,30 Beatles Top Hits
Summersun Tarmac,The No-No Song - Live,Ringo Starr,The Anthology...So Far (Live)
Summersun Tarmac,Stay Crunchy,Ronald Jenkees,Disorganized Fun
Summersun Tarmac,Stars,Grace Potter & The Nocturnals,The Lion The Beast The Beat (Deluxe Edition)
Summersun Tarmac,Hard To Handle,The Black Crowes,Greatest Hits 1990-1999: A Tribute To A Work In Progress...
Summersun Tarmac,Drift Away (Rerecorded),Dobie Gray,Dobie Gray - His Very Best
Summersun Tarmac,Lean On Me - Re-Recorded In Stereo,Dobie Gray,Best Of
Summersun Tarmac,Georgia Peaches,Lynyrd Skynyrd,Lynyrd Skynyrd
Summersun Tarmac,Riptide,Vance Joy,Dream Your Life Away
Summersun Tarmac,The Tattoo That Loved Her Anyway,West My Friend,When the Ink Dries
Summersun Tarmac,Space Oddity - 2009 Remastered Version,David Bowie,Space Oddity [Space Oddity 40th Anniversary Edition]
Summersun Tarmac,Crazy On You,Heart,Dreamboat Annie
Summersun Tarmac,Call Me,St. Paul & The Broken Bones,Half the City
Summersun Tarmac,Save Tonight,Eagle-Eye Cherry,Desireless
Summersun Tarmac,Eight Days a Week,The Beatles Recovered Band,30 Beatles Top Hits
Summersun Tarmac,Yellow,Coldplay,Parachutes
Summersun Tarmac,"Oh, River",Sean Bruce,Daytime Hopes
Summersun Tarmac,San Francisco,The Mowgli's,Waiting For The Dawn
Summersun Tarmac,Superstition - Single Version,Stevie Wonder,Number Ones
Summersun Tarmac,How You Like Me Now,The Heavy,The House That Dirt Built
Summersun Tarmac,Is This Love,Bob Marley & The Wailers,Legend (Deluxe Edition)
Summersun Tarmac,Big Jet Plane,Angus & Julia Stone,Down The Way
Summersun Tarmac,Spirit In The Sky,Norman Greenbaum,Spirit In The Sky
Summersun Tarmac,Kashmir - 1990 Remaster,Led Zeppelin,Physical Graffiti (1994 Remaster)
Summersun Tarmac,Jerk It Out,Caesars,39 Minutes of Bliss (In An Otherwise Meaningless World)
Summersun Tarmac,Saturn Maybe,West My Friend,Place
Summersun Tarmac,We Are The Tide,Blind Pilot,We Are The Tide
Summersun Tarmac,The Moon Song - Film Version,"Scarlett Johansson, Joaquin Phoenix",The Moon Song (Music from and Inspired by the Motion Picture Her)
Summersun Tarmac,Free Bird,Lynyrd Skynyrd,Pronounced' Leh-'Nerd 'Skin-'Nerd
Summersun Tarmac,Sweet Disposition,The Temper Trap,(500) Days of Summer (Music from the Motion Picture)
Summersun Tarmac,Hold On,Alabama Shakes,Hold On
Summersun Tarmac,Upside Down,Jack Johnson,Sing-A-Longs & Lullabies For The Film Curious George
Summersun Tarmac,Sounds Like Hallelujah,The Head And The Heart,The Head and the Heart
Summersun Tarmac,Stronger Than That,Bahamas,Stronger Than That
Summersun Tarmac,Can't You See,The Marshall Tucker Band,The Marshall Tucker Band
Summersun Tarmac,Dice,"Finley Quaye, William Orbit",Much More Than Much Love
Summersun Tarmac,Little Giant,Roo Panes,Land of the Living EP
Summersun Tarmac,For What It's Worth,Buffalo Springfield,Buffalo Springfield
Summersun Tarmac,Do You Feel Like We Do - Live,Peter Frampton,Frampton Comes Alive! (35th Anniversary Deluxe Edition)
Summersun Tarmac,Give Up The Funk (Tear The Roof Off The Sucker),Parliament,The Best Of Parliament: Give Up The Funk
Summersun Tarmac,Express Yourself - Remastered Version,Charles Wright & The Watts 103rd Street Rhythm Band,Express Yourself (Remastered & Expanded)
Summersun Tarmac,Mister Sandman,Chet Atkins,Guitar Legend: The RCA Years
Summersun Tarmac,Bright,Acoustic Labs,Solar Sky
Summersun Tarmac,Only Love,Ben Howard,Every Kingdom
Summersun Tarmac,In The Summertime,Mungo Jerry,Cocktail
Summersun Tarmac,Carousel Ride,Rubblebucket,Survival Sounds
Summersun Tarmac,White Winter Hymnal,Fleet Foxes,Fleet Foxes
Summersun Tarmac,War,Hypnotic Brass Ensemble,Hypnotic Brass Ensemble
Summersun Tarmac,Hey Everybody,Rubblebucket,Survival Sounds
Summersun Tarmac,Fanshawe,El Ten Eleven,El Ten Eleven
Summersun Tarmac,Step Out,José González,Step Out (From The Secret Life Of Walter Mitty)
Summersun Tarmac,More Than Life,Whitley,The Submarine
Summersun Tarmac,Wiseman,Slightly Stoopid,Everything You Need
Summersun Tarmac,Hero,Family of the Year,Loma Vista
Summersun Tarmac,Intro,The xx,xx
Summersun Tarmac,Souls A'fire,Matt Corby,Into the Flame
Summersun Tarmac,Untitled,Seryn,This Is Where We Are
Summersun Tarmac,Resolution,Matt Corby,Resolution
Summersun Tarmac,Good Old Days,The Features,Good Old Days
Summersun Tarmac,Cold Is the Night,The Oh Hellos,The Oh Hello's
Summersun Tarmac,"Walk, Don't Run - Buddha Remastered - 2000",Chet Atkins,Guitar Legend: The RCA Years
Summersun Tarmac,Black Mountain Rag,Chet Atkins,Guitar Legend: The RCA Years
Summersun Tarmac,Nobody's Sweetheart - Buddha Remastered - 2000,Chet Atkins,Guitar Legend: The RCA Years
Summersun Tarmac,Yesterdays - Buddha Remastered - 2000,Chet Atkins,Guitar Legend: The RCA Years
Summersun Tarmac,So Rare - Remastered,Chet Atkins,Guitar Legend: The RCA Years
Summersun Tarmac,Every Age,José González,Every age
Summersun Tarmac,Sweet Home Alabama,Lynyrd Skynyrd,Lynyrd Skynyrd - Rock Legends
Dusky Bright,Closer To The Sun,Slightly Stoopid,Closer To The Sun
Dusky Bright,Collie Man,Slightly Stoopid,"Surfdog So-Cal Comp ft. Slightly Stoopid, Wylde Bunch, B-Side Players, & Agent 51"
Dusky Bright,This Joint,Slightly Stoopid,Closer To The Sun
Dusky Bright,Let's Ride,Ghost Brothers,Reach
Dusky Bright,"Hey You, Hello",Ghost Brothers,Reach
Dusky Bright,Just Wana Play,Ghost Brothers,Reach
Dusky Bright,World Looking In,Morcheeba,Fragments of Freedom
Dusky Bright,lovers’ carvings,Bibio,Ambivalence Avenue
Dusky Bright,Upside Down,Jack Johnson,Sing-A-Longs & Lullabies For The Film Curious George
Dusky Bright,Home,Edward Sharpe & The Magnetic Zeros,Up From Below
Dusky Bright,Little Talks,Of Monsters and Men,My Head Is An Animal
Dusky Bright,In The Summertime,Mungo Jerry,Cocktail
Dusky Bright,California Soul,Marlena Shaw,The Spice Of Life
Dusky Bright,Express Yourself - Remastered Version,Charles Wright & The Watts 103rd Street Rhythm Band,Express Yourself (Remastered & Expanded)
Dusky Bright,Let Me Go,CAKE,Prolonging the Magic
Dusky Bright,The Guitar Man,CAKE,Pressure Chief
Dusky Bright,San Francisco,The Mowgli's,Waiting For The Dawn
Dusky Bright,Stay Crunchy,Ronald Jenkees,Disorganized Fun
Dusky Bright,Mister Sandman,Chet Atkins,Guitar Legend: The RCA Years
Dusky Bright,Old Pine,Ben Howard,Every Kingdom
Dusky Bright,Only Love,Ben Howard,Every Kingdom
Dusky Bright,Say Hey (I Love You),"Michael Franti & Spearhead, Cherine Anderson",All Rebel Rockers
Dusky Bright,Two Coins,DISPATCH,Bang Bang [Remastered]
Dusky Bright,Land Before Time,"Matt Phillips, Phil Harmonic",Move
Dusky Bright,Call Me,St. Paul & The Broken Bones,Half the City
Dusky Bright,Riptide,Vance Joy,Dream Your Life Away
Dusky Bright,We Are The Tide,Blind Pilot,We Are The Tide
Dusky Bright,Yellow,Coldplay,Parachutes
Dusky Bright,Stars (Hold On),Youngblood Hawke,Youngblood Hawke
Dusky Bright,Drift Away (Rerecorded),Dobie Gray,Dobie Gray - His Very Best
Dusky Bright,Always Gold,Radical Face,The Family Tree: The Roots
Dusky Bright,Over the Rainbow,Israel Kamakawiwo'ole,Alone In Iz World
Dusky Bright,Hero,Family of the Year,Loma Vista
Dusky Bright,Sweet Home Alabama,Lynyrd Skynyrd,Lynyrd Skynyrd - Rock Legends
Dusky Bright,Recognize,Breakestra,Hit the Floor
Dusky Bright,Tighten Up,The Black Keys,Brothers
June'll Be Here Soon,From Finner,Of Monsters and Men,My Head Is An Animal
June'll Be Here Soon,Little Talks,Of Monsters and Men,My Head Is An Animal
June'll Be Here Soon,Old Pine,Ben Howard,Every Kingdom
June'll Be Here Soon,lovers’ carvings,Bibio,Ambivalence Avenue
June'll Be Here Soon,Dirty Paws,Of Monsters and Men,My Head Is An Animal
June'll Be Here Soon,Ho Hey,The Lumineers,The Lumineers
June'll Be Here Soon,Home,Edward Sharpe & The Magnetic Zeros,Up From Below
June'll Be Here Soon,Closer To The Sun,Slightly Stoopid,Closer To The Sun
June'll Be Here Soon,"Welcome Home, Son",Radical Face,Ghost
June'll Be Here Soon,"Hey You, Hello",Ghost Brothers,Reach
June'll Be Here Soon,Let's Ride,Ghost Brothers,Reach
June'll Be Here Soon,Just Wana Play,Ghost Brothers,Reach
June'll Be Here Soon,Cough Syrup,Young the Giant,Young The Giant (Special Edition)
June'll Be Here Soon,Wrapped In Piano Strings,Radical Face,Ghost
June'll Be Here Soon,Collie Man,Slightly Stoopid,Everything You Need
June'll Be Here Soon,Four Days Straight,Scattered Trees,Four Days Straight - Single
June'll Be Here Soon,The Cave,Mumford & Sons,Sigh No More
Soul Food,Boys & Girls,Alabama Shakes,Boys & Girls
Soul Food,Don't Wanna Fight,Alabama Shakes,Sound & Color
Soul Food,Future People,Alabama Shakes,Sound & Color
Soul Food,This Feeling,Alabama Shakes,Sound & Color
Soul Food,Miss You,Alabama Shakes,Sound & Color
Soul Food,Violent Shiver,Benjamin Booker,Benjamin Booker
Soul Food,Slow Coming,Benjamin Booker,Benjamin Booker
Soul Food,I Thought I Heard You Screaming,Benjamin Booker,Benjamin Booker
Soul Food,"Hold It, Kid (Your Heart Just Skipped a Beat)",The Weeks,Comeback Cadillac
Soul Food,Buttons,The Weeks,Buttons
Soul Food,Buttons,The Weeks,Comeback Cadillac
Soul Food,Meet Me In the City,The Black Keys,Chulahoma
Soul Food,Tighten Up,The Black Keys,Brothers
Soul Food,Call Me,St. Paul & The Broken Bones,Half the City
Soul Food,These Days,The Black Keys,Winter
Soul Food,Hold On,Alabama Shakes,Boys & Girls
Soul Food,Harlots Bluff,The Weeks,Dear Bo Jackson
Soul Food,Off the Rails,Iron Eyes Cody,Off the Rails
Soul Food,Body of Mine,Liz Brasher,Painted Image
Rooted,lovers’ carvings,Bibio,Ambivalence Avenue
Rooted,Dramamine,Modest Mouse,This Is a Long Drive for Someone with Nothing to Think About
Rooted,Young Folks,Peter Bjorn and John,Writer's Block
Rooted,See It No Other Way,Slightly Stoopid,Closer To The Sun
Rooted,"Welcome Home, Son",Radical Face,Ghost
Rooted,The Funeral,Band of Horses,Everything All The Time
Rooted,Wrapped In Piano Strings,Radical Face,Ghost
Rooted,Closer to the Sun,Slightly Stoopid,Closer to the Sun
Rooted,Walking with a Ghost,Tegan and Sara,So Jealous
Rooted,Is There A Ghost,Band of Horses,Cease To Begin
Rooted,The General Specific,Band of Horses,Cease To Begin
Rooted,This Joint,Slightly Stoopid,Closer to the Sun
Rooted,Mykonos,Fleet Foxes,Sun Giant
Rooted,White Winter Hymnal,Fleet Foxes,Fleet Foxes
Boom Box Mix Tape,Blue Boss,Sampa the Great,Blue Boss
Boom Box Mix Tape,Loud(y),Lewis Del Mar,Loud(y)
Boom Box Mix Tape,Paper Planes,M.I.A.,Kala
Boom Box Mix Tape,Calabria 2008 (feat. Natasja),"Enur, Natasja",Raggatronic
Boom Box Mix Tape,Wavin' Flag,K'NAAN,Troubadour
Boom Box Mix Tape,One Day,Matisyahu,Light
Boom Box Mix Tape,Heartbeat - Chase & Status We Just Bought A Guitar Mix,"Nneka, Chase & Status",Heartbeat EP
Boom Box Mix Tape,Disparate Youth,Santigold,Master of My Make-Believe
Boom Box Mix Tape,Starstruck,Santigold,Santigold
Boom Box Mix Tape,Sleepyhead,Passion Pit,Manners
Boom Box Mix Tape,High Enough - RAC Remix,"K.Flay, RAC",High Enough (RAC Remix)
Songs to Excite the White Folk,Smack That,"Akon, Eminem",Konvicted
Songs to Excite the White Folk,Let Me Blow Ya Mind,"Eve, Gwen Stefani",Scorpion
Songs to Excite the White Folk,So What,P!nk,Funhouse (Expanded Edition)
Songs to Excite the White Folk,Promiscuous,"Nelly Furtado, Timbaland",Loose
Songs to Excite the White Folk,Mirrors,Justin Timberlake,The 20/20 Experience (Deluxe Version)
Songs to Excite the White Folk,Cry Me a River,Justin Timberlake,Justified
Songs to Excite the White Folk,Fergalicious,"Fergie, will.i.am",The Dutchess
Songs to Excite the White Folk,Kill You,Eminem,The Marshall Mathers LP
Songs to Excite the White Folk,The Real Slim Shady,Eminem,The Marshall Mathers LP
Songs to Excite the White Folk,Rap God,Eminem,The Marshall Mathers LP2 (Deluxe)
Songs to Excite the White Folk,Lose Yourself,Eminem,Curtain Call: The Hits (Deluxe Edition)
Songs to Excite the White Folk,X Gon' Give It To Ya,DMX,The Definition Of X: Pick Of The Litter
Songs to Excite the White Folk,Hey Ya!,Outkast,Speakerboxxx/The Love Below
Songs to Excite the White Folk,Roses,Outkast,Speakerboxxx/The Love Below
Songs to Excite the White Folk,The Sweet Escape,"Gwen Stefani, Akon",The Sweet Escape
Songs to Excite the White Folk,Yeah! (feat. Lil Jon & Ludacris),"USHER, Lil Jon, Ludacris",Confessions (Expanded Edition)
Songs to Excite the White Folk,Stronger,Kanye West,Graduation
Songs to Excite the White Folk,Just Lose It,Eminem,Encore (Deluxe Version)
Songs to Excite the White Folk,Pocketful of Sunshine,Natasha Bedingfield,Pocketful Of Sunshine
Songs to Excite the White Folk,Just Dance,"Lady Gaga, Colby O'Donis",The Fame
Songs to Excite the White Folk,Don't Stop The Music,Rihanna,Good Girl Gone Bad: Reloaded
Songs to Excite the White Folk,Sugar Honey Iced Tea (S.H.I.T.),Princess Nokia,Sugar Honey Iced Tea (S.H.I.T.)
EBoL,Intro,TeZATalks,Apart To Chaos
EBoL,TROJAN HORSE,SEBASTIAN PAUL,TROJAN HORSE
EBoL,Tangerine,Glass Animals,Dreamland (+ Bonus Levels)
EBoL,Tokyo Drifting,"Glass Animals, Denzel Curry",Dreamland (+ Bonus Levels)
EBoL,Domestic Bliss,Glass Animals,Dreamland (+ Bonus Levels)
EBoL,Febreze (feat. 2 Chainz),"Jack Ü, Skrillex, Diplo, 2 Chainz",Skrillex and Diplo present Jack Ü
EBoL,Take Ü There (feat. Kiesza),"Jack Ü, Skrillex, Diplo, Kiesza",Skrillex and Diplo present Jack Ü
EBoL,To Ü (feat. AlunaGeorge),"Jack Ü, Skrillex, Diplo, Aluna, AlunaGeorge",Skrillex and Diplo present Jack Ü
EBoL,LUST DRUNK,SEBASTIAN PAUL,TROJAN HORSE
EBoL,Citi Bike,Lido,Everything
EBoL,Fire,"Just A Gent, Caitlyn Scarlett",Fire
EBoL,Mars,TeZATalks,Mars
EBoL,In the Dark,TeZATalks,In the Dark
EBoL,Griztronics,"GRiZ, Subtronics",Bangers[2].Zip
EBoL,Goodie Bag,Still Woozy,Goodie Bag
R&G,Dollar,Electric Guest,KIN
R&G,Oh Devil,Electric Guest,Plural
R&G,This Head I Hold,Electric Guest,Mondo
R&G,Trippy (feat. J. Cole),"Anderson .Paak, J. Cole",Oxnard
R&G,Come Down,Anderson .Paak,Malibu
R&G,Tints (feat. Kendrick Lamar),"Anderson .Paak, Kendrick Lamar",Oxnard
R&G,Make It Better (feat. Smokey Robinson),"Anderson .Paak, Smokey Robinson",Ventura
R&G,Heavenly Father,Isaiah Rashad,Cilvia Demo
R&G,Nuff Fiya,"mindbody&beats, twuan, Felly",bmb
R&G,Fabrics,Felly,Waking up to Sirens
R&G,Sun and Good Loving,Felly,Sun and Good Loving
R&G,Right Side (Feat. Doja Cat),"L8LOOMER, Doja Cat",Right Side (Feat. Doja Cat)
R&G,Can’t Get Enough,GRiZ,Ride Waves
R&G,PS GFY,"GRiZ, Cherub",Good Will Prevail
R&G,Good Times Roll,"GRiZ, Big Gigantic",Good Will Prevail
R&G,Call You Back,"Cool Company, Haley Dekle",Call You Back
R&G,Bust It Open,Cool Company,Bust It Open
R&G,Life,Cherub,"Bleed Gold, Piss Excellence"
R&G,Look@Ugo,Mosie,Tangerine
R&G,Oh! Frenchy,Mosie,Oh! Frenchy
R&G,Netflix & Dusse,Smino,blkswn
R&G,B Role,Smino,blkswn
R&G,Wild Irish Roses,Smino,blkswn
R&G,Sugar High,Tate Tucker,Shangri LA
R&G,P-Funk (Wants To Get Funked Up),Parliament,Mothership Connection
R&G,Roses,Outkast,Speakerboxxx/The Love Below
R&G,Hey Ya!,Outkast,Speakerboxxx/The Love Below
R&G,100 Miles and Running (ft. Wale & John Lindahl),"Logic, Wale, John Lindahl",YSIV
R&G,Caroline,Aminé,Good For You
R&G,Slip Slide,Nico Segal,Surf
R&G,Uptown Funk (feat. Bruno Mars),"Mark Ronson, Bruno Mars",Uptown Special
R&G,Fantasy,Eternity Forever,Fantasy
R&G,Cocoa Butter Kisses,"Chance the Rapper, VIC MENSA, Twista",Acid Rap
R&G,Lil Bit,Futuristic,Lil Bit
Memes,Heelys,Dropout,Heelys
Memes,Light Work,Prof,Pookie Baby
Memes,Bar Breaker,Prof,Liability
Memes,#SELFIE,The Chainsmokers,#SELFIE
Memes,E.T.,"Yung Gravy, LIL MAYO",Sensational
Memes,Batshit,SOFI TUKKER,Treehouse
Memes,Fembot,Robyn,Body Talk
Memes,No Scrubs - Jack Trades Remix,"Dropout, Wendy Sarmiento, Jack Trades",No Scrubs (Jack Trades Remix)
Memes,Up Down (Do This All Day) (feat. B.o.B),"T-Pain, B.o.B",Up Down (Do This All Day) (feat. B.o.B)
Memes,P-Funk (Wants To Get Funked Up),Parliament,Mothership Connection
Sassafrass,4th Season,TeZATalks,4th Season
Sassafrass,Kinko,TeZATalks,Kinko
Sassafrass,Wanna Dü,"Joza, TeZATalks",Wanna Dü
Sassafrass,Heard Em Say,Leikeli47,Leikeli47
Sassafrass,Wash & Set,Leikeli47,Wash & Set
Sassafrass,Champagne,K.Flay,Every Where Is Some Where
Sassafrass,Blood In The Cut,K.Flay,Every Where Is Some Where
Sassafrass,Pockiez,Awkwafina,In Fina We Trust
Sassafrass,Borders,M.I.A.,AIM (Deluxe)
Sassafrass,Paper Planes,M.I.A.,Kala
Sassafrass,Go Off,M.I.A.,AIM (Deluxe)
Sassafrass,Crown On The Ground,Sleigh Bells,Treats
Sassafrass,Gangsta,Tune-Yards,W H O K I L L
Sassafrass,Calabria 2008,"Enur, Natasja",Raggatronic
Sassafrass,Fire In Your New Shoes (feat. Dragonette),"Kaskade, Dragonette",Dynasty
Sassafrass,Starstruck,Santigold,Santigold
Sassafrass,Fembot,Robyn,Body Talk
Sassafrass,DDU-DU DDU-DU,BLACKPINK,SQUARE UP
My Rap Anthems,G.O.M.D.,J. Cole,2014 Forest Hills Drive
My Rap Anthems,No Role Modelz,J. Cole,2014 Forest Hills Drive
My Rap Anthems,Wrong Man (feat. Ariana Deboo & Dave B),"Sam Lachow, Dave B., Ariana DeBoo","Friends, Funk & Liquor"
My Rap Anthems,"Friends, Funk & Liquor (feat. Ariana Deboo)","Sam Lachow, Ariana DeBoo","Friends, Funk & Liquor"
My Rap Anthems,Sheesh,"Josh Sallee, Blev",Sheesh
My Rap Anthems,Jazz,Mick Jenkins,The Water (S)
My Rap Anthems,151 Rum,JID,DiCaprio 2
My Rap Anthems,You & The 6,Drake,If You're Reading This It's Too Late
My Rap Anthems,Pound Cake / Paris Morton Music 2,"Drake, JAŸ-Z",Nothing Was The Same (Deluxe)
My Rap Anthems,No Tellin',Drake,If You're Reading This It's Too Late
My Rap Anthems,Broad Shoulders (feat. Chance the Rapper),"Taylor Bennett, Ludlow, Chance the Rapper",Broad Shoulders
My Rap Anthems,Pink Cocaine,Myke Bogan,Casino Carpet
My Rap Anthems,Loner (feat. Linzi Jai),"Sylvan LaCue, Linzi Jai",Far from Familiar
My Rap Anthems,A Milli,Lil Wayne,Tha Carter III
My Rap Anthems,Hey Ma,"Cam'ron, Juelz Santana, Freekey Zeekey, Toya",Come Home With Me
My Rap Anthems,Killa Cam,Cam'ron,The Color Purple
My Rap Anthems,Lately,WebsterX,Lately
My Rap Anthems,Springtime in New York,Watsky,x Infinity
My Rap Anthems,Little Slice (feat. Danny Skyhigh McClain),"Watsky, Danny Skyhigh McClain",x Infinity
My Rap Anthems,Morning Sex,Joey Purp,iiiDrops
My Rap Anthems,Just Da Other Day,JID,DiCaprio 2
My Rap Anthems,Love Me,Steven Moses,Love Me // Leave Me
My Rap Anthems,Pretty Life,"Terrell Morris, Free n Losh",Molasses
My Rap Anthems,Stranger Things,"Joyner Lucas, Chris Brown",Stranger Things
My Rap Anthems,Tour Music (feat. B Skeez & Magik),"Sam Lachow, B Skeez, Magik",Motels & Minivans
My Rap Anthems,Goodbye,Russ,Pink Elephant
My Rap Anthems,Vibration (Extended Version),Alex Wiley,Vibration (Extended Version)
My Rap Anthems,Light Work,Prof,Pookie Baby
My Rap Anthems,Awayo (feat. K.a.a.N),"Josh Sallee, K.A.A.N.",Awayo (feat. K.a.a.N)
My Rap Anthems,HËÂT RŌČK.,Tobe Nwigwe,THE ORIGINALS.
My Rap Anthems,Know the Name,LeRoyce,The Sunny Nights Project
My Rap Anthems,Sidewalks,"The Weeknd, Kendrick Lamar",Starboy
My Rap Anthems,King Kunta,Kendrick Lamar,To Pimp A Butterfly
My Rap Anthems,Say What's Real,Drake,So Far Gone
Indie Be Poppin,Lisztomania,Phoenix,Wolfgang Amadeus Phoenix
Indie Be Poppin,Broken,Gorillaz,Plastic Beach
Indie Be Poppin,Your Woman,White Town,Women In Technology
Indie Be Poppin,Out of My League,Fitz and The Tantrums,Out of My League
Indie Be Poppin,Left Hand Free,alt-J,This Is All Yours
Indie Be Poppin,A-Punk,Vampire Weekend,Vampire Weekend
Indie Be Poppin,Dashboard,Modest Mouse,We Were Dead Before The Ship Even Sank
Indie Be Poppin,Stolen Dance,Milky Chance,Stolen Dance
Indie Be Poppin,Farrah Fawcett Hair,"Capital Cities, André 3000",In A Tidal Wave Of Mystery (Deluxe Edition)
Indie Be Poppin,Tongue Tied,GROUPLOVE,Never Trust a Happy Song
Indie Be Poppin,What You Know,Two Door Cinema Club,Tourist History
Indie Be Poppin,Undercover Martyn,Two Door Cinema Club,Tourist History
Indie Be Poppin,Feels Like We Only Go Backwards,Tame Impala,Lonerism
Indie Be Poppin,Rawnald Gregory Erickson the Second,STRFKR,Starfucker
Indie Be Poppin,Breezeblocks,alt-J,An Awesome Wave
Indie Be Poppin,Electric Feel,MGMT,Oracular Spectacular
Indie Be Poppin,Kids,MGMT,Oracular Spectacular
Indie Be Poppin,Time to Pretend,MGMT,Oracular Spectacular
Indie Be Poppin,HandClap,Fitz and The Tantrums,Fitz and The Tantrums (Deluxe Edition)
Indie Be Poppin,Out of My League,Fitz and The Tantrums,More Than Just a Dream (Deluxe Edition)
Indie Be Poppin,Daylight,Matt and Kim,Grand
Indie Be Poppin,Sweet Disposition,The Temper Trap,Conditions
Indie Be Poppin,Don't Slow Down,Matt and Kim,Grand
Indie Be Poppin,Not Alone,Matt and Kim,New Glow
Indie Be Poppin,Step,Vampire Weekend,Modern Vampires of the City
Indie Be Poppin,The Kids Don't Stand A Chance,Vampire Weekend,Vampire Weekend
Indie Be Poppin,Take a Walk,Passion Pit,Gossamer
Indie Be Poppin,Animal,Miike Snow,Miike Snow
Indie Be Poppin,Pumped Up Kicks,Foster The People,Torches
Indie Be Poppin,Burning,The Whitest Boy Alive,Dreams
Indie Be Poppin,Golden Cage,The Whitest Boy Alive,Dreams
Indie Be Poppin,Loud Pipes,Ratatat,Classics
Indie Be Poppin,Young Blood,The Naked And Famous,"Passive Me, Aggressive You"
Indie Be Poppin,Punching In A Dream,The Naked And Famous,"Passive Me, Aggressive You"
Indie Be Poppin,1901,Phoenix,Wolfgang Amadeus Phoenix
Indie Be Poppin,If I Ever Feel Better,Phoenix,United
Indie Be Poppin,Lo/Hi,The Black Keys,Lo/Hi
Indie Be Poppin,Tighten Up,The Black Keys,Brothers
Indie Be Poppin,Two Weeks,Grizzly Bear,Veckatimest
Indie Be Poppin,We Come Running,Youngblood Hawke,Youngblood Hawke
Indie Be Poppin,San Francisco,The Mowgli's,Waiting For The Dawn
Indie Be Poppin,Dog Days Are Over,Florence + The Machine,Lungs (Deluxe Edition)
Indie Be Poppin,You've Got The Love,Florence + The Machine,Lungs (Deluxe Edition)
Indie Be Poppin,Shake It Out,Florence + The Machine,Ceremonials (Deluxe Edition)
Indie Be Poppin,Australia,The Shins,Wincing The Night Away
Indie Be Poppin,Phantom Limb,The Shins,Wincing The Night Away
Indie Be Poppin,Caring Is Creepy,The Shins,"Oh, Inverted World"
Indie Be Poppin,Water,"Ra Ra Riot, Rostam",Need Your Light
Indie Be Poppin,West Coast,Coconut Records,Nighttiming
Indie Be Poppin,I'm Good,The Mowgli's,Kids In Love
Indie Be Poppin,Wake Up,Arcade Fire,Funeral
Indie Be Poppin,The Suburbs,Arcade Fire,The Suburbs
Indie Be Poppin,The Rifle's Spiral,"The Shins, James Mercer",Port Of Morrow
Indie Be Poppin,Can I Call You Tonight?,Dayglow,Fuzzybrain
"I Dunno, Bangerz?",Batshit,SOFI TUKKER,Treehouse
"I Dunno, Bangerz?","Best Friend (feat. NERVO, The Knocks & ALISA UENO)","SOFI TUKKER, NERVO, The Knocks, ALISA UENO",Treehouse
"I Dunno, Bangerz?",Calabria 2008 (feat. Natasja),"Enur, Natasja",Raggatronic
"I Dunno, Bangerz?",Paper Planes,M.I.A.,Kala
"I Dunno, Bangerz?",Disparate Youth,Santigold,Master of My Make-Believe
"I Dunno, Bangerz?",Go Off,M.I.A.,AIM (Deluxe)
"I Dunno, Bangerz?",Don't Play No Game That I Can't Win - Edit,"Beastie Boys, Santigold",Don't Play No Game That I Can't Win (Remix EP) [feat. Santigold]
"I Dunno, Bangerz?",Fembot,Robyn,Body Talk
"I Dunno, Bangerz?",Wash & Set,Leikeli47,Wash & Set
"I Dunno, Bangerz?",Fire in Your New Shoes (feat. Dragonette),"Kaskade, Dragonette",I Remember
"I Dunno, Bangerz?",Bulletproof,La Roux,La Roux
"I Dunno, Bangerz?",Makeba,Jain,Zanaka
"I Dunno, Bangerz?",Technologic,Daft Punk,Human After All
"I Dunno, Bangerz?","Harder, Better, Faster, Stronger",Daft Punk,Discovery
"I Dunno, Bangerz?",Oldies But Happies,Hideki Naganuma,Jet Set Radio Future SEGA Original Tracks
"I Dunno, Bangerz?",Step Down (feat. CRNKN) - CRNKN Remix,"Elliphant, CRNKN",Step Down (Remixes)
"I Dunno, Bangerz?",Reaper Man,Mother Mother,Very Good Bad Thing
"I Dunno, Bangerz?",Baddest Motherfucker in the Beehive,The Delta Riggs,Active Galactic
"I Dunno, Bangerz?",Get Out The Way,Mother Mother,Very Good Bad Thing
"I Dunno, Bangerz?",Wrecking Ball,Mother Mother,O My Heart
"I Dunno, Bangerz?",The Stand,Mother Mother,Eureka
"I Dunno, Bangerz?",Mama Yo! - Radio Edit,"Mayra Veronica, Yolanda Be Cool",Mama Yo! (Radio Edit)
"I Dunno, Bangerz?",Mellow Out,in the blue shirt,Sensation Of Blueness
Intensity Spikes,Ready or Not (feat. Esthero),"Mischa ""Book"" Chillak, Esthero",Ready or Not (feat. Esthero)
Intensity Spikes,Fear in My Eyes,"Besomorph, Drama B",Fear in My Eyes
Intensity Spikes,Like A Bitch - Extended Mix,Zomboy,Neon Grave
Intensity Spikes,Champagne,K.Flay,Every Where Is Some Where
Intensity Spikes,Never Gonna Catch Me,"El Speaker, Skan",Never Gonna Catch Me
Intensity Spikes,1000 Rounds,"Ghostemane, Pouya",1000 Rounds
Intensity Spikes,Darkside Imperials,Toussaint Morrison,Edo
Intensity Spikes,Muddy,"Steven Moses, Maxo Kream",Love Me // Leave Me
Intensity Spikes,Strange Thangs,Lilo Key,Strange Thangs
Intensity Spikes,Drive It Like You Stole It,The Glitch Mob,Drink the Sea
Intensity Spikes,Norf Norf,Vince Staples,Summertime '06
Intensity Spikes,Spaceboss,"Liquid Stranger, Space Jesus",Weird & Wonderful
Intensity Spikes,Venom (feat. Shakewell),"$uicideboy$, Shakewell",Venom (feat. Shakewell)
Intensity Spikes,bury a friend,Billie Eilish,bury a friend
Intensity Spikes,Fistful Of Silence,The Glitch Mob,Drink the Sea
Intensity Spikes,Black Lingerie,"Walkabout, Tbreck",Black Lingerie
Intensity Spikes,Lost My Mind,"Dillon Francis, Alison Wonderland",Lost My Mind
Intensity Spikes,STFD,TeZATalks,Chaos
Intensity Spikes,Ain't My Fault,WebsterX,Ain't My Fault
Intensity Spikes,I'm Good,Snak The Ripper,I'm Good
Intensity Spikes,Derezzed - Remixed by The Glitch Mob,"Daft Punk, The Glitch Mob",TRON: Legacy Reconfigured
Intensity Spikes,Leave It,"UZ, Rome Fortune",The Rebirth
Intensity Spikes,No Glory (feat. M.I.M.E & Drama B),"Skan, Krale, M.I.M.E, Drama B",No Glory (feat. M.I.M.E & Drama B)
Intensity Spikes,God Damnit (Hex Cougar Remix)(with Call Me Karizma),"ILLENIUM, Call Me Karizma, Hex Cougar",God Damnit (Hex Cougar Remix)(with Call Me Karizma)
Intensity Spikes,Interlude,TeZATalks,Chaos
Intensity Spikes,Babylon (feat. Denzel Curry) - Skrillex & Ronny J Remix,"Ekali, Denzel Curry, Skrillex, RONNY J",Babylon (feat. Denzel Curry) [Remixes]
Intensity Spikes,Wild Out (feat. Waka Flocka Flame & Paige),"Borgore, Waka Flocka Flame, Paige",Wild Out (feat. Waka Flocka Flame & Paige) [Remixes]
Alter,Too Late,The Happy Fits,Awfully Apeelin'
Alter,Confess,Jack River,Sugar Mountain
Alter,Up Against The Wall,Peter Bjorn and John,Writer's Block
Alter,Idea/Intent,The Beths,Warm Blood
Alter,Whatever,The Beths,Warm Blood
Alter,Modern Chemistry,"Okey Dokey, Liz Cooper",Tell All Your Friend
Alter,Hands Down,The Greeting Committee,It’s Not All That Bad
Alter,You've Got Me,The Greeting Committee,This Is It
Alter,Clementine,Sarah Jaffe,Suburban Nature
Alter,Not Running,The Beths,Future Me Hates Me
Alter,The Tattoo That Loved Her Anyway,West My Friend,When the Ink Dries
Alter,The Record Player Song,Daisy the Great,The Record Player Song
Alter,River Run: Lvl 1,The Beths,Future Me Hates Me
Alter,Grow Back,The Happy Fits,Concentrate
Alter,Sailing,The Happy Fits,What Could Be Better
Alter,The Garden,The Happy Fits,What Could Be Better
Alter,It's Nice to Be Alive,Ball Park Music,Happiness and Surrounding Suburbs
Alter,Edge Of Town,Middle Kids,Middle Kids
Alter,It Hurts,Bad Bad Hats,It Hurts
"Sand, Sun, Silliness",Feeling Inside,Paranoid Castle,Champagne Nightmares
"Sand, Sun, Silliness",Can't Get Happy,Only Real,Jerk At The End Of The Line (Deluxe)
"Sand, Sun, Silliness",Sour Patch Kids,Bryce Vine,Lazy Fair
"Sand, Sun, Silliness",Good Day,Nappy Roots,Good Day
"Sand, Sun, Silliness",Sunday Candy,Nico Segal,Surf
"Sand, Sun, Silliness",Before We Lose Our Mind,The Hip Abduction,Gold Under The Glow
"Sand, Sun, Silliness",Way Up (feat. Ava Re),"Floduxe, Ava Re",Way Up (feat. Ava Re)
"Sand, Sun, Silliness",Brazil,Declan McKenna,Brazil
"Sand, Sun, Silliness",City Livin' (feat. Mike Irving),Aziz,City Livin' (feat. Mike Irving)
"Sand, Sun, Silliness",Summerscent,Kids These Days,Hard Times
"Sand, Sun, Silliness",Floats My Boat,Aer,The Bright Side
"Sand, Sun, Silliness",The Recipe,Kai Straw,GUN
"Sand, Sun, Silliness",Gaims,KAMAUU,A Gorgeous Fortune EP
"Sand, Sun, Silliness",Bootleggin',Quinn XCII,Bloom
"Sand, Sun, Silliness",Straightjacket,Quinn XCII,The Story of Us
"Sand, Sun, Silliness",Beachside,"Bazanji, Jackson Breit",Beachside
"Sand, Sun, Silliness",Friday,Dae Zhen,Friday
"Sand, Sun, Silliness",Kidnap Me,CRUISR,All Over
"Sand, Sun, Silliness",Fruit Punch,Kaiydo,Fruit Punch
"Sand, Sun, Silliness",happyBB,MOD SUN,BB
"Sand, Sun, Silliness",Butterflies,Samsa,Butterflies
"Sand, Sun, Silliness",Darlin',tobi lou,Darlin'
"Sand, Sun, Silliness",Cocoa Butter Kisses,"Chance the Rapper, VIC MENSA, Twista",Acid Rap
Grül,"Friends, Funk & Liquor (feat. Ariana Deboo)","Sam Lachow, Ariana DeBoo","Friends, Funk & Liquor"
Grül,No Glory (feat. M.I.M.E & Drama B),"Skan, Krale, M.I.M.E, Drama B",No Glory (feat. M.I.M.E & Drama B)
Grül,Good to Be Home (feat. Elan Wright),"Sam Lachow, Elan Wright",Good to Be Home (feat. Elan Wright)
Grül,The Anthem,Myke Bogan,Silk Jockstrap
Grül,Finish With a Kill,Intuition & Equalibrum,Intuition & Equalibrum
Grül,Weight Is Gone,Intuition & Equalibrum,Intuition & Equalibrum
Grül,Imagining,Intuition & Equalibrum,Intuition & Equalibrum
Grül,After Dark,"Sam Lachow, Watsky, Ariana DeBoo",Huckleberry
Grül,Mia Khalifa (feat. M.I.M.E),"Skan, M.I.M.E",Energy EP
Grül,La Drift,"Azide, Drama B, M.I.M.E",La Drift
Grül,Wrong Man (feat. Ariana Deboo & Dave B),"Sam Lachow, Dave B., Ariana DeBoo","Friends, Funk & Liquor"
Grül,Pink Cocaine,Myke Bogan,Casino Carpet
Grül,"Young Seattle 4 (feat. B Skeez, Gifted Gab, Raz Simone, Dave B, Key Nyata & Ariana Deboo)","Sam Lachow, Dave B., B Skeez, Gifted Gab, Raz Simone, Key Nyata, Ariana DeBoo","Friends, Funk & Liquor"
Grül,Tour Music (feat. B Skeez & Magik),"Sam Lachow, B Skeez, Magik",Motels & Minivans
Grül,Whippin' rentals (feat. Eric Biddines & Magik),"Sam Lachow, Eric Biddines, Magik",Motels & Minivans
Grül,2am on Pike Street (feat. Wilson Luxurious),"Sam Lachow, Wilson Luxurious",Motels & Minivans
Grül,Seventeen Summers (feat. Eric Biddines),"Sam Lachow, Eric Biddines",Motels & Minivans
Grül,Albino Rhino (feat. Nacho Picasso),"Sam Lachow, Nacho Picasso",Motels & Minivans
Grül,Death of a Salesman,Kweku Collins,Nat Love
Grül,Isombard - clipping. Float On Remix,"Declan McKenna, clipping.",Isombard (clipping. Float On Remix)
Vibrant,Where the Kids Are,Blondfire,Young Heart
Vibrant,Peaches,In The Valley Below,The Belt
Vibrant,Kids,MGMT,Oracular Spectacular
Vibrant,Electric Feel,MGMT,Oracular Spectacular
Vibrant,Time to Pretend,MGMT,Oracular Spectacular
Vibrant,Young Boys,Sin Fang,Flowers
Vibrant,Midnight City,M83,"Hurry Up, We're Dreaming"
Vibrant,Lucifer's Eyes,T.O.L.D.,Heaven EP
Vibrant,Right Gone Wrong,Blondfire,Young Heart
Vibrant,Bulletproof,La Roux,La Roux
Vibrant,Fire in Your New Shoes (feat. Dragonette),"Kaskade, Dragonette",I Remember
Vibrant,Girls Like You,The Naked And Famous,"Passive Me, Aggressive You"
Vibrant,Run,"Nick Catchdubs, MNDR",Smoke Machine
It Is What It Is,"I'm Not Crying. You're Not Crying, Are You?",Dear and the Headlights,Drunk Like Bible Times
It Is What It Is,The River,Son Little,Things I Forgot
It Is What It Is,Take It As It Comes,J. Roddy Walston & The Business,Essential Tremors
It Is What It Is,Waiting on the Day,Tall Tall Trees,Moment
It Is What It Is,Bourbon Street,Jeff Tuohy,Cocoon
It Is What It Is,How You Like Me Now,The Heavy,The House That Dirt Built
It Is What It Is,Light Goes Out,Ages and Ages,Divisionary
It Is What It Is,Ain't No Rest for the Wicked,Cage The Elephant,Cage The Elephant
It Is What It Is,Run,Rainbow Kitten Surprise,RKS
It Is What It Is,Bad Ju-Ju,The Owsley Brothers,Cobalt
It Is What It Is,Are You Gonna Be My Girl,Jet,Get Born
It Is What It Is,Trouble,Cage The Elephant,Tell Me I'm Pretty
It Is What It Is,Bills,grandson,Bills
It Is What It Is,Blood // Water,grandson,a modern tragedy vol. 1
It Is What It Is,Dmt and Whiskey,"Netherfriends, Yomi",808's & Harpbreak
It Is What It Is,Uptown Boys,Netherfriends,P3ace
Skadatera Doo Da,Two Shoes,The Cat Empire,Two Shoes
Skadatera Doo Da,So Many Nights,The Cat Empire,So Many Nights
Skadatera Doo Da,The Car Song,The Cat Empire,Two Shoes
Skadatera Doo Da,In My Pocket,The Cat Empire,Two Shoes
Skadatera Doo Da,Backyard,Mad Caddies,Keep It Going
Skadatera Doo Da,Reflections,Mad Caddies,Keep It Going
Skadatera Doo Da,Lay Your Head Down,Mad Caddies,Keep It Going
Skadatera Doo Da,Souls For Sale,Mad Caddies,Keep It Going
Skadatera Doo Da,Santeria,Sublime,Sublime (Explicit Version)
Skadatera Doo Da,Coyote,Mad Caddies,Keep It Going
Skadatera Doo Da,Booty Swing,Parov Stelar,The Paris Swing Box
Skadatera Doo Da,Recognize,Breakestra,Hit the Floor
Skadatera Doo Da,Bad Boy Good Man,"Tape Five, Henrik Wager",The Art Of Electro Swing
Skadatera Doo Da,Trouble,John Mancini Band,Sun King
Skadatera Doo Da,Came Out of a Lady,Rubblebucket,Omega La La
Skadatera Doo Da,My Life,Rubblebucket,Survival Sounds
Skadatera Doo Da,Carousel Ride,Rubblebucket,Survival Sounds
Skadatera Doo Da,Shake Me Around,Rubblebucket,Survival Sounds
Skadatera Doo Da,Origami,Rubblebucket,Survival Sounds
Skadatera Doo Da,Major Roxy,Rubblebucket,Survival Sounds
Skadatera Doo Da,Rewind,Rubblebucket,Survival Sounds
Skadatera Doo Da,Bourbon Street,Jeff Tuohy,Cocoon
Skadatera Doo Da,Baddest Motherfucker in the Beehive,The Delta Riggs,Active Galactic
Weirdie Partie,Left Hand Free,alt-J,This Is All Yours
Weirdie Partie,Carousel Ride,Rubblebucket,Survival Sounds
Weirdie Partie,Fool for Love,Lord Huron,Strange Trails
Weirdie Partie,A-Punk,Vampire Weekend,Vampire Weekend
Weirdie Partie,Dashboard,Modest Mouse,We Were Dead Before The Ship Even Sank
Weirdie Partie,Stolen Dance,Milky Chance,Stolen Dance
Weirdie Partie,Farrah Fawcett Hair,"Capital Cities, André 3000",In A Tidal Wave Of Mystery (Deluxe Edition)
Weirdie Partie,My Life,Rubblebucket,Survival Sounds
Weirdie Partie,Two Weeks,Grizzly Bear,Veckatimest
Weirdie Partie,The Distance,CAKE,Fashion Nugget
Weirdie Partie,Take Off Your Shirt,Bibio,Mind Bokeh
Weirdie Partie,Came Out of a Lady,Rubblebucket,Omega La La
Weirdie Partie,Fell In Love With A Girl,The White Stripes,White Blood Cells
Weirdie Partie,The Denial Twist,The White Stripes,Get Behind Me Satan
Weirdie Partie,Tongue Tied,GROUPLOVE,Never Trust a Happy Song
Weirdie Partie,What You Know,Two Door Cinema Club,Tourist History
Weirdie Partie,Calabria 2008,Enur feat. Natasja,Reggae Gold 2008
Weirdie Partie,Undercover Martyn,Two Door Cinema Club,Tourist History
Weirdie Partie,Feels Like We Only Go Backwards,Tame Impala,Lonerism
Weirdie Partie,Rawnald Gregory Erickson the Second,STRFKR,Starfucker
Weirdie Partie,Brill Bruisers,The New Pornographers,Brill Bruisers
Weirdie Partie,California,Delta Spirit,Delta Spirit
Weirdie Partie,Tickle,Eyes Lips Eyes,Place to Be
Weirdie Partie,Slow Motion,PHOX,PHOX
Weirdie Partie,Young Fathers,Typhoon,White Lighter
Weirdie Partie,Lay It Down,The Rubens,The Rubens
Weirdie Partie,Heart It Races - Live,Dr. Dog,Live at a Flamingo Hotel
Weirdie Partie,Gronlandic Edit,of Montreal,"Hissing Fauna, Are You The Destroyer?"
Weirdie Partie,Sedona,Houndmouth,Little Neon Limelight
Weirdie Partie,Gangsta,Tune-Yards,W H O K I L L
Weirdie Partie,Up Up Up,GIVERS,In Light
Weirdie Partie,Rotten Apples,Voxhaul Broadcast,Timing Is Everything
Weirdie Partie,Bridge Burn,Little Comets,Life Is Elsewhere
Weirdie Partie,"10,000 Emerald Pools",BØRNS,Dopamine
Weirdie Partie,Call off Your Dogs,Lake Street Dive,Call off Your Dogs
Weirdie Partie,Tallulah,Company of Thieves,Running from a Gamble
Weirdie Partie,Peaches,In The Valley Below,The Belt
Weirdie Partie,One Big Holiday,My Morning Jacket,It Still Moves
Weirdie Partie,"I'm Not Crying. You're Not Crying, Are You?",Dear and the Headlights,Drunk Like Bible Times
Weirdie Partie,Take It As It Comes,J. Roddy Walston & The Business,Essential Tremors
Weirdie Partie,I Wanna Go,Summer Heart,About A Feeling
Weirdie Partie,Past Lives,BØRNS,Dopamine
Weirdie Partie,Kisser,Step Rockets,Future Nature
Weirdie Partie,It Never Rains,Jonquil,One Hundred Suns
Weirdie Partie,My Body,Young the Giant,Young The Giant (Special Edition)
Weirdie Partie,Lone Digger,Caravan Palace,<I°_°I>
Weirdie Partie,Ain't No Rest for the Wicked,Cage The Elephant,Cage The Elephant
Weirdie Partie,Crystallized,Young the Giant,Mind Over Matter
Weirdie Partie,Booty Swing,Parov Stelar,"The Princess, Pt. Two"
Weirdie Partie,Bad Boy Good Man - Aerophon Mix,"Tape Five, Henrik Wager",Tonight Josephine!
Weirdie Partie,Crying at the Wawa (feat. Mal Blum),Chris Gethard,Crying at the Wawa
Weirdie Partie,You Cried Me,Jookabox,Dead Zone Boys
Weirdie Partie,Drag,Day Wave,Drag
Weirdie Partie,Dies Irae feat. Black Prez,"Apashe, Black Prez",Requiem
Flair,Gotta Get Up,Harry Nilsson,Nilsson Schmilsson
Flair,Charlie's Inferno,That Handsome Devil,"The Heart Goes to Heaven, the Head Goes to Hell"
Flair,Fear & Delight,The Correspondents,Puppet Loosely Strung
Flair,Lent,Autoheart,Punch
Flair,Keep This Place Beautiful,Brick + Mortar,Bangs
Opening Up,August,flipturn,Citrona
Opening Up,Cinnamon,Briston Maroney,Sunflower
Opening Up,Hallow Fate,Gin Wigmore,Ivory
Opening Up,Crave,Dani Bell and the Tarantist,Dark West
Opening Up,Ruby Cumulous,Rx Bandits,"Gemini, Her Majesty"
Opening Up,Smacked,Your Neighbors,Smacked
Opening Up,Heart Is a Muscle,Decorator,Transit
Opening Up,All My Loving,Ceramic Animal,High End
Opening Up,77-76,Royal Canoe,Waver
Opening Up,Do You Want Me Now,The Beths,Jump Rope Gazers
Opening Up,River Run: Lvl 1,The Beths,Future Me Hates Me
Opening Up,Our Song,Rainbow Kitten Surprise,Our Song
Opening Up,Lemon Sun,Grady Strange,Lemon Sun
Opening Up,Möbius Chicken Strip,Origami Angel,GAMI GANG
Opening Up,Eagle Beach,White Reaper,The World's Best American Band
Opening Up,Fantasy,Eternity Forever,Fantasy
Opening Up,Young Blood,The Districts,A Flourish and a Spoil
Opening Up,Changing Colors,Ramesh and Emeen,Changing Colors
Opening Up,Long Distance,The Districts,Telephone
Opening Up,I Say Fever,Ramona Falls,Intuit
Opening Up,Into the Mirror,Minus the Bear,Omni
Opening Up,Breathe Easy,Hodera,United by Birdcalls
Opening Up,Let Go,Everest,On Approach
Opening Up,Rebels In The Roses,Everest,Ghost Notes
Opening Up,Fight Club,Strawberry Girls,French Ghetto
Sam Jarv and Friends,Country Sh*t (Remix),"Big K.R.I.T., Ludacris, Bun B",Country Sh*t (Remix)
Sam Jarv and Friends,Swervin',Fat Tony,Macgregor Park
Sam Jarv and Friends,BabyMan,Chip Tha Ripper,BabyMan
Sam Jarv and Friends,Interior Crocodile Alligator,Chip Tha Ripper,Interior Crocodile Alligator
Sam Jarv and Friends,Happy Place,"Sam Stan, Asaiah Ziv",Happy Raps
Sam Jarv and Friends,Feel Right (feat. Mystikal),"Mark Ronson, Mystikal",Uptown Special
Sam Jarv and Friends,Caroline,Aminé,Good For You
Sam Jarv and Friends,Slack-Jaw,Jarv & Thief,The Boiler Room
Sam Jarv and Friends,Lady Killer,Jarv & Thief,The Boiler Room
Sam Jarv and Friends,Hot Yoga,Jarv & Thief,The Boiler Room
Sam Jarv and Friends,Basics,Jarv & Thief,The Boiler Room
Sam Jarv and Friends,Sometime,Jarv & Thief,The Boiler Room
Sam Jarv and Friends,Bad Woman,Jarv & Thief,The Boiler Room
Sam Jarv and Friends,Love & Loss,Jarv & Thief,The Boiler Room
Sam Jarv and Friends,Cards,Jarv & Thief,The Boiler Room
Sam Jarv and Friends,Cut Loose,Jarv & Thief,The Boiler Room
Sam Jarv and Friends,Sunburn (with Tropidelic),"Little Stranger, Tropidelic",Red Rover (with Jarv)
Sam Jarv and Friends,Red Rover (with Jarv),"Little Stranger, Jarv",Red Rover (with Jarv)
Sam Jarv and Friends,Feelin It,Sword Beach,Feelin It
Sam Jarv and Friends,Happy Pills (feat. Karra),"Sword Beach, Karra",Happy Pills (feat. Karra)
Sam Jarv and Friends,Gahd Damn,Sword Beach,Gahd Damn
Sam Jarv and Friends,Overlord,Sword Beach,Overlord
Sam Jarv and Friends,Feel Good,Chip Tha Ripper,Feel Good
Sam Jarv and Friends,Wrong Man,"Sam Lachow, Dave B., Ariana DeBoo","Friends, Funk, & Liquor"
Sam Jarv and Friends,"Friends, Funk, & Liquor","Sam Lachow, Ariana DeBoo","Friends, Funk, & Liquor"
Sam Jarv and Friends,Young Seattle 4,"Sam Lachow, Dave B., Key Nyata, B Skeez, Raz Simone, Gifted Gab","Friends, Funk, & Liquor"
Sam Jarv and Friends,Absolutely,"Sam Lachow, Ryan Campbell, B Skeez","Friends, Funk, & Liquor"
Sam Jarv and Friends,Calm Down (feat. Eminem),Busta Rhymes,Calm Down (feat. Eminem) - Single
Sam Jarv and Friends,Love Game,"Eminem, Kendrick Lamar",The Marshall Mathers LP2 (Deluxe)
Sam Jarv and Friends,Pick Up The Pace,Big K.R.I.T.,Pick Up The Pace
Sam Jarv and Friends,Addiction (feat. Lil Wayne & Saweetie),"Big K.R.I.T., Lil Wayne, Saweetie",K.R.I.T. IZ HERE
Sam Jarv and Friends,Big Bank (feat. T.I.),"Big K.R.I.T., T.I.",4eva Is A Mighty Long Time
Sam Jarv and Friends,Spongebob,Max Wassen,Spongebob
Sam Jarv and Friends,Ridin' With Me,"TORN, Max Wassen",Ridin' With Me
Sam Jarv and Friends,Oh-Lawd,Jarv & Thief,The Boiler Room
Sam Jarv and Friends,Bless Again,"George Kush, Santos Santana",Bless Again
Sam Jarv and Friends,Guh (Lemon Haze),"George Kush, Young Taylor",Guh (Lemon Haze)
Butter & Salt,The Ride,Madaila,The Dance
Butter & Salt,The Dance,Madaila,The Dance
Butter & Salt,International Lover,Madaila,The Dance
Butter & Salt,Poor Boy,Willie and the Giant,Poor Boy
Butter & Salt,Ascension,Pickwick,LoveJoys
Butter & Salt,Road Funk,Euforquestra,Fire
Butter & Salt,Turncoat,Pickwick,LoveJoys
Butter & Salt,In Time,Pickwick,LoveJoys
Butter & Salt,Roll It Back,LUTHI,Roll It Back
Butter & Salt,High to Low,Brent Cowles,High to Low
Butter & Salt,On the Run,Hedonistas,On the Run
Butter & Salt,Love U Like the Sun in June,Ryan Scott,A Freak Grows in Brooklyn
Butter & Salt,Tell Your Mother,Dr JOE,Tell Your Mother
Butter & Salt,Mirage a Trois,"Dragondeer, Jordan Linit, Jeff Franca",Mirage a Trois
Butter & Salt,25 or 6 to 4 - 2002 Remaster,Chicago,Chicago II
Butter & Salt,Baby Come On,Clear Plastic Masks,Being There
Butter & Salt,Talk to the Moon,Ripe,Hey Hello
Butter & Salt,Little Darling,Sweet Crude,Super Vilaine
Butter & Salt,Fussin',"Royal Canoe, Begonia",Fussin'
Butter & Salt,Where Is Thunder Road?,Walker Lukens,Tell It to the Judge
Butter & Salt,Sure Don't Miss You,The Dip,The Dip Delivers
Butter & Salt,Undertow,Dan Auerbach,Waiting on a Song
Butter & Salt,The Hounds,The Protomen,Act II: The Father Of Death
Butter & Salt,Spinach,Honey Hounds,No Sleep
Butter & Salt,I Got What You Need,Honey Hounds,No Sleep
Butter & Salt,Sun Spat,EMEFE,EMEFE
Butter & Salt,Putty Boy Strut,BADBADNOTGOOD,Spotify Live
Butter & Salt,Sun's Gonna Shine,Honey Hounds,No Sleep
Butter & Salt,Weight of This World,The Kingston Springs,The Kingston Springs
Butter & Salt,Tones Of Home,Blind Melon,Blind Melon
ACstatic,Religion,Tongues.,Religion
ACstatic,Stepping Stone,"Lemaitre, Mark Johns",Chapter One
ACstatic,Groove,TORN,Groove
ACstatic,Serpent of Old (feat. Ciscandra Nostalgia),"Seven Lions, Ciscandra Nostalgia",Serpent Of Old (feat. Ciscandra Nostalghia)
Idk,Let's Get High,Edward Sharpe & The Magnetic Zeros,Edward Sharpe & The Magnetic Zeros
Idk,Modern Chemistry,"Okey Dokey, Liz Cooper",Tell All Your Friend
Idk,Too Late,The Happy Fits,Awfully Apeelin'
Idk,Comes the Light,Easy Giant,To the Moon
Idk,Lake Michigan,Rogue Wave,The Secret Life Of Walter Mitty (Music From And Inspired By The Motion Picture)
Idk,didya think,Arlie,Wait
Idk,Fireworks,Yoya,Nothing To Die
Idk,Break Them Bad Boys Down,Stop Light Observations,Radiation
Idk,Come on Down,Stop Light Observations,Radiation
Idk,Home,Edward Sharpe & The Magnetic Zeros,Up from Below
Idk,Whatever,The Beths,Warm Blood
Chevrolet,Space for Days,Kendall Street Company,Space for Days
Chevrolet,LUCKY PENNY,JD McPherson,UNDIVIDED HEART & SOUL
Chevrolet,Expiration Date,Kendall Street Company,Space for Days
Chevrolet,Casino (Bad Things),Houndmouth,From the Hills Below the City
Chevrolet,I'll Be Your Fool,"Josh Farrow, The McCrary Sisters",Trouble Walks With Me
Chevrolet,Pacing Like Prince,Ryan Montbleau,Growing Light
Chevrolet,Stand Up,The Revivalists,Men Amongst Mountains
Chevrolet,Won't Be Coming Back,The Dip,Won't Be Coming Back
Chevrolet,Borderline,Sister Sparrow,The Weather Below
Chevrolet,Point to Point,Jon Stickley Trio,Lost At Last
Chevrolet,North Side Gal,JD McPherson,Signs & Signifiers
Chevrolet,Up and Rolling,North Mississippi Allstars,Up and Rolling
Chevrolet,Kill the Medicine Man,Ron Gallo,HEAVY META
Chevrolet,Make It Better,Aaron Kamm and the One Drops,Feed the Meter
Chevrolet,Them Shoes,Patrick Sweany,Every Hour Is A Dollar Gone
Chevrolet,Into The Deep (feat. Macy Gray),"Galactic, Macy Gray",Into The Deep (Deluxe Edition)
Chevrolet,Hussy,Black Carl,Borrowed
Chevrolet,I Know,Glorietta,Glorietta
Chevrolet,Friends,Glorietta,Glorietta
Chevrolet,Lincoln Creek,Glorietta,Glorietta
Chevrolet,O.P. Jebediah,The Dip,The Dip
Chevrolet,Sure Don't Miss You,The Dip,The Dip Delivers
Chevrolet,Sonsick,San Fermin,San Fermin
Chevrolet,Call off Your Dogs,Lake Street Dive,Call off Your Dogs
Chevrolet,Can't Stop,Lake Street Dive,Side Pony
Chevrolet,Land Before Time,"Matt Phillips, Phil Harmonic",Move
Chevrolet,The Car Song,The Cat Empire,Two Shoes
Chevrolet,Tallulah,Company of Thieves,Running from a Gamble
Chevrolet,Make It Better (feat. Smokey Robinson),"Anderson .Paak, Smokey Robinson",Ventura
Chevrolet,Hypotheticals,Lake Street Dive,Obviously
Chevrolet,Pretty Dirty (In the Fading Light),Ripe,Produce the Juice
Tweedle Dee,Birds Dont Sing,TV Girl,French Exit
Tweedle Dee,Modern Chemistry,"Okey Dokey, Liz Cooper",Tell All Your Friend
Tweedle Dee,Every Morning,Sugar Ray,14:59
Tweedle Dee,Someday,Sugar Ray,14:59
Tweedle Dee,I Want You,Marian Hill,ACT ONE (The Complete Collection)
Tweedle Dee,The Guitar Man,CAKE,Pressure Chief
Tweedle Dee,Just a Dream,AM60,Shiftydisco10
Tweedle Dee,Lovers Rock,TV Girl,French Exit
Ol' Soul,California Soul,Marlena Shaw,The Spice Of Life
Ol' Soul,P-Funk (Wants To Get Funked Up),Parliament,Mothership Connection
Ol' Soul,These Arms of Mine,Otis Redding,Definitive Soul: Otis Redding
Ol' Soul,Hold On I'm Coming,Sam & Dave,Best Of Sam & Dave
Ol' Soul,Soul Man,Sam & Dave,"Atlantic 60th: Soul, Sweat And Strut"
Ol' Soul,People Get Ready - Single Version,The Impressions,Curtis Mayfield & The Impressions - Universal Masters
Ol' Soul,Cold as Ice - 2008 Remaster,Foreigner,No End in Sight: The Very Best of Foreigner
Ol' Soul,Juke Box Hero - 2008 Remaster,Foreigner,No End in Sight: The Very Best of Foreigner
Ol' Soul,Dream On,Aerosmith,Aerosmith's Greatest Hits
Ol' Soul,Life's Been Good,Joe Walsh,"But Seriously, Folks..."
Ol' Soul,The Weight,The Band,Best Of The Band
Ol' Soul,Twenty Five Miles,Edwin Starr,Superstar Series Vol. 3
Ol' Soul,War - Single Version,Edwin Starr,Superstar Series Vol. 3
Ol' Soul,Funky Music Sho Nuff Turns Me On - Single Version/Mono,Edwin Starr,Superstar Series Vol. 3
Ol' Soul,I'm Still A Struggling Man,Edwin Starr,Superstar Series Vol. 3
Ol' Soul,Up Around The Bend,Creedence Clearwater Revival,The Long Road Home - The Ultimate John Fogerty / Creedence Collection
Ol' Soul,Down On The Corner,Creedence Clearwater Revival,The Long Road Home - The Ultimate John Fogerty / Creedence Collection
Ol' Soul,Fortunate Son,Creedence Clearwater Revival,Chronicle: 20 Greatest Hits
Ol' Soul,Have You Ever Seen The Rain,Creedence Clearwater Revival,Chronicle: 20 Greatest Hits
Ol' Soul,Bad Moon Rising - Remastered 1985,Creedence Clearwater Revival,Chronicle: 20 Greatest Hits
Ol' Soul,Lookin' Out My Back Door,Creedence Clearwater Revival,Chronicle: 20 Greatest Hits
Ol' Soul,Don't Take The Girl,Tim McGraw,Number One Hits
Ol' Soul,Piano Man,Billy Joel,Greatest Hits Volume I & Volume II
Ol' Soul,Pride and Joy,Stevie Ray Vaughan,The Real Deal: Greatest Hits Volume 1
Ol' Soul,I Put A Spell On You,Jesse Cook,The Blue Guitar Sessions
Ol' Soul,You're In My Heart (The Final Acclaim),Rod Stewart,The Definitive Collection - 1969-1978
Ol' Soul,Open Arms,Journey,The Essential Journey
Ol' Soul,In the Summertime (Re-Recorded),Mungo Jerry,Bubble Gum Jukebox Hits
Ol' Soul,Hotel California - 2013 Remaster,Eagles,The Very Best of the Eagles (2013 Remaster)
Ol' Soul,Renegade,Styx,Gold
Ol' Soul,Pride (In The Name Of Love),U2,U218 Singles
Ol' Soul,Sultans of Swing,Dire Straits,Dire Straits
Ol' Soul,Soulshine,Gov't Mule,Live...With A Little Help From Our Friends
Ol' Soul,I'm A Ram,Gov't Mule,Mighty High
Ol' Soul,Cortez The Killer,Gov't Mule,Live...With A Little Help From Our Friends
Ol' Soul,Beautifully Broken,Gov't Mule,The Deepest End (Live)
Ol' Soul,Banks Of The Deep End,Gov't Mule,The Deep End Vol. 1
Ol' Soul,30 Days In The Hole,Gov't Mule,Live...With A Little Help From Our Friends
Ol' Soul,It Hurts Me Too (feat. Little Milton),Gov't Mule,Mulennium
Ol' Soul,I Ain't The One,Lynyrd Skynyrd,Pronounced' Leh-'Nerd 'Skin-'Nerd
Ol' Soul,The Ballad Of Curtis Loew,Lynyrd Skynyrd,The Essential Lynyrd Skynyrd
Ol' Soul,Double Trouble,Lynyrd Skynyrd,20th Century Masters: The Millennium Collection: Best Of Lynyrd Syknyrd
Ol' Soul,She Talks To Angels,The Black Crowes,Greatest Hits 1990-1999: A Tribute To A Work In Progress...
Ol' Soul,Open My Eyes,Rival Sons,Great Western Valkyrie
Ol' Soul,Drift Away (Rerecorded),Dobie Gray,Dobie Gray - His Very Best
Ol' Soul,Lean On Me - Re-Recorded In Stereo,Dobie Gray,Best Of
Ol' Soul,Georgia Peaches,Lynyrd Skynyrd,Lynyrd Skynyrd
Ol' Soul,I Want to Hold Your Hand,The Beatles Recovered Band,30 Beatles Top Hits
Ol' Soul,Yesterday,The Beatles Recovered Band,30 Beatles Top Hits
Ol' Soul,Hey Jude,The Beatles Recovered Band,30 Beatles Top Hits
Ol' Soul,Let It Be,The Beatles Recovered Band,30 Beatles Top Hits
Ol' Soul,Space Oddity - 2009 Remastered Version,David Bowie,Space Oddity [Space Oddity 40th Anniversary Edition]
Ol' Soul,Dust in the Wind,Kansas,The Best Of Kansas
Ol' Soul,Mediterranean Blues,"Matt Phillips, Phil Harmonic",Move
Ol' Soul,Crazy On You,Heart,Dreamboat Annie
Ol' Soul,Barracuda,Heart,Shaun White Snowboarding: Official Soundtrack
Ol' Soul,Call Me,St. Paul & The Broken Bones,Half the City
Ol' Soul,Eight Days a Week,The Beatles Recovered Band,30 Beatles Top Hits
Ol' Soul,"The Boxer - Live at Long Beach Arena, Long Beach, CA - November 1969",Simon & Garfunkel,Live 1969
Ol' Soul,Superstition - Single Version,Stevie Wonder,Number Ones
Ol' Soul,Is This Love,Bob Marley & The Wailers,Legend (Deluxe Edition)
Ol' Soul,Spirit In The Sky,Norman Greenbaum,Spirit In The Sky
Ol' Soul,Kashmir - 1990 Remaster,Led Zeppelin,Physical Graffiti (1994 Remaster)
Ol' Soul,The Sound of Silence,Simon & Garfunkel,"Wednesday Morning, 3 A.M."
Ol' Soul,"Mrs. Robinson - From ""The Graduate"" Soundtrack",Simon & Garfunkel,Bookends
Ol' Soul,Bridge over Troubled Water,Simon & Garfunkel,Bridge Over Troubled Water
Ol' Soul,"Leaves That Are Green - Live at Lincoln Center, New York City, NY - January 1967",Simon & Garfunkel,"Live From New York City, 1967"
Ol' Soul,Sam Stone,John Prine,John Prine
Ol' Soul,Blue Skies,Willie Nelson,The Essential Willie Nelson
Ol' Soul,Good Hearted Woman,Willie Nelson,The Essential Willie Nelson
Ol' Soul,Night Life,Willie Nelson,The Essential Willie Nelson
Ol' Soul,Angel Flying Too Close to the Ground,Willie Nelson,Greatest Hits (& Some That Will Be)
Ol' Soul,"The Sound of Silence - Live at Lincoln Center, New York City, NY - January 1967",Simon & Garfunkel,"Live From New York City, 1967"
Ol' Soul,Free Bird,Lynyrd Skynyrd,Pronounced' Leh-'Nerd 'Skin-'Nerd
Ol' Soul,Hold On,Alabama Shakes,Hold On
Ol' Soul,Green Onions,Booker T. & the M.G.'s,Green Onions / Behave Yourself
Ol' Soul,Can't You See,The Marshall Tucker Band,The Marshall Tucker Band
Ol' Soul,Give Up The Funk (Tear The Roof Off The Sucker),Parliament,The Best Of Parliament: Give Up The Funk
Ol' Soul,Express Yourself - Remastered Version,Charles Wright & The Watts 103rd Street Rhythm Band,Express Yourself (Remastered & Expanded)
Ol' Soul,In The Summertime,Mungo Jerry,Cocktail
Ol' Soul,Boys & Girls,Alabama Shakes,Boys & Girls
Ol' Soul,Summertime,"Louis Armstrong, Ella Fitzgerald",Porgy And Bess
Ol' Soul,The Sun Is Shining Down,"JJ Grey & Mofro, Mofro",Country Ghetto
We All Shout,Step Out,José González,Step Out (From The Secret Life Of Walter Mitty)
We All Shout,Stars (Hold On),Youngblood Hawke,Youngblood Hawke
We All Shout,Kids,MGMT,Oracular Spectacular
We All Shout,Young Blood,The Naked And Famous,"Passive Me, Aggressive You"
We All Shout,Sail - Unlimited Gravity Remix,AWOLNATION,RE/Sail
We All Shout,The Guitar Man,CAKE,Pressure Chief
We All Shout,Ain't No Rest for the Wicked,Cage The Elephant,Cage The Elephant
We All Shout,We Can Make The World Stop,The Glitch Mob,We Can Make the World Stop - EP
We All Shout,Warrior Concerto,The Glitch Mob,We Can Make the World Stop - EP
We All Shout,Palace Of The Innocents,The Glitch Mob,We Can Make the World Stop - EP
We All Shout,Take a Walk,Passion Pit,Gossamer
We All Shout,The Kids Don't Stand A Chance,Vampire Weekend,Vampire Weekend
We All Shout,Step,Vampire Weekend,Modern Vampires of the City
We All Shout,Until We Can't (Let's Go),Passion Pit,Until We Can't (Let's Go)
We All Shout,Sail,AWOLNATION,Megalithic Symphony Deluxe
We All Shout,Left Hand Free - Lido Remix,"alt-J, Lido",Left Hand Free (Lido Remix)
We All Shout,Good Old Days,The Features,Good Old Days
We All Shout,Carousel Ride,Rubblebucket,Survival Sounds
We All Shout,A Little Piece,The Jezabels,Dark Storm
We All Shout,Lofticries,Purity Ring,Shrines
We All Shout,Farrah Fawcett Hair,"Capital Cities, André 3000",In A Tidal Wave Of Mystery (Deluxe Edition)
We All Shout,Take Off Your Shirt,Bibio,Mind Bokeh
We All Shout,Electric Feel,MGMT,Oracular Spectacular
We All Shout,Wake Up,Arcade Fire,Funeral
We All Shout,Two Weeks,Grizzly Bear,Veckatimest
We All Shout,Kiss With A Fist,Florence + The Machine,Lungs (Deluxe Edition)
We All Shout,How You Like Me Now,The Heavy,The House That Dirt Built
Wawah,Ghostwriter,RJD2,Deadringer: Deluxe
Wawah,War,Hypnotic Brass Ensemble,Hypnotic Brass Ensemble
Wawah,Alyo,Hypnotic Brass Ensemble,Hypnotic Brass Ensemble
Wawah,Express Yourself - Remastered Version,Charles Wright & The Watts 103rd Street Rhythm Band,Express Yourself (Remastered & Expanded)
Wawah,California Soul,Marlena Shaw,The Spice Of Life
Wawah,Hold On I'm Coming,Sam & Dave,Best Of Sam & Dave
Wawah,Soul Man,Sam & Dave,"Atlantic 60th: Soul, Sweat And Strut"
Wawah,P-Funk (Wants To Get Funked Up),Parliament,Mothership Connection
Wawah,Give Up The Funk (Tear The Roof Off The Sucker),Parliament,The Best Of Parliament: Give Up The Funk
Wawah,Nothing From Nothing,Billy Preston,Ultimate Collection: Billy Preston
Heart's Hoppin',You Won a Little Piece of My Heart (Bonus Track),Greater Alexander,Positive Love
Heart's Hoppin',Tickle,Eyes Lips Eyes,Place to Be
Heart's Hoppin',Brill Bruisers,The New Pornographers,Brill Bruisers
Heart's Hoppin',Generator ^ First Floor,Freelance Whales,Weathervanes
Heart's Hoppin',Sail,Noosa,Noosa
Heart's Hoppin',Lake Michigan,Rogue Wave,The Secret Life Of Walter Mitty (Music From And Inspired By The Motion Picture)
Heart's Hoppin',Teach You the Tongue,Kid Cadaver,Kid Cadaver
Heart's Hoppin',Slow Motion,PHOX,PHOX
Heart's Hoppin',Happy Idiot,TV On The Radio,Seeds
Heart's Hoppin',Original Sin,Geographer,Animal Shapes
Heart's Hoppin',Gangsta,Tune-Yards,W H O K I L L
Heart's Hoppin',Up Up Up,GIVERS,In Light
Heart's Hoppin',Wild Love,Gossling,Harvest of Gold - EP
Heart's Hoppin',Everything,City of the Sun,Live at the Factory
Heart's Hoppin',Naked Kids,GROUPLOVE,Never Trust a Happy Song
Let's Go See!,Rotten Apples,Voxhaul Broadcast,Timing Is Everything
Let's Go See!,Breathe the Fire,Voxhaul Broadcast,Frozen Beach
Let's Go See!,Leaving On The 5th,Voxhaul Broadcast,Timing Is Everything
Let's Go See!,Sedona,Houndmouth,Little Neon Limelight
Let's Go See!,World News,Local Natives,Gorilla Manor
Let's Go See!,Who Knows Who Cares,Local Natives,Gorilla Manor
Let's Go See!,I Wanna Go,Summer Heart,About A Feeling
Let's Go See!,Hurricane (Johnnie's Theme),Lord Huron,Strange Trails
Let's Go See!,Ends of the Earth,Lord Huron,Lonesome Dreams
Let's Go See!,Disappear,Seryn,Disappear
Let's Go See!,Crystallized,Young the Giant,Mind Over Matter
"Black, Yellow, Blue and Brown",Bread,Yellow Ostrich,The Mistress
"Black, Yellow, Blue and Brown",Hahahaohhoho,Yellow Ostrich,The Mistress
"Black, Yellow, Blue and Brown",Hold On,Yellow Ostrich,The Mistress
"Black, Yellow, Blue and Brown",Hate Me Soon,Yellow Ostrich,The Mistress
"Black, Yellow, Blue and Brown",Soft & Warm,Voxtrot,"Mothers, Sisters, Daughters & Wives"
"Black, Yellow, Blue and Brown",The Start Of Something,Voxtrot,Raised By Wolves EP
"Black, Yellow, Blue and Brown",Mister Winter,Fox and the Bird,Floating Feather
"Black, Yellow, Blue and Brown",Pangea,Someone Still Loves You Boris Yeltsin,Broom
"Black, Yellow, Blue and Brown",Hummingbird,Born Ruffians,"Red, Yellow & Blue"
"Black, Yellow, Blue and Brown",High School Lover,Oregon Bike Trails,High School Lover
"Black, Yellow, Blue and Brown",It's Nice to Be Alive,Ball Park Music,Ball Park Music EP
"Black, Yellow, Blue and Brown",Satellite,Guster,Satellite EP
"Black, Yellow, Blue and Brown",Needle,Born Ruffians,Birthmarks
"Black, Yellow, Blue and Brown",Stranger,Dead Mellotron,Glitter
"Black, Yellow, Blue and Brown",Can't See,Dead Mellotron,Glitter
"Black, Yellow, Blue and Brown",Hallways,Islands,A Sleep & A Forgetting (Deluxe Edition)
"Black, Yellow, Blue and Brown",Hi-Fi Goon,Throw Me The Statue,Creaturesque
Coffee on the Porch,Where'd All the Time Go?,Dr. Dog,"Shame, Shame (Deluxe Edition)"
Coffee on the Porch,Big Mistake,Tim Fite,Fair Ain't Fair
Coffee on the Porch,Elodie,Ten Fé,Hit the Light
Coffee on the Porch,The Earthquake Of '73,Fruit Bats,Spelled In Bones
Coffee on the Porch,Confetti,"1,2,3",Confetti
Coffee on the Porch,One Big Holiday,My Morning Jacket,It Still Moves
Coffee on the Porch,When U Love Somebody,Fruit Bats,Mouthfuls
Coffee on the Porch,Yellow Eyes,Rayland Baxter,Imaginary Man
Coffee on the Porch,The Record Player Song,Daisy the Great,The Record Player Song
Coffee on the Porch,Bonfire,Girlyboi,Bonfire
Coffee on the Porch,Good Looks,Girlyboi,Good Looks
Coffee on the Porch,Heart It Races - Live,Dr. Dog,Live at a Flamingo Hotel
Coffee on the Porch,Books,Caamp,Books
Coffee on the Porch,Hey Man - Audiotree Live Version,Liz Cooper,Liz Cooper & the Stampede on Audiotree Live
Coffee on the Porch,Motions - Far Out Version,Liz Cooper,Liz Cooper & the Stampede | Audiotree Far Out
Coffee on the Porch,Painted Yellow Lines,DISPATCH,"America, Location 12"
Coffee on the Porch,Only the Wild Ones,DISPATCH,"America, Location 12"
Coffee on the Porch,Morning Light,Wilderado,Latigo EP
Coffee on the Porch,This Year,Beach Fossils,Somersault
Coffee on the Porch,Railroad Tracks,Stop Light Observations,Radiation
Coffee on the Porch,Mountain Man,"Liz Cooper, The Stampede",Window Flowers
Coffee on the Porch,Nellie,Dr. Dog,B-Room (Deluxe Edition)
Carrying the Sun On My Shoulders,Back To New Orleans,Old Crow Medicine Show,Caroline - EP
Carrying the Sun On My Shoulders,Keeper,Shovels & Rope,O' Be Joyful
Carrying the Sun On My Shoulders,Furr,Blitzen Trapper,Furr
Carrying the Sun On My Shoulders,If I Wanted Someone,Dawes,Nothing Is Wrong
Carrying the Sun On My Shoulders,Georgia Peaches,Lynyrd Skynyrd,Street Survivors
Carrying the Sun On My Shoulders,The Ballad Of Curtis Loew,Lynyrd Skynyrd,The Essential Lynyrd Skynyrd
Carrying the Sun On My Shoulders,S.O.B.,Nathaniel Rateliff & The Night Sweats,Nathaniel Rateliff & The Night Sweats
Carrying the Sun On My Shoulders,Guttersnipe,Bhi Bhiman,Bhiman
Carrying the Sun On My Shoulders,Comin' Round Again,Houndmouth,From the Hills Below the City
Carrying the Sun On My Shoulders,Sedona,Houndmouth,Little Neon Limelight
Carrying the Sun On My Shoulders,Unknown Legend,"Shovels & Rope, Shakey Graves","Busted Jukebox, Volume 1"
Carrying the Sun On My Shoulders,Good As Gold,The Apache Relay,Apache Relay
Carrying the Sun On My Shoulders,If Your Prayers Don't Get To Heaven,Brian Fallon,If Your Prayers Don't Get To Heaven
Carrying the Sun On My Shoulders,Mary Jane,The Copper Children,Copper Child
Carrying the Sun On My Shoulders,Going Gets Tough,The Growlers,Chinese Fountain
Carrying the Sun On My Shoulders,California (Cast Iron Soul),Jamestown Revival,Utah
Carrying the Sun On My Shoulders,Off the Rails,Iron Eyes Cody,Off the Rails
Carrying the Sun On My Shoulders,Cecilia,The Mulligan Brothers,The Mulligan Brothers
It's Nice to Be Alive,It's Nice to Be Alive,Ball Park Music,Ball Park Music EP
It's Nice to Be Alive,World News,Local Natives,Gorilla Manor
It's Nice to Be Alive,I Wanna Go,Summer Heart,About A Feeling
It's Nice to Be Alive,"Oh, What A Life",American Authors,"Oh, What A Life"
Westward Expansion,Young Folks,Peter Bjorn and John,Writer's Block
Westward Expansion,Song 2 - 2012 Remaster,Blur,Blur (Special Edition)
Westward Expansion,Dramamine,Modest Mouse,This Is a Long Drive for Someone with Nothing to Think About
Westward Expansion,"Welcome Home, Son",Radical Face,Ghost
Westward Expansion,Wrapped In Piano Strings,Radical Face,Ghost
Westward Expansion,Black Eyes,Radical Face,The Family Tree: The Roots
Strange Roads,The World At Large,Modest Mouse,Good News For People Who Love Bad News
Strange Roads,The Funeral,Band of Horses,Everything All The Time
Strange Roads,Is There A Ghost,Band of Horses,Cease To Begin
Strange Roads,"Flightless Bird, American Mouth",Iron & Wine,The Shepherd's Dog
Strange Roads,Boy With a Coin,Iron & Wine,The Shepherd's Dog
Strange Roads,Set My Baby Free,Ian Brown,Golden Greats
Strange Roads,Float On,Modest Mouse,Good News For People Who Love Bad News
Strange Roads,Ten Thousand Lines,Electric President,S/T
Falling Away,Pools To Bathe In,The Japanese House,Pools To Bathe In
Falling Away,radio,bakers at dawn,edges
Falling Away,A Happening,hyperstory,Hyperstory
Falling Away,Overpass,NewVillager,Newvillager
Falling Away,Before I Sleep,Marika Hackman,We Slept at Last
Falling Away,Teeth,The Japanese House,Pools To Bathe In
Falling Away,Good side in,The Japanese House,Good side in
Falling Away,Homage,Mild High Club,Skiptracing
Falling Away,Kites Are Fun,The Free Design,The Best Of The Free Design: Kites Are Fun
Falling Away,Give It to Me,HOMESHAKE,Midnight Snack
Falling Away,Forever Heavy,Black Moth Super Rainbow,Dandelion Gum
Hope We Meet Soon,Big Jet Plane,Angus & Julia Stone,Down The Way
Hope We Meet Soon,America,First Aid Kit,America
Hope We Meet Soon,The Ballad of Love and Hate,The Avett Brothers,Emotionalism (Bonus Track Version)
Hope We Meet Soon,Million Dollar Bill,Middle Brother,Middle Brother
Hope We Meet Soon,For No One,Houndmouth,Little Neon Limelight
Hope We Meet Soon,Blurry Nights,"Hayden, Lou Canon",Us Alone
Hope We Meet Soon,June,Briston Maroney,Big Shot
Hope We Meet Soon,"Hold It, Kid (Your Heart Just Skipped a Beat)",The Weeks,Comeback Cadillac
Hope We Meet Soon,The Night We Met,Lord Huron,Strange Trails
Hope We Meet Soon,Streetlights,Motel Radio,Days & Nights
Hope We Meet Soon,Bluegrass,"Matt Phillips, Phil Harmonic",Move
Hope We Meet Soon,Things Happen,Dawes,All Your Favorite Bands
Hope We Meet Soon,I And Love And You,The Avett Brothers,I And Love And You
Hope We Meet Soon,Big Black Car,Gregory Alan Isakov,This Empty Northern Hemisphere
Hope We Meet Soon,Better Than Love,Griffin House,Flying Upside Down
Hope We Meet Soon,Hallucinogenics,Matt Maeson,Bank On The Funeral
Hope We Meet Soon,Hello My Old Heart,The Oh Hellos,The Oh Hellos EP
Artist Type,Artist Type,Brandyn Kaine,Artist Type
Artist Type,Solo,Samsa,Solo
Artist Type,Better Left Unsaid,Stoop Kids,Queue: The Mixtape
Artist Type,Pretty Life,"Terrell Morris, Free n Losh",Molasses
Artist Type,"Long Damn Time (feat. Ana, Jc Flores & Mike Smith)","Jonathan Hay, CyHi, Ana, JC Flores, Mike Smith",The Urban Hitchcock Lp (Deluxe)
Artist Type,Sun and Good Loving,Felly,Sun and Good Loving
Artist Type,Come Home,Antix,Come Home
Artist Type,That's Life,Skrizzly Adams,Stains - EP
Artist Type,Kings of Summer,"ayokay, Quinn XCII",Kings of Summer (feat. Quinn XCII)
Artist Type,Fruit Punch,Kaiydo,Fruit Punch
Artist Type,Guh (Lemon Haze),"George Kush, Young Taylor",Guh (Lemon Haze)
Artist Type,Butterflies,Samsa,Butterflies
It Beats Me,Banana Pancakes,Jack Johnson,In Between Dreams
It Beats Me,You and I,Ingrid Michaelson,Be OK
It Beats Me,"Hey You, Hello",Ghost Brothers,Reach
It Beats Me,Ghosting,Mother Mother,O My Heart
It Beats Me,Kings of Troy,Priory,Priory
It Beats Me,All Day All Night,Moon Taxi,Daybreaker
It Beats Me,Blame It On the Tetons,Modest Mouse,Good News For People Who Love Bad News
It Beats Me,The Denial Twist,The White Stripes,Get Behind Me Satan
It Beats Me,The World At Large,Modest Mouse,Good News For People Who Love Bad News
It Beats Me,Good As Gold,The Apache Relay,Apache Relay
It Beats Me,Hands Down (Demo),The Greeting Committee,Hands Down (Demo)
It Beats Me,Pet Names,J Bengoy,All the Songs I Never Wrote You
It's Bride Outsight,Making Breakfast,Twin Peaks,Wild Onion
It's Bride Outsight,Walk to the One You Love,Twin Peaks,Down in Heaven
It's Bride Outsight,Ghosting,Mother Mother,O My Heart
It's Bride Outsight,Good Morning Freedom,Blue Mink,Melting Pot - The Best of Blue Mink
It's Bride Outsight,Australia,The Shins,Wincing The Night Away
It's Bride Outsight,All Day All Night,Moon Taxi,Daybreaker
It's Bride Outsight,Kickin' da Leaves,Judah & the Lion,Kids These Days
It's Bride Outsight,Fool for Love,Lord Huron,Strange Trails
It's Bride Outsight,For No One,Houndmouth,Little Neon Limelight
It's Bride Outsight,Morocco,Moon Taxi,Mountains Beaches Cities
It's Bride Outsight,Kings of Troy,Priory,Priory
Plaster,These Days,The Black Keys,Winter
Plaster,Oh No,Andrew Bird,Noble Beast
Plaster,The Truth,Dr. Dog,B-Room [Deluxe Edition]
Plaster,The Fall,Frankie Rose,Interstellar
Plaster,Saturday Morning,The Anatomy of Frank,Pangaea
Plaster,The Traveler (Old Man),Dawn and Marra,Teaspoons and Tablespoons
Plaster,Half Empty,Peter and Kerry,"Clothes, Friends, Photos EP"
Plaster,Not On Top,Dawn and Marra,Teaspoons and Tablespoons
Plaster,Ethio Invention no. 1,Andrew Bird,I Want to See Pulaski at Night
Plaster,Lazerburn,Jesse Woods,Get Your Burdens Lifted
Plaster,High School Lover,Oregon Bike Trails,High School Lover
Plaster,Mister Winter,Fox and the Bird,Floating Feather
Plaster,Manchester,Kishi Bashi,151a
Plaster,Highway Slipper Jam,Broken Social Scene,Forgiveness Rock Record
As Good As Ghosts,Meditation,Will Hanson,Velvet Ears 11
As Good As Ghosts,In Her Loving Memory,Will Hanson,Moving a Body
As Good As Ghosts,Dramamine,Modest Mouse,This Is a Long Drive for Someone with Nothing to Think About
As Good As Ghosts,Pneumonia,Me Like Bees,The Ides
As Good As Ghosts,Weight of This World,The Kingston Springs,The Kingston Springs
As Good As Ghosts,"Hold It, Kid (Your Heart Just Skipped a Beat)",The Weeks,Comeback Cadillac
As Good As Ghosts,Just A Boy,Angus & Julia Stone,A Book Like This
As Good As Ghosts,Strip Mine,The Cave Singers,Banshee
As Good As Ghosts,Blurry Nights,"Hayden, Lou Canon",Us Alone
As Good As Ghosts,The Funeral,Band of Horses,Everything All The Time
As Good As Ghosts,Where Is My Mind?,Pixies,Surfer Rosa (Remastered)
As Good As Ghosts,In A Sweater Poorly Knit,mewithoutYou,"Brother, Sister"
Iris,High And Dry,Radiohead,The Bends
Iris,Iris,The Goo Goo Dolls,Dizzy up the Girl
Iris,Paralyzer,Finger Eleven,Them Vs. You Vs. Me (Deluxe Edition)
Iris,One Thing,Finger Eleven,Finger Eleven
It's Only Me,Fast Talk,"Dawn Golden, Houses",Drugstore Heaven
It's Only Me,Hallucinogenics,Matt Maeson,Bank On The Funeral
It's Only Me,Put It on Me,Matt Maeson,The Hearse
It's Only Me,For No One,Houndmouth,Little Neon Limelight
It's Only Me,All's Well That Ends,Rainbow Kitten Surprise,RKS
It's Only Me,The Comedown,Rainbow Kitten Surprise,RKS
It's Only Me,Strings Attached,Opia,Strings Attached
It's Only Me,June,Briston Maroney,Big Shot
It's Only Me,Smilers of the Night,Stop Light Observations,Radiation
It's Only Me,First Class,Rainbow Kitten Surprise,Seven + Mary
It's Only Me,Cringe,Matt Maeson,Bank On The Funeral
It's Only Me,Under My Skin,Briston Maroney,Carnival
The Melts,Release,"Getter, Midoca",Visceral
The Melts,Part of Me,"Getter, AudioOpera",Visceral
The Melts,On My Way Out,"Getter, Joji",Visceral
The Melts,Dead to Me,"Terror Reid, Getter",Dead to Me
The Melts,Fold,$uicideboy$,My Liver Will Handle What My Heart Can't
The Melts,Kill Yourself (Part III),$uicideboy$,My Liver Will Handle What My Heart Can't
The Melts,The Girl I Haven't Met (Biskwiq Flip),"Biskwiq, Kudasaibeats",Good Morning Say It Back
The Melts,3pills,"TeZATalks, Macntaj",3pills
The Melts,Answer,Phantogram,Three
The Melts,Cruel World,Phantogram,Three
The Melts,Guitar Beat,Prelow,Guitar Beat
The Melts,Hate Myself,TYLERxCORDY,It Rained a Lot This Summer
The Melts,Aqua Blue Honda,TYLERxCORDY,Aqua Blue Honda
The Melts,Machines Can Be Our Friends,Champagne Drip,Of Course I Still Love You
The Melts,LUST DRUNK,SEBASTIAN PAUL,TROJAN HORSE
The Melts,flagpole sitta,"Elohim, AWOLNATION",BRAINDEAD
The Melts,Citi Bike,Lido,Everything
The Melts,Fast Talk,"Dawn Golden, Houses",Drugstore Heaven
The Melts,Hallucinogenics,Matt Maeson,Bank On The Funeral
The Melts,Love Me,"Steven Moses, William Van Zandt",Love Me
The Melts,Hotboy,Steven Moses,Hotboy
The Melts,Iris,The Goo Goo Dolls,Dizzy up the Girl
The Melts,ODIUM,"LXST CXNTURY, Kingpin Skinny Pimp",UNIVERSE OF THE PAST
I'm Slippin',Seventeen,Sjowgren,Seventeen
I'm Slippin',Almond Milk Paradise,"Milo, Safari Al",things that happen at day // things that happen at night
I'm Slippin',Beginners,Sjowgren,Beginners
I'm Slippin',Bambi,Hippo Campus,Bambi
I'm Slippin',Why Even Try,Hippo Campus,Bambi
I'm Slippin',Fear of Falling Asleep,TENDER,Fear of Falling Asleep
I'm Slippin',Handmade Ego,TENDER,Fear of Falling Asleep
I'm Slippin',Strings Attached,Opia,Strings Attached
I'm Slippin',Clear,"No Mana, Zashanell",Above the Blue
I'm Slippin',LUST DRUNK,SEBASTIAN PAUL,TROJAN HORSE
All That's Left,GOTTI,6ix9ine,Day69: Graduation Day
All That's Left,Love Me,"Steven Moses, William Van Zandt",Love Me
All That's Left,Look Like,Yung Pinch,714Ever
All That's Left,Cold Pizza,Mic Torrance,Cold Pizza
All That's Left,Moonlight,XXXTENTACION,?
All That's Left,Let Go,Mic Torrance,Let Go
All That's Left,Coroner,Lando Chill,"For Mark, Your Son"
All That's Left,Betrayed,Lil Xan,TOTAL XANARCHY
All That's Left,These Days,mike.,This Isn't The Album
All That's Left,Pretty Little Fears (feat. J. Cole),"6LACK, J. Cole",East Atlanta Love Letter
All That's Left,Hate Myself,TYLERxCORDY,It Rained a Lot This Summer
All That's Left,chateau,blackbear,digital druglord
All That's Left,Marbled,Abhi The Nomad,Marbled
All That's Left,Ridin' With Me,"TORN, Max Wassen",Ridin' With Me
All That's Left,PSA (Tripping),"Max Wassen, Elea",PSA (Tripping)
All That's Left,Spongebob,Max Wassen,Spongebob
All That's Left,No Type,New Beat Fund,Sponge Fingerz
Cold Comfort,Neil Young,Danny Schmidt,Parables and Primes
Cold Comfort,You Don't Know How Lucky You Are,Keaton Henson,Dear
Cold Comfort,Night,Adna,Night
Cold Comfort,This Too Shall Pass,Danny Schmidt,Parables and Primes
Cold Comfort,Stained Glass,Danny Schmidt,Parables and Primes
Cold Comfort,Firestorm,Danny Schmidt,Instead The Forest Rose To Sing
Cold Comfort,The Sun Is Shining Down,JJ Grey & Mofro,The Choice Cuts
Cold Comfort,Hey Everybody,Rubblebucket,Survival Sounds
Cold Comfort,Medicine,Daughter,Wild Youth EP
Cold Comfort,The Words of the Revelator,Bryan John Appleby,Fire on the Vine
Cold Comfort,Pine for Cedars,Dan Mangan,"Nice, Nice, Very Nice"
Cold Comfort,World Spins Madly On,"The Weepies, Deb Talan, Steve Tannen",Say I Am You
Cold Comfort,Kettering,The Antlers,Hospice
Cold Comfort,9 Crimes,Damien Rice,9
Cold Comfort,Ghost Towns,Radical Face,The Family Tree: The Roots
Cold Comfort,Honey Jars,Bryan John Appleby,Fire on the Vine
Well...,Discoloration,Dawn Golden,Still Life
Well...,The Fifth Day,The Airborne Toxic Event,Such Hot Blood
Well...,Satellite Mind - Metric,Dry the River,Good People Rock
Well...,Nightclothes,Radical Face,The Bastards
Well...,Let It Be (feat. Veela),"Blackmill, Veela",Miracle
Well...,Drifting,On An On,And the Wave Has Two Sides
Well...,Fossa,Daughter,Not To Disappear
Melancholy Bloom,Landfill,Daughter,His Young Heart EP
Melancholy Bloom,The Woods,Daughter,His Young Heart EP
Melancholy Bloom,Candles,Daughter,His Young Heart EP
Melancholy Bloom,Big Eyes,Matt Corby,Into the Flame
Melancholy Bloom,Brother,Matt Corby,Into the Flame
Melancholy Bloom,Resolution - Live on the Resolution Tour,Matt Corby,Live on The Resolution Tour
Melancholy Bloom,Runaway - Live on the Resolution Tour,Matt Corby,Live on The Resolution Tour
Melancholy Bloom,I Found,Amber Run,Pilot EP
Melancholy Bloom,The War - Demo,Josh Record,The War
Melancholy Bloom,Intro,The xx,xx
From Depths,If Children Were Wishes,Wye Oak,If Children
From Depths,Kettering,The Antlers,Hospice
From Depths,I Can Feel a Hot One,Manchester Orchestra,Mean Everything To Nothing
From Depths,This Is The Last Time,The National,Trouble Will Find Me
From Depths,Love More,Sharon Van Etten,Epic
From Depths,Nightclothes,Radical Face,The Bastards
From Depths,Knockin' On Heaven's Door,Antony and the Johnsons,I'm Not There (Music From The Motion Picture)
From Depths,Ships In The Rain,Lanterns on the Lake,"Gracious Tide, Take Me Home"
From Depths,Winter Ghosts,JBM,Stray Ashes
From Depths,Song For Zula,Phosphorescent,Muchacho De Lujo (Deluxe Edition)
I'm Basically a Bitch,Sometimes The Stars,The Audreys,Sometimes The Stars
I'm Basically a Bitch,Heavy Heart,Gabrielle Aplin,Light up the Dark
I'm Basically a Bitch,Almost Lover,A Fine Frenzy,One Cell In The Sea
I'm Basically a Bitch,Hide and Seek,Imogen Heap,Speak for Yourself (Deluxe Version)
I'm Basically a Bitch,Not About Angels,Birdy,Not About Angels
I'm Basically a Bitch,The Park,Feist,The Reminder
I'm Basically a Bitch,Dust to Dust,The Civil Wars,The Civil Wars
I'm Basically a Bitch,Stonecold,machineheart,Stonecold
Into the Aether,Ancient Family,Dangermuffin,Heritage
Into the Aether,Ancient Golden Star,Dangermuffin,Songs for the Universe
Into the Aether,Moonscapes,Dangermuffin,Moonscapes
Japanese Math Rock,何度も,chouchou merged syrups.,"yesterday, 12 films later."
Japanese Math Rock,赤い砂漠,chouchou merged syrups.,"yesterday, 12 films later."
Japanese Math Rock,daidai naru,chouchou merged syrups.,clepsydra
Japanese Math Rock,unravel,TK from Ling tosite sigure,Fantastic Magic
ChillBop,Cat Skillz,Beats Antique,Elektrafone
ChillBop,Every Day,bo en,Pale Machine
ChillBop,Mellow Out,in the blue shirt,Sensation Of Blueness
ChillBop,Add And,Broke For Free,Petal
ChillBop,Que Sera,Wax Tailor,Tales of the Forgotten Melodies
ChillBop,Like What,Tennyson,Like What
ChillBop,7:00 AM,Tennyson,Like What
ChillBop,Formula Fun,Birocratic,Beets 3
ChillBop,Saltwater,Slacker,Saltwater
ChillBop,The Best Moment,j'san,The Best Moment
ChillBop,The Last Cherry Blossom,RudeManners,The Last Cherry Blossom
Night Light,Night Shift,Noflik,Night Shift
Night Light,Wonka Bar,"Remulak, Golden Ticket Tapes",Wonka Bar
Night Light,Ain't Nobody Like You,"Yung Bae, josh pan",Bae2
Night Light,Righteous,Hippie Sabotage,Righteous
Night Light,Feelin It,Sword Beach,Feelin It
Night Light,Know the Name,LeRoyce,The Sunny Nights Project
Night Light,I Got Soul,LeRoyce,I Got Soul
Night Light,Therapy,"LeRoyce, Loners Club",The Sunny Nights Project
Night Light,Forever,LeRoyce,The Sunny Nights Project
Night Light,Your Soul,Hippie Sabotage,The Sunny Album (Deluxe Edition)
Night Light,Drifter,Hippie Sabotage,Drifter
Night Light,Because I’m Me,The Avalanches,Wildflower
Night Light,World On Fire,"Louis The Child, Ashe",World On Fire
Night Light,Tadow,"Masego, FKJ",Lady Lady
Night Light,Floating to Nowhere,Lando Chill,"For Mark, Your Son"
Night Light,Tired Boy,"Concept Collective, Coolin' Cal","Concept Collective, Vol. 2"
Night Light,The Journey,Tom Misch,Beat Tape 2
Night Light,Lazy Love,The Geek x Vrv,BEATS OF
Night Light,Daisuke,El Huervo,Do Not Lay Waste To Homes...
Night Light,Mellow,"niko+, Clans",Chapter One
Night Light,Cold Sushi,Myke Bogan,Cold Sushi
Night Light,Spliff Temple,"Exmag, JNTHN STEIN, Mick Jenkins",Part I
Night Light,At Night,Macross 82-99,Summer Touch
The Reefa Feeva,Stand Strong In Dub (feat. Dub Architect),"Iya Terra, Dub Architect",Full Circle
The Reefa Feeva,See It No Other Way,"Slightly Stoopid, Barrington Levy, Mr. Mutton",Closer to the Sun
The Reefa Feeva,2am,Slightly Stoopid,Chronchitis
The Reefa Feeva,Fade Away,Rebelution,Count Me In
The Reefa Feeva,Come Let Go,Xavier Rudd,White Moth
The Reefa Feeva,Two Shoes,The Cat Empire,Two Shoes
The Reefa Feeva,Panama,The Cat Empire,So Many Nights
The Reefa Feeva,Under the Sun,Arden Park Roots,Pipe Dreams
The Reefa Feeva,When I'm With You,Arden Park Roots,Burning the Midnight Oil
The Reefa Feeva,Welcome To Jamrock,Damian Marley,Welcome to Jamrock
The Reefa Feeva,"No Woman, No Cry - Live At The Lyceum, London/1975",Bob Marley & The Wailers,Africa Unite: The Singles Collection
The Reefa Feeva,Amber,311,From Chaos
The Reefa Feeva,This Joint,Slightly Stoopid,Closer to the Sun
The Reefa Feeva,Wiseman,Slightly Stoopid,Live & Direct: Acoustic Roots
The Reefa Feeva,Closer to the Sun,Slightly Stoopid,Closer to the Sun
The Reefa Feeva,Feeling Alright,Rebelution,Courage to Grow
The Reefa Feeva,Save Tonight,Eagle-Eye Cherry,Desireless
The Reefa Feeva,Three Little Birds,Bob Marley & The Wailers,Legend (Deluxe Edition)
The Reefa Feeva,The Music (feat. Spice 1),"Arden Park Roots, Spice 1",Burning the Midnight Oil
Caviar,Bedroom,Litany,4 Track EP
Caviar,Bruce Wayne,"Memorecks, Jenna Pemkowski",Follow
Caviar,Paia,Wild Ones,Keep It Safe
Caviar,Pollution / Disclaimer,Ritt Momney,Pollution / Disclaimer
Caviar,Cocaine,Sleepwalkers,Greenwood Shade
Caviar,Call On Me,Litany,Call On Me
Caviar,Homage,Mild High Club,Skiptracing
Caviar,Don't Sing,"Data, Benny Sings",Don't Sing
Caviar,I Don't Know You,The Marías,I Don't Know You
Caviar,Seventeen,Sjowgren,Seventeen
Caviar,She Won't Go Away,Faye Webster,Faye Webster
Caviar,She's a Big Boy,Mcbaise,She's a Big Boy
Caviar,Unwind,Tim Atlas,All Talk!
Caviar,Look@Ugo,Mosie,Tangerine
Caviar,Tieduprightnow,Parcels,Tieduprightnow
Caviar,Don't Go,The Greeting Committee,This Is It
Caviar,Goodie Bag,Still Woozy,Goodie Bag
Caviar,Righteous,Hippie Sabotage,Righteous
Caviar,Need Your Love,Tennis,Need Your Love
Caviar,Silk - Favored Nations Remix,"Giselle, Favored Nations",Silk (Favored Nations Remix)
Caviar,Foolsong,Still Woozy,Lately EP
Caviar,we fell in love in october,girl in red,we fell in love in october / forget her
Slick Talk,Breezy,Tate Tucker,Shangri LA
Slick Talk,Sugar High,Tate Tucker,Shangri LA
Slick Talk,Drop In,Tate Tucker,Shangri LA
Slick Talk,blkswn,Smino,blkswn
Slick Talk,Netflix & Dusse,Smino,blkswn
Slick Talk,Blkoscars,"Smino, Jay2",blkswn
Snow,Strings Attached,Opia,Strings Attached
Snow,anemone,slenderbodies,fabulist
Snow,little islands,slenderbodies,fabulist
Snow,opal ocean,slenderbodies,fabulist
Snow,Youth,Glass Animals,How To Be A Human Being
Snow,Gooey,Glass Animals,ZABA
Snow,The Other Side Of Paradise,Glass Animals,How To Be A Human Being
Snow,Apocalypse,Cigarettes After Sex,Cigarettes After Sex
Snow,Nothing's Gonna Hurt You Baby,Cigarettes After Sex,I.
Snow,Fear of Falling Asleep,TENDER,Fear of Falling Asleep
Snow,Handmade Ego,TENDER,Fear of Falling Asleep
Snow,Passin Through,Jack and the Other,Circles
R&R,Soulshine,Allman Brothers Band,Where It All Begins
R&R,Shine,Collective Soul,"Hints, Allegations & Things Left Unsaid"
R&R,Banks Of The Deep End,Gov't Mule,The Deep End Vol. 1
R&R,The Sun Is Shining Down,"JJ Grey & Mofro, Mofro",Country Ghetto
R&R,The Vigil,Blue Öyster Cult,Mirrors
R&R,The Man Who Sold The World - Live,Nirvana,MTV Unplugged In New York
R&R,Free Bird,Lynyrd Skynyrd,Pronounced' Leh-'Nerd 'Skin-'Nerd
R&R,Tuesday's Gone,Lynyrd Skynyrd,Pronounced' Leh-'Nerd 'Skin-'Nerd
R&R,That's The Way - Live 1972; Remaster,Led Zeppelin,How the West Was Won (Remaster)
R&R,Then Came the Last Days of May,Blue Öyster Cult,Blue Oyster Cult
R&R,The Weight - Remastered 2000,The Band,Music From Big Pink (Remastered)
R&R,Can't You See,The Marshall Tucker Band,Keeping The Love Alive
R&R,Simple Man,Lynyrd Skynyrd,Pronounced' Leh-'Nerd 'Skin-'Nerd
R&R,Black Dog - Remaster,Led Zeppelin,Led Zeppelin IV (Remaster)
R&R,When the Levee Breaks - Remaster,Led Zeppelin,Led Zeppelin IV (Deluxe Edition)
R&R,In the Light - 1990 Remaster,Led Zeppelin,Physical Graffiti (1994 Remaster)
R&R,Use Me,Beans & Fatback,With Skin Attached
R&R,The Pot,TOOL,"10,000 Days"
R&R,Cortez The Killer,Gov't Mule,Live...With A Little Help From Our Friends
R&R,I'm A Ram,Gov't Mule,Mighty High
R&R,Beautifully Broken,Gov't Mule,The Deepest End (Live)
R&R,It Hurts Me Too (feat. Little Milton),Gov't Mule,Mulennium
R&R,She Talks To Angels,The Black Crowes,Greatest Hits 1990-1999: A Tribute To A Work In Progress...
R&R,Sideways,Citizen Cope,Seventeen: The Best New Music (Hear It First)
R&R,Get It While You Can,Janis Joplin,Pearl (Legacy Edition)
R&R,Take It Easy - 2013 Remaster,Eagles,Eagles (2013 Remaster)
Mellow Fellow,Fantasy,Killer Bee,Venus
Mellow Fellow,Slow Down Love (feat. Chelsea Cutler),"Louis The Child, Chelsea Cutler",Love Is Alive EP
Mellow Fellow,Subtle Thing,Marian Hill,Unusual
Mellow Fellow,Your Soul,Hippie Sabotage,The Sunny Album (Deluxe Edition)
Mellow Fellow,Fire,"Louis The Child, Evalyn",Fire
Mellow Fellow,Good Nights (feat. Mascolo),"Whethan, Mascolo",Good Nights (feat. Mascolo)
Mellow Fellow,Take Three,Jerry Folk,Take Three
Mellow Fellow,Temporary,Ella Vos,Temporary
Mellow Fellow,Make You Feel,"Alina Baraz, Galimatias",Urban Flora
Mellow Fellow,Jubel,Klingande,Jubel
Mellow Fellow,High You Are,"What So Not, Branchez",High You Are (Remixes)
Mellow Fellow,For The Love (Big Wild Remix),"GRiZ, Big Wild, Talib Kweli",For The Love (Remixes) - EP
Mellow Fellow,Drifter,Hippie Sabotage,Drifter
Mellow Fellow,Anything,"Frame, Lea Keeley",Anything
Long Heart Skip,Bite Back (feat. Lexis Janay & Scarub),"9 Theory, Lexis Janay, Scarub",Bite Back (feat. Lexis Janay & Scarub)
Long Heart Skip,Metaphysical - Daktyl Remix,Autograf,Metaphysical (Daktyl Remix)
Long Heart Skip,Come & Leave,After The Smoke,Microwaves
Long Heart Skip,Parade,Iris Temple,Vistas
Long Heart Skip,A Little Deeper,"KR3TURE, The Human Experience, Kelly Koval",A Little Deeper - Single
Long Heart Skip,Tangerine Girl,Asher Roth,RetroHash
Long Heart Skip,Hazelnut Butter,"Lafa Taylor, Medium Troy",All My Friends Are Freaks
Long Heart Skip,lift me from the ground,"San Holo, Sofie Winterson",album1
Long Heart Skip,"Bout a Dolla (feat. Chuck Inglish, Chance the Rapper, Chip tha Ripper & Twista)","The O'My's, Blended Babies, Chuck Inglish, Chance the Rapper, Chip Tha Ripper, Twista","Bout a Dolla (feat. Chuck Inglish, Chance the Rapper, Chip tha Ripper & Twista)"
Smoke It If You Got One,Smoke It If You Got One,Blended Babies,5
Smoke It If You Got One,"Bout a Dolla (feat. Chuck Inglish, Chance the Rapper, Chip tha Ripper & Twista)","The O'My's, Blended Babies, Chuck Inglish, Chance the Rapper, Chip Tha Ripper, Twista","Bout a Dolla (feat. Chuck Inglish, Chance the Rapper, Chip tha Ripper & Twista)"
Smoke It If You Got One,Ghostwriter,RJD2,Deadringer: Deluxe
Smoke It If You Got One,You Wish,Nightmares On Wax,In A Space Outta Sound
Smoke It If You Got One,Eagle Moon,Blended Babies,6
Smoke It If You Got One,DragonFly (feat. Coyle Girelli),"Blended Babies, Coyle Girelli",6
Smoke It If You Got One,Can't Leave The Night,BADBADNOTGOOD,III
Smoke It If You Got One,Confessions (feat. Leland Whitty),"BADBADNOTGOOD, Leland Whitty",III
Smoke It If You Got One,Eyes Closed,BADBADNOTGOOD,III
A Soft Handhold,No Woman,Whitney,Light Upon the Lake
A Soft Handhold,waves - Tame Impala Remix,"Miguel, Tame Impala",Rogue Waves
A Soft Handhold,Lucky Girl,Fazerdaze,Morningside
A Soft Handhold,Jennifer,Fazerdaze,Morningside
A Soft Handhold,The Less I Know The Better,Tame Impala,Currents
A Soft Handhold,Golden Days,Whitney,Light Upon the Lake
A Soft Handhold,I Wanna Go,Summer Heart,About A Feeling
A Soft Handhold,So Good At Being in Trouble,Unknown Mortal Orchestra,II
A Soft Handhold,Drag,Day Wave,Drag
A Soft Handhold,Garden Grays,Wildcat! Wildcat!,No Moon At All
A Soft Handhold,Juniper,New Madrid,Yardboat
A Soft Handhold,Never Going Home,Hazel English,Just Give In / Never Going Home
A Soft Handhold,Mountain Man - Audiotree Live Version,Liz Cooper,Liz Cooper & the Stampede on Audiotree Live
A Soft Handhold,Man in the Sixties,Balue,Quiet Dreamer
A Soft Handhold,Tower // W.O.H.L.,Wildcat! Wildcat!,No Moon At All
A Soft Handhold,Sunder,Hibou,Hibou
A Soft Handhold,I Wanna Go,Summer Heart,About A Feeling
A Soft Handhold,Feels Like We Only Go Backwards,Tame Impala,Lonerism
A Soft Handhold,Pretty Woman,Lo Noom,Pretty Woman
A Soft Handhold,Sunder,Hibou,Hibou
A Soft Handhold,Reverie,Rose Dive,Reverie
A Soft Handhold,Live Well,Palace,So Long Forever
A Soft Handhold,So We Won't Forget,Khruangbin,Mordechai
A Soft Handhold,Sweet FA,Peach Pit,Sweet FA
A Soft Handhold,Can I Call You Tonight?,Dayglow,Fuzzybrain
Mist in the Air,Old Pine,Ben Howard,Every Kingdom
Mist in the Air,Cough Syrup,Young the Giant,Young The Giant (Special Edition)
Mist in the Air,"Hey You, Hello",Ghost Brothers,Reach
Mist in the Air,Just Wana Play,Ghost Brothers,Reach
Mist in the Air,Tessellate,alt-J,An Awesome Wave
Mist in the Air,Skinny Love,Birdy,Birdy (Deluxe Version)
Mist in the Air,The District Sleeps Alone Tonight,Birdy,Birdy (Deluxe Version)
Mist in the Air,Let's Ride,Ghost Brothers,Reach
Mist in the Air,Breathe Me,Sia,Colour The Small One
Mist in the Air,Heartbeats,José González,Imperial Recordings Best Of
Mist in the Air,Disparate Youth,Santigold,Disparate Youth
Mist in the Air,Let Her Go,Passenger,All The Little Lights
Mist in the Air,Taylor,Jack Johnson,On And On
Mist in the Air,World Looking In,Morcheeba,Fragments of Freedom
Mist in the Air,Miracle,Blackmill,Miracle
Mist in the Air,Intro,M83,Hurry Up We're Dreaming
Mist in the Air,Boy With a Coin,Iron & Wine,The Shepherd's Dog
Mist in the Air,Better Together,Jack Johnson,In Between Dreams
Mist in the Air,King And Lionheart,Of Monsters and Men,My Head Is An Animal
Mist in the Air,Bubble Toes,"Jack Johnson, Adam Topol, Merlo",Brushfire Fairytales (Bonus Version)
Mist in the Air,Never Know,Jack Johnson,In Between Dreams
Mist in the Air,People Help the People,Birdy,Birdy
Mist in the Air,Sunshine,Matisyahu,Sunshine
Mist in the Air,Jerusalem,Matisyahu,Youth
Mist in the Air,The a Team - Live at the Tabernacle,Birdy,Live in London
Mist in the Air,Collie Man,Slightly Stoopid,"Surfdog So-Cal Comp ft. Slightly Stoopid, Wylde Bunch, B-Side Players, & Agent 51"
Mist in the Air,Joy,Iron & Wine,Ghost On Ghost
Mist in the Air,Eyes on Fire,Blue Foundation,Life Of A Ghost
Mist in the Air,First Breath After Coma,Explosions In The Sky,The Earth Is Not a Cold Dead Place
Mist in the Air,Burgh Island,"Ben Howard, Monica Heldal",The Burgh Island EP
Mist in the Air,"Flightless Bird, American Mouth",Iron & Wine,The Shepherd's Dog
Mist in the Air,Porcelain,Moby,Play & Play: B Sides
Mist in the Air,What The Water Gave Me,Florence + The Machine,Ceremonials (Deluxe Edition)
Mist in the Air,The Funeral,Band of Horses,Everything All The Time
Mist in the Air,Love Lost,The Temper Trap,Conditions
Mist in the Air,Gracious,Ben Howard,Every Kingdom
Mist in the Air,Wings,Birdy,Wings
Mist in the Air,Mt Eden - Still Alive,Mt. Eden,Still Alive
Mist in the Air,Life's for the Living,Passenger,All the Little Lights
Mist in the Air,All I Ever Know,Trevor Hall,Everything Everytime Everywhere
Mist in the Air,Dog Days Are Over,Florence + The Machine,Lungs (Deluxe Edition)
Mist in the Air,9 Crimes,Damien Rice,9
Mist in the Air,Dust to Dust,The Civil Wars,The Civil Wars
Mist in the Air,Ocean - Live,John Butler Trio,Tin Shed Tales
Mist in the Air,Two Hands Of A Prayer,Ben Harper And The Innocent Criminals,Burn To Shine
Mist in the Air,Right Me Up,"Chadwick Stokes, State Radio",Us Against The Crown
Mist in the Air,Ain't No Rest for the Wicked,Cage The Elephant,Cage The Elephant
Mist in the Air,"Welcome Home, Son",Radical Face,Ghost
Mist in the Air,Morning Sun,The Beautiful Girls,Morning Sun
Mist in the Air,Freedom (Part 2) - Feat. Mason Jennings,The Beautiful Girls,Learn Yourself
Mist in the Air,Cosmic Love,Florence + The Machine,Lungs (Deluxe Edition)
Mist in the Air,Say Something,"A Great Big World, Christina Aguilera",Say Something
Mist in the Air,Letters From The Sky,Civil Twilight,Civil Twilight
Mist in the Air,Shake It Out,Florence + The Machine,Ceremonials (Deluxe Edition)
Mist in the Air,Bonfires,Blue Foundation,Sweep Of Days
Mist in the Air,Way It Goes,Current Swell,Protect Your Own
Mist in the Air,Baleen Morning,Balmorhea,Balmorhea
Mist in the Air,Urban Challenge,Trace Bundy,Missile Bell {part 2 - the studio cd}
Mist in the Air,Many Roads,Trevor Hall,Trevor Hall
Mist in the Air,Mykonos,Fleet Foxes,Sun Giant
Mist in the Air,Be Here Now,Ray LaMontagne,Till The Sun Turns Black
Mist in the Air,Lesson Learned,Ray LaMontagne,Till The Sun Turns Black
Mist in the Air,Let It Be Me,Ray LaMontagne,Gossip In The Grain
Mist in the Air,Fire by Night,Josh Garrels,Over Oceans
Mist in the Air,A Maker of My Time,The Paper Kites,Young North - EP
Mist in the Air,Cold December,Matt Costa,Songs We Sing
Mist in the Air,Sunshine,Matt Costa,Songs We Sing
Mist in the Air,Apartment,Young the Giant,Young The Giant (Special Edition)
Mist in the Air,God Made Man,Young the Giant,Young The Giant (Special Edition)
Mist in the Air,Islands,Young the Giant,Young The Giant (Special Edition)
Mist in the Air,Strings,Young the Giant,Young The Giant (Special Edition)
Mist in the Air,California (Cast Iron Soul),Jamestown Revival,Utah
Mist in the Air,lovers’ carvings,Bibio,Ambivalence Avenue
Mist in the Air,ambivalence avenue,Bibio,Ambivalence Avenue
Mist in the Air,Always Gold,Radical Face,The Family Tree: The Roots
Mist in the Air,Ghost Towns,Radical Face,The Family Tree: The Roots
Mist in the Air,Hello Alone,Charlie Winston,Running Still
Mist in the Air,Long Time Traveller,The Wailin' Jennys,Firecracker
Mist in the Air,Over the Rainbow,Israel Kamakawiwo'ole,Alone In Iz World
Mist in the Air,Love Love Love,Of Monsters and Men,My Head Is An Animal
Mist in the Air,From Finner,Of Monsters and Men,My Head Is An Animal
Mist in the Air,Ring Around The Moon,Elephant Revival,Elephant Revival
Mist in the Air,Grace of a Woman,Elephant Revival,These Changing Skies
Mist in the Air,Down to the Sea,Elephant Revival,These Changing Skies
Mist in the Air,The Obvious,Elephant Revival,These Changing Skies
Mist in the Air,Remembering a Beginning,Elephant Revival,These Changing Skies
Mist in the Air,Willing and Able,Elephant Revival,These Changing Skies
Mist in the Air,Over over And,Elephant Revival,These Changing Skies
Mist in the Air,Struggle Remains,Mishka,The Journey
Mist in the Air,Amazing Grace,Tommy Emmanuel,Center Stage
Mist in the Air,Your Hand In Mine,Explosions In The Sky,The Earth Is Not a Cold Dead Place
Mist in the Air,Two Coins,DISPATCH,Bang Bang [Remastered]
Mist in the Air,Better Than Love,Griffin House,Flying Upside Down
Mist in the Air,Go Through It,Griffin House,Balls
Mist in the Air,"Be Still, My Soul","BYU Vocal Point, James Stevens, Matt Stevens",Standing Room Only
Mist in the Air,Ruby's Eyes,Tommy Emmanuel,Center Stage
Mist in the Air,Just A Boy,Angus & Julia Stone,A Book Like This
Mist in the Air,Skyrim,Acoustic Labs,Desert Walk
Mist in the Air,Birds and Stars,Elephant Revival,These Changing Skies
Mist in the Air,Taro,alt-J,An Awesome Wave
Mist in the Air,Blood,The Middle East,The Recordings of the Middle East
Mist in the Air,Soul Meets Body,Death Cab for Cutie,Plans
Mist in the Air,"Autumn, Autumn, Autumn",Adventure the Great,Adventure the Great EP
Mist in the Air,"Stay Alive - From ""The Secret Life of Walter Mitty"" Soundtrack",José González,Stay Alive (From The Secret Life Of Walter Mitty)
Mist in the Air,You're In My Heart (The Final Acclaim),Rod Stewart,The Definitive Collection - 1969-1978
Mist in the Air,The Ballad Of Love And Hate,The Avett Brothers,Emotionalism
Mist in the Air,Naive,"Matt Phillips, Phil Harmonic",Move
Mist in the Air,Mr. Radio,"Matt Phillips, Phil Harmonic",Move
Mist in the Air,Fix You,Coldplay,X&Y
Mist in the Air,Hey Jude,The Beatles Recovered Band,30 Beatles Top Hits
Mist in the Air,Let It Be,The Beatles Recovered Band,30 Beatles Top Hits
Mist in the Air,Hunger of the Pine,alt-J,Hunger of the Pine
Mist in the Air,Soulshine,Gov't Mule,Live...With A Little Help From Our Friends
Mist in the Air,Cortez The Killer,Gov't Mule,Live...With A Little Help From Our Friends
Mist in the Air,Beautifully Broken,Gov't Mule,The Deepest End (Live)
Mist in the Air,Banks Of The Deep End,Gov't Mule,The Deep End Vol. 1
Mist in the Air,Apologies,Grace Potter & The Nocturnals,This Is Somewhere
Mist in the Air,We're Going To Be Friends,The White Stripes,White Blood Cells
Mist in the Air,She Talks To Angels,The Black Crowes,Greatest Hits 1990-1999: A Tribute To A Work In Progress...
Mist in the Air,Hello My Old Heart,The Oh Hellos,The Oh Hello's
Mist in the Air,3 Rounds And A Sound,Blind Pilot,3 Rounds And A Sound
Mist in the Air,Dust in the Wind,Kansas,The Best Of Kansas
Mist in the Air,Not About Angels,Birdy,Not About Angels
Mist in the Air,Burning,The Whitest Boy Alive,Dreams
Mist in the Air,Such Great Heights,The Postal Service,Give Up
Mist in the Air,Yesterday,The Beatles Recovered Band,30 Beatles Top Hits
Mist in the Air,Thin Hope,West My Friend,When the Ink Dries
Mist in the Air,"The Boxer - Live at Long Beach Arena, Long Beach, CA - November 1969",Simon & Garfunkel,Live 1969
Mist in the Air,Yellow,Coldplay,Parachutes
Mist in the Air,Heart's Content,Brandi Carlile,Bear Creek
Mist in the Air,Bold As Winter,Adventure the Great,Adventure the Great EP
Mist in the Air,O Come O Come Emmanuel,Adventure the Great,Gnu's Room Christmas
Mist in the Air,If I Ever Feel Better,Phoenix,United
Mist in the Air,Is This Love,Bob Marley & The Wailers,Legend (Deluxe Edition)
Mist in the Air,Big Jet Plane,Angus & Julia Stone,Down The Way
Mist in the Air,You're The One That I Want,Angus & Julia Stone,Big Jet Plane (EP)
Mist in the Air,For You,Angus & Julia Stone,Down The Way
Mist in the Air,Get Home,Angus & Julia Stone,Angus & Julia Stone (Deluxe)
Mist in the Air,Wherever You Are,Angus & Julia Stone,Angus & Julia Stone
Mist in the Air,Half Moon,Blind Pilot,We Are The Tide
Mist in the Air,New York,Blind Pilot,We Are The Tide
Mist in the Air,Broken Brights,Angus Stone,Broken Brights
Mist in the Air,I've Got This Friend,The Civil Wars,Barton Hollow
Mist in the Air,I Remember: Sightlines,West My Friend,Place
Mist in the Air,Troubles,West My Friend,When the Ink Dries
Mist in the Air,Four Seasons In One Day,"Paul Kelly, Angus Stone",He Will Have His Way - The Songs Of Tim & Neil Finn
Mist in the Air,"Mrs. Robinson - From ""The Graduate"" Soundtrack",Simon & Garfunkel,Bookends
Mist in the Air,Bridge over Troubled Water,Simon & Garfunkel,Bridge Over Troubled Water
Mist in the Air,"Leaves That Are Green - Live at Lincoln Center, New York City, NY - January 1967",Simon & Garfunkel,"Live From New York City, 1967"
Mist in the Air,Sparrow,Simon & Garfunkel,"Wednesday Morning, 3 A.M."
Mist in the Air,Honey Jars,Bryan John Appleby,Fire on the Vine
Mist in the Air,Blue Skies,Willie Nelson,The Essential Willie Nelson
Mist in the Air,Angel Flying Too Close to the Ground,Willie Nelson,Greatest Hits (& Some That Will Be)
Mist in the Air,"The Sound of Silence - Live at Lincoln Center, New York City, NY - January 1967",Simon & Garfunkel,"Live From New York City, 1967"
Mist in the Air,Imagine,Jack Johnson,Instant Karma: The Amnesty International Campaign To Save Darfur (Standard Version)
Mist in the Air,Saturn Maybe,West My Friend,Place
Mist in the Air,We Are The Tide,Blind Pilot,We Are The Tide
Mist in the Air,The Moon Song - Film Version,"Scarlett Johansson, Joaquin Phoenix",The Moon Song (Music from and Inspired by the Motion Picture Her)
Mist in the Air,Riptide,Vance Joy,Dream Your Life Away
Mist in the Air,Olsen Olsen,Sigur Rós,Ágætis Byrjun
Mist in the Air,Free Bird,Lynyrd Skynyrd,Pronounced' Leh-'Nerd 'Skin-'Nerd
Mist in the Air,White Apple,Blind Pilot,We Are The Tide
Mist in the Air,Young Folks,Peter Bjorn and John,Writer's Block
Mist in the Air,Grow,Rae Morris,Grow
Mist in the Air,Sleep,The Last Bison,VA
Mist in the Air,Always,Blind Pilot,We Are The Tide
Mist in the Air,Big Eyes,Matt Corby,Into the Flame
Mist in the Air,Upside Down,Jack Johnson,Sing-A-Longs & Lullabies For The Film Curious George
Mist in the Air,Head Full Of Doubt/Road Full Of Promise,The Avett Brothers,I And Love And You
Mist in the Air,I Found,Amber Run,Pilot EP
Mist in the Air,Illusory Light,Sarah Blasko,I Awake
Mist in the Air,Sounds Like Hallelujah,The Head And The Heart,The Head and the Heart
Mist in the Air,The Beast,Angus & Julia Stone,A Book Like This
Mist in the Air,Never Let Me Go,Florence + The Machine,Ceremonials (Deluxe Edition)
Mist in the Air,Come Let Go,Xavier Rudd,White Moth
Mist in the Air,Teardrop,José González,In Our Nature
Mist in the Air,Dice,"Finley Quaye, William Orbit",Much More Than Much Love
Mist in the Air,Wash Away,Joe Purdy,Julie Blue
Mist in the Air,Little Giant,Roo Panes,Land of the Living EP
Mist in the Air,For What It's Worth,Buffalo Springfield,Buffalo Springfield
Mist in the Air,Just One,Blind Pilot,We Are The Tide
Mist in the Air,Summertime,Scarlett Johansson,Unexpected Dreams - Songs From The Stars
Mist in the Air,Mad World (feat. Gary Jules),Michael Andrews,Donnie Darko (Original Motion Picture Soundtrack)
Mist in the Air,Intro,The xx,xx
Mist in the Air,Mister Sandman,Chet Atkins,Guitar Legend: The RCA Years
Mist in the Air,Rag,Bill Frisell,"The Best of Bill Frisell, Volume 1: Folk Songs"
Mist in the Air,Bright,Acoustic Labs,Solar Sky
Mist in the Air,Only Love,Ben Howard,Every Kingdom
Mist in the Air,Boys & Girls,Alabama Shakes,Boys & Girls
Mist in the Air,The Minnow & The Trout,A Fine Frenzy,One Cell In The Sea
Mist in the Air,White Winter Hymnal,Fleet Foxes,Fleet Foxes
Mist in the Air,America,First Aid Kit,America
Mist in the Air,Casimir Pulaski Day,Sufjan Stevens,Illinois
Mist in the Air,Step Out,José González,Step Out (From The Secret Life Of Walter Mitty)
Mist in the Air,More Than Life,Whitley,The Submarine
Mist in the Air,Bloodflood,alt-J,An Awesome Wave
Mist in the Air,"Clothes, Friends, Photos",Peter and Kerry,"Clothes, Friends, Photos EP"
Mist in the Air,Europa,Tuck & Patti,Love Warriors
Mist in the Air,The War - Demo,Josh Record,The War
Mist in the Air,Wiseman,Slightly Stoopid,Everything You Need
Mist in the Air,Yesterdays - Buddha Remastered - 2000,Chet Atkins,Guitar Legend: The RCA Years
Mist in the Air,Hero,Family of the Year,Loma Vista
Mist in the Air,Whatever Gets You By,The Features,Some Kind of Salvation
Mist in the Air,Mexico,The Staves,Mexico EP
Mist in the Air,Sigur 3 (Untitled),Sigur Rós,(Untitled)
Mist in the Air,Get It Out,Blind Pilot,We Are The Tide
Mist in the Air,Resolution,Matt Corby,Resolution
Mist in the Air,Cold Is the Night,The Oh Hellos,The Oh Hello's
Mist in the Air,Run,Daughter,Smother
Mist in the Air,Nursery Rhymes,French For Rabbits,Spirits
My Custom Radio,Bad Girl,Hippie Sabotage,Vacants (Deluxe Edition)
My Custom Radio,Daylight,Aesop Rock,Labor Days
My Custom Radio,Summer Dog Days,The Remnant,Indian Summer
My Custom Radio,Fast Car,Hippie Sabotage,Fast Car
My Custom Radio,Smile,Eyedea & Abilities,By The Throat
My Custom Radio,Wasting Time,Kids These Days,Traphouse Cuts
My Custom Radio,Your Soul,Hippie Sabotage,The Sunny Album (Deluxe Edition)
My Custom Radio,Killa Cam,Cam'ron,The Color Purple
My Custom Radio,"Bout a Dolla (feat. Chuck Inglish, Chance the Rapper, Chip tha Ripper & Twista)","The O'My's, Blended Babies, Chuck Inglish, Chance the Rapper, Chip Tha Ripper, Twista","Bout a Dolla (feat. Chuck Inglish, Chance the Rapper, Chip tha Ripper & Twista)"
My Custom Radio,Japanese Ceremonial Tea (Interlude),The Electric Sons,Golden Age - EP
My Custom Radio,i'm thinking about horses,mansionz,Mansionz
My Custom Radio,Tomatoes,Shane Koyczan,Shut Up And Say Something
My Custom Radio,Hangman,Kai Straw,The Tragedian's Decoupage
My Custom Radio,Let Me Go,Shane Koyczan and the Short Story Long with Dan Mangan,A Pretty Decent Cape In My Closet
My Custom Radio,I Bring a Life of That.. To an End,"Kai Straw, Lauralee Poe",The Tragedian's Decoupage
My Custom Radio,Pinocchio: A Soliloquy,Kai Straw,The Tragedian's Decoupage
My Custom Radio,Tangerine Girl,Asher Roth,RetroHash
My Custom Radio,Casimir Pulaski Day,Sufjan Stevens,Illinois
My Custom Radio,Blankets,Aso,Home
My Custom Radio,Confessions (feat. Leland Whitty),"BADBADNOTGOOD, Leland Whitty",III
My Custom Radio,Ghostwriter,RJD2,Deadringer: Deluxe
My Custom Radio,When I'm Small,Phantogram,Eyelid Movies
My Custom Radio,Can't Leave The Night,BADBADNOTGOOD,III
My Custom Radio,Bite Back (feat. Lexis Janay & Scarub),"9 Theory, Lexis Janay, Scarub",Bite Back (feat. Lexis Janay & Scarub)
My Custom Radio,Road Regrets,Dan Mangan,"Nice, Nice, Very Nice"
My Custom Radio,The Indie Queens Are Waiting,Dan Mangan,"Nice, Nice, Very Nice"
Sparks,When I'm Small,Phantogram,Eyelid Movies
Sparks,Start Shootin',Little People,Mickey Mouse Operation
Sparks,Wolf Drawn,Emancipator,Soon It Will Be Cold Enough
Sparks,Ghostwriter,RJD2,Deadringer: Deluxe
Sparks,The Winter,Balmorhea,Rivers Arms
Sparks,Cream On Chrome,Ratatat,Magnifique
Sparks,Eve,Emancipator,Soon It Will Be Cold Enough
Sparks,Wildcat,Ratatat,Classics
Sparks,Tacobel Canon,Ratatat,Classics
Sparks,Loud Pipes,Ratatat,Classics
Sparks,Words Remain,Moderator,The World Within
Out of Words,Time,Hans Zimmer,Inception (Music from the Motion Picture)
Out of Words,Stay Crunchy,Ronald Jenkees,Disorganized Fun
Out of Words,We Can Make The World Stop,The Glitch Mob,We Can Make the World Stop - EP
Out of Words,Concerning Hobbits,Howard Shore,The Lord of the Rings: The Fellowship of the Ring (Original Motion Picture Soundtrack)
Out of Words,Animus Vox,The Glitch Mob,Drink the Sea
Out of Words,"The Breaking of the Fellowship (feat. ""In Dreams"")","Howard Shore, Edward Ross",The Lord of the Rings: The Fellowship of the Ring (Original Motion Picture Soundtrack)
Out of Words,Rise,Hans Zimmer,The Dark Knight Rises (Original Motion Picture Soundtrack)
Out of Words,First Breath After Coma,Explosions In The Sky,The Earth Is Not a Cold Dead Place
Out of Words,Skyrim,Acoustic Labs,Desert Walk
Out of Words,The Song of the Golden Dragon,Estas Tonne,"""Strings and Stories of a Troubadour"", Live in Odeon, Vienna 2011"
Out of Words,Drive It Like You Stole It,The Glitch Mob,Drive It Like You Stole It - Single
Out of Words,Internal Flight,Estas Tonne,Internal Flight
Out of Words,The Channel,Calum Graham,12:34
Out of Words,Adapt,Trace Bundy,Adapt
Out of Words,Sweet Child O' Mine,Trace Bundy,Missile Bell {part 2 - the studio cd}
Out of Words,Phoenix Rising,Calum Graham,Phoenix Rising
Out of Words,Anybody Home?,Calum Graham,Phoenix Rising
Out of Words,It Is What It Is,Calum Graham,Phoenix Rising
Out of Words,While My Guitar Gently Weeps,Jake Shimabukuro,Gently Weeps
Out of Words,What Are You Going to Do When You Are Not Saving the World?,Hans Zimmer,Man of Steel (Original Motion Picture Soundtrack)
Out of Words,Cuban Dance,Estas Tonne,"""Strings and Stories of a Troubadour"", Live in Odeon, Vienna 2011"
Out of Words,3 Way Street,Calum Graham,Phoenix Rising
Out of Words,The Winds Will Bring You Home,Estas Tonne,"""Strings and Stories of a Troubadour"", Live in Odeon, Vienna 2011"
Out of Words,Urban Challenge,Trace Bundy,Missile Bell {part 2 - the studio cd}
Out of Words,Canon,Trace Bundy,Adapt
Out of Words,Ocean - Live,John Butler Trio,Tin Shed Tales
Out of Words,Accelerate,Zander Zon,Sonorous
Out of Words,She Danced,Zander Zon,Sonorous
Out of Words,Oracles of Her,Zander Zon,Saturn Return
Out of Words,A Whisper in Time,Zander Zon,Saturn Return
Out of Words,Kinetic,Zander Zon,Saturn Return
Out of Words,"503 (From ""Angels & Demons"" Soundtrack)","Hans Zimmer, Joshua Bell, Nick Glennie-Smith",Angels & Demons (Original Motion Picture Soundtrack)
Out of Words,Classical Gas,Mason Williams,The Story Of Us (Music From The Motion Picture)
Out of Words,"Symphony No. 7 in A Major, Op. 92: II. Allegretto","Ludwig van Beethoven, RFCM Symphony Orchestra",The Greatest Works of Ludwig van Beethoven
Out of Words,"Nocturne No. 20 in C-Sharp Minor, P. 1/16: Lento con gran espressione","Frédéric Chopin, Nikita Magaloff",Piano Meditations
Out of Words,Now We Are Free,"Hans Zimmer, Klaus Badelt, Lisa Gerrard, Gavin Greenaway, The Lyndhurst Orchestra",Gladiator - Music From The Motion Picture
Out of Words,Your Hand In Mine,Explosions In The Sky,The Earth Is Not a Cold Dead Place
Out of Words,The Only Moment We Were Alone,Explosions In The Sky,The Earth Is Not a Cold Dead Place
Out of Words,Ruby's Eyes,Tommy Emmanuel,Center Stage
Out of Words,The Finger Lakes,Tommy Emmanuel,Center Stage
Out of Words,Theme From Jurassic Park,John Williams,Jurassic Park
Out of Words,Life And Death,Michael Giacchino,Lost: Season 1 (Original Television Soundtrack)
Out of Words,Stuff We Did,Michael Giacchino,Up (Original Motion Picture Soundtrack)
Out of Words,Baleen Morning,Balmorhea,Rivers Arms
Out of Words,Master of Tides,Lindsey Stirling,Shatter Me
Out of Words,Beyond the Veil,Lindsey Stirling,Shatter Me
Out of Words,Roundtable Rival,Lindsey Stirling,Shatter Me
Out of Words,Take Flight,Lindsey Stirling,Shatter Me
Out of Words,Divenire,Ludovico Einaudi,Divenire
Out of Words,Rylynn,"Don Ross, Andy McKee",The Thing That Came From Somewhere
Out of Words,Numinous,Acoustic Labs,Solar Sky
Out of Words,Lux Aeterna,Acoustic Labs,Revisited
Out of Words,He's a Pirate,Klaus Badelt,Pirates of the Caribbean: The Curse of the Black Pearl (Original Motion Picture Soundtrack)
Out of Words,Pin Oak Reel,West My Friend,Place
Out of Words,River Flows in You,Yiruma,The Best - Reminiscent 10th Anniversary
Out of Words,Leaving Earth,Clint Mansell and EA Games Soundtrack,Mass Effect 3
Out of Words,Prophecy,Adrian Von Ziegler,The Celtic Collection
Out of Words,Rag,Bill Frisell,"The Best of Bill Frisell, Volume 1: Folk Songs"
Out of Words,Bright,Acoustic Labs,Solar Sky
Out of Words,"Comptine d'un autre été, l'après-midi",Yann Tiersen,Amelie from Montmartre
Out of Words,Classical Gas,Acoustic Labs,Revisited
Out of Words,Intro,The xx,xx
Out of Words,Perpetuum Mobile,Acoustic Labs,Revisited
Out of Words,Starry Veil,Acoustic Labs,Cinematix
Streaks of Light,Better Together,Jack Johnson,In Between Dreams
Streaks of Light,Bubble Toes,"Jack Johnson, Adam Topol, Merlo",Brushfire Fairytales (Bonus Version)
Streaks of Light,Set My Baby Free,Ian Brown,Golden Greats
Streaks of Light,Intro,M83,Hurry Up We're Dreaming
Streaks of Light,Never Know,Jack Johnson,In Between Dreams
Streaks of Light,Do You Remember,Jack Johnson,In Between Dreams
Streaks of Light,Warning Sign,Coldplay,A Rush of Blood to the Head
Streaks of Light,Sunshine,Matisyahu,Sunshine
Streaks of Light,Jerusalem,Matisyahu,Youth
Streaks of Light,No Way,The Naked And Famous,"Passive Me, Aggressive You"
Streaks of Light,Young Blood,The Naked And Famous,"Passive Me, Aggressive You"
Streaks of Light,Collie Man,Slightly Stoopid,"Surfdog So-Cal Comp ft. Slightly Stoopid, Wylde Bunch, B-Side Players, & Agent 51"
Streaks of Light,Joy,Iron & Wine,Ghost On Ghost
Streaks of Light,The Call - Live in London,Regina Spektor,Live in London
Streaks of Light,Starlight,Muse,Black Holes and Revelations
Streaks of Light,To Be Alone,Ben Howard,The Burgh Island EP
Streaks of Light,Burgh Island,"Ben Howard, Monica Heldal",The Burgh Island EP
Streaks of Light,"Flightless Bird, American Mouth",Iron & Wine,The Shepherd's Dog
Streaks of Light,Drive It Like You Stole It,The Glitch Mob,Drive It Like You Stole It - Single
Streaks of Light,Porcelain,Moby,Play & Play: B Sides
Streaks of Light,What The Water Gave Me,Florence + The Machine,Ceremonials (Deluxe Edition)
Streaks of Light,The Funeral,Band of Horses,Everything All The Time
Streaks of Light,Love Lost,The Temper Trap,Conditions
Streaks of Light,Paradise,Coldplay,Mylo Xyloto
Streaks of Light,Let Her Go,Passenger,All the Little Lights
Streaks of Light,Life's for the Living,Passenger,All the Little Lights
Streaks of Light,All I Ever Know,Trevor Hall,Everything Everytime Everywhere
Streaks of Light,California Soul,Marlena Shaw,The Spice Of Life
Streaks of Light,Sir Duke,Stevie Wonder,The Definitive Collection
Streaks of Light,Cold as Ice - 2008 Remaster,Foreigner,No End in Sight: The Very Best of Foreigner
Streaks of Light,Ocean - Live,John Butler Trio,Tin Shed Tales
Streaks of Light,Right Me Up,"Chadwick Stokes, State Radio",Us Against The Crown
Streaks of Light,I Got You,Jack Johnson,From Here To Now To You
Streaks of Light,Washing Dishes,Jack Johnson,From Here To Now To You
Streaks of Light,Radiate,Jack Johnson,From Here To Now To You
Streaks of Light,Ones And Zeros,Jack Johnson,From Here To Now To You
Streaks of Light,Home,Jack Johnson,From Here To Now To You
Streaks of Light,The Distance,CAKE,Fashion Nugget
Streaks of Light,The Guitar Man,CAKE,Pressure Chief
Streaks of Light,"Welcome Home, Son",Radical Face,Ghost
Streaks of Light,Freedom (Part 2) - Feat. Mason Jennings,The Beautiful Girls,Learn Yourself
Streaks of Light,Best Day Of My Life,American Authors,Best Day Of My Life
Streaks of Light,Shake It Out,Florence + The Machine,Ceremonials (Deluxe Edition)
Streaks of Light,Dream On,Aerosmith,Aerosmith's Greatest Hits
Streaks of Light,Oblivion (feat. Susanne Sundfør),"M83, Susanne Sundfør",Oblivion (feat. Susanne Sundfør)
Streaks of Light,Iris,The Goo Goo Dolls,Greatest Hits Volume One - The Singles
Streaks of Light,Fire by Night,Josh Garrels,Over Oceans
Streaks of Light,A Maker of My Time,The Paper Kites,Young North - EP
Streaks of Light,Who Knows Who Cares,Local Natives,Gorilla Manor
Streaks of Light,Wide Eyes,Local Natives,Gorilla Manor
Streaks of Light,Mind Over Matter,Young the Giant,Mind Over Matter
Streaks of Light,Anagram,Young the Giant,Mind Over Matter
Streaks of Light,Firelight,Young the Giant,Mind Over Matter
Streaks of Light,Camera,Young the Giant,Mind Over Matter
Streaks of Light,lovers’ carvings,Bibio,Ambivalence Avenue
Streaks of Light,Always Gold,Radical Face,The Family Tree: The Roots
Streaks of Light,Ghost Towns,Radical Face,The Family Tree: The Roots
Streaks of Light,Feeling Good,Michael Bublé,It's Time
Streaks of Light,Let Me Go,CAKE,Prolonging the Magic
Streaks of Light,Hello Alone,Charlie Winston,Running Still
Streaks of Light,Fortunate Son,Creedence Clearwater Revival,Chronicle: 20 Greatest Hits
Streaks of Light,Have You Ever Seen The Rain,Creedence Clearwater Revival,Chronicle: 20 Greatest Hits
Streaks of Light,Bad Moon Rising - Remastered 1985,Creedence Clearwater Revival,Chronicle: 20 Greatest Hits
Streaks of Light,Lookin' Out My Back Door,Creedence Clearwater Revival,Chronicle: 20 Greatest Hits
Streaks of Light,Don't Take The Girl,Tim McGraw,Number One Hits
Streaks of Light,Excuses,The Morning Benders,Big Echo
Streaks of Light,Long Time Traveller,The Wailin' Jennys,Firecracker
Streaks of Light,Over the Rainbow,Israel Kamakawiwo'ole,Alone In Iz World
Streaks of Light,From Finner,Of Monsters and Men,My Head Is An Animal
Streaks of Light,Sail,AWOLNATION,Megalithic Symphony
Streaks of Light,We Can Make The World Stop,The Glitch Mob,We Can Make the World Stop - EP
Streaks of Light,Grace of a Woman,Elephant Revival,These Changing Skies
Streaks of Light,Down to the Sea,Elephant Revival,These Changing Skies
Streaks of Light,The Obvious,Elephant Revival,These Changing Skies
Streaks of Light,Remembering a Beginning,Elephant Revival,These Changing Skies
Streaks of Light,Willing and Able,Elephant Revival,These Changing Skies
Streaks of Light,Over over And,Elephant Revival,These Changing Skies
Streaks of Light,New Soul,Yael Naim,Yael Naim
Streaks of Light,Pompeii,Bastille,All This Bad Blood
Streaks of Light,Your Hand In Mine,Explosions In The Sky,The Earth Is Not a Cold Dead Place
Streaks of Light,Mykonos,Fleet Foxes,Sun Giant
Streaks of Light,Two Coins,DISPATCH,Bang Bang [Remastered]
Streaks of Light,Wash Away,Matt Costa,Songs We Sing
Streaks of Light,Big Jet Plane - Radio Edit,Angus & Julia Stone,Big Jet Plane
Streaks of Light,Better Than Love,Griffin House,Flying Upside Down
Streaks of Light,In the Summertime (Re-Recorded),Mungo Jerry,Bubble Gum Jukebox Hits
Streaks of Light,Rivers and Roads,The Head And The Heart,The Head and the Heart
Streaks of Light,Soul Meets Body,Death Cab for Cutie,Plans
Streaks of Light,"Stay Alive - From ""The Secret Life of Walter Mitty"" Soundtrack",José González,Stay Alive (From The Secret Life Of Walter Mitty)
Streaks of Light,You're In My Heart (The Final Acclaim),Rod Stewart,The Definitive Collection - 1969-1978
Streaks of Light,Taro,alt-J,An Awesome Wave
Streaks of Light,Tessellate,alt-J,An Awesome Wave
Streaks of Light,Breezeblocks,alt-J,An Awesome Wave
Streaks of Light,The Ballad Of Love And Hate,The Avett Brothers,Emotionalism
Streaks of Light,Under the Bridge,Red Hot Chili Peppers,Greatest Hits
Streaks of Light,Naive,"Matt Phillips, Phil Harmonic",Move
Streaks of Light,Mr. Radio,"Matt Phillips, Phil Harmonic",Move
Streaks of Light,Fix You,Coldplay,X&Y
Streaks of Light,Hey Jude,The Beatles Recovered Band,30 Beatles Top Hits
Streaks of Light,Let It Be,The Beatles Recovered Band,30 Beatles Top Hits
Streaks of Light,Yesterday,The Beatles Recovered Band,30 Beatles Top Hits
Streaks of Light,Hunger of the Pine,alt-J,Hunger of the Pine
Streaks of Light,Soulshine,Gov't Mule,Live...With A Little Help From Our Friends
Streaks of Light,Cortez The Killer,Gov't Mule,Live...With A Little Help From Our Friends
Streaks of Light,Banks Of The Deep End,Gov't Mule,The Deep End Vol. 1
Streaks of Light,30 Days In The Hole,Gov't Mule,Live...With A Little Help From Our Friends
Streaks of Light,It Hurts Me Too (feat. Little Milton),Gov't Mule,Mulennium
Streaks of Light,Stars,Grace Potter & The Nocturnals,The Lion The Beast The Beat (Deluxe Edition)
Streaks of Light,Apologies,Grace Potter & The Nocturnals,This Is Somewhere
Streaks of Light,We're Going To Be Friends,The White Stripes,White Blood Cells
Streaks of Light,Drift Away (Rerecorded),Dobie Gray,Dobie Gray - His Very Best
Streaks of Light,Hello My Old Heart,The Oh Hellos,The Oh Hello's
Streaks of Light,Wings,Birdy,Wings
Streaks of Light,Left Hand Free,alt-J,Left Hand Free
Streaks of Light,Stubborn Love,The Lumineers,The Lumineers
Streaks of Light,3 Rounds And A Sound,Blind Pilot,3 Rounds And A Sound
Streaks of Light,Dust in the Wind,Kansas,The Best Of Kansas
Streaks of Light,Burning,The Whitest Boy Alive,Dreams
Streaks of Light,Save Tonight,Eagle-Eye Cherry,Desireless
Streaks of Light,Such Great Heights,The Postal Service,Give Up
Streaks of Light,Yellow,Coldplay,Parachutes
Streaks of Light,Bold As Winter,Adventure the Great,Adventure the Great EP
Streaks of Light,O Come O Come Emmanuel,Adventure the Great,Gnu's Room Christmas
Streaks of Light,"Oh, River",Sean Bruce,Daytime Hopes
Streaks of Light,If I Ever Feel Better,Phoenix,United
Streaks of Light,Thin Hope,West My Friend,When the Ink Dries
Streaks of Light,Is This Love,Bob Marley & The Wailers,Legend (Deluxe Edition)
Streaks of Light,Big Jet Plane,Angus & Julia Stone,Down The Way
Streaks of Light,For You,Angus & Julia Stone,Down The Way
Streaks of Light,Get Home,Angus & Julia Stone,Angus & Julia Stone (Deluxe)
Streaks of Light,Wherever You Are,Angus & Julia Stone,Angus & Julia Stone
Streaks of Light,Half Moon,Blind Pilot,We Are The Tide
Streaks of Light,New York,Blind Pilot,We Are The Tide
Streaks of Light,Broken Brights,Angus Stone,Broken Brights
Streaks of Light,Arrival in Nara,alt-J,This Is All Yours
Streaks of Light,Choice Kingdom,alt-J,This Is All Yours
Streaks of Light,Hunger of the Pine,alt-J,This Is All Yours
Streaks of Light,The Gospel of John Hurt,alt-J,This Is All Yours
Streaks of Light,Pusher,alt-J,This Is All Yours
Streaks of Light,"Bloodflood, Pt. II",alt-J,This Is All Yours
Streaks of Light,Lovely Day,alt-J,This Is All Yours
Streaks of Light,Four Seasons In One Day,"Paul Kelly, Angus Stone",He Will Have His Way - The Songs Of Tim & Neil Finn
Streaks of Light,Golden Cage,The Whitest Boy Alive,Dreams
Streaks of Light,Fireworks,The Whitest Boy Alive,Dreams
Streaks of Light,Done With You,The Whitest Boy Alive,Dreams
Streaks of Light,Don't Give Up,The Whitest Boy Alive,Dreams
Streaks of Light,Above You,The Whitest Boy Alive,Dreams
Streaks of Light,Inflation,The Whitest Boy Alive,Dreams
Streaks of Light,Figures,The Whitest Boy Alive,Dreams
Streaks of Light,Borders,The Whitest Boy Alive,Dreams
Streaks of Light,All Ears,The Whitest Boy Alive,Dreams
Streaks of Light,"Mrs. Robinson - From ""The Graduate"" Soundtrack",Simon & Garfunkel,Bookends
Streaks of Light,"Leaves That Are Green - Live at Lincoln Center, New York City, NY - January 1967",Simon & Garfunkel,"Live From New York City, 1967"
Streaks of Light,Sparrow,Simon & Garfunkel,"Wednesday Morning, 3 A.M."
Streaks of Light,Honey Jars,Bryan John Appleby,Fire on the Vine
Streaks of Light,"The Sound of Silence - Live at Lincoln Center, New York City, NY - January 1967",Simon & Garfunkel,"Live From New York City, 1967"
Streaks of Light,Imagine,Jack Johnson,Instant Karma: The Amnesty International Campaign To Save Darfur (Standard Version)
Streaks of Light,The Moon Song - Film Version,"Scarlett Johansson, Joaquin Phoenix",The Moon Song (Music from and Inspired by the Motion Picture Her)
Streaks of Light,Come What May,The Last Bison,VA
Streaks of Light,Olsen Olsen,Sigur Rós,Ágætis Byrjun
Streaks of Light,Free Bird,Lynyrd Skynyrd,Pronounced' Leh-'Nerd 'Skin-'Nerd
Streaks of Light,White Apple,Blind Pilot,We Are The Tide
Streaks of Light,Young Folks,Peter Bjorn and John,Writer's Block
Streaks of Light,Grow,Rae Morris,Grow
Streaks of Light,Sleep,The Last Bison,VA
Streaks of Light,Always,Blind Pilot,We Are The Tide
Streaks of Light,I Found,Amber Run,Pilot EP
Streaks of Light,Come Let Go,Xavier Rudd,White Moth
Streaks of Light,Teardrop,José González,In Our Nature
Streaks of Light,Dice,"Finley Quaye, William Orbit",Much More Than Much Love
Streaks of Light,Wash Away,Joe Purdy,Julie Blue
Streaks of Light,Little Giant,Roo Panes,Land of the Living EP
Streaks of Light,For What It's Worth,Buffalo Springfield,Buffalo Springfield
Streaks of Light,Pride and Joy,Brandi Carlile,Give Up The Ghost
Streaks of Light,Just One,Blind Pilot,We Are The Tide
Streaks of Light,Sideways,Citizen Cope,Seventeen: The Best New Music (Hear It First)
Streaks of Light,Summertime,Scarlett Johansson,Unexpected Dreams - Songs From The Stars
Streaks of Light,Eyes Closed,BADBADNOTGOOD,III
Streaks of Light,Mad World (feat. Gary Jules),Michael Andrews,Donnie Darko (Original Motion Picture Soundtrack)
Streaks of Light,Intro,The xx,xx
Streaks of Light,Confessions (feat. Leland Whitty),"BADBADNOTGOOD, Leland Whitty",III
Streaks of Light,Rag,Bill Frisell,"The Best of Bill Frisell, Volume 1: Folk Songs"
Streaks of Light,Bright,Acoustic Labs,Solar Sky
Streaks of Light,Boys & Girls,Alabama Shakes,Boys & Girls
Streaks of Light,The Minnow & The Trout,A Fine Frenzy,One Cell In The Sea
Streaks of Light,Carousel Ride,Rubblebucket,Survival Sounds
Streaks of Light,White Winter Hymnal,Fleet Foxes,Fleet Foxes
Streaks of Light,America,First Aid Kit,America
Streaks of Light,Casimir Pulaski Day,Sufjan Stevens,Illinois
Streaks of Light,Fanshawe,El Ten Eleven,El Ten Eleven
Streaks of Light,More Than Life,Whitley,The Submarine
Streaks of Light,Bloodflood,alt-J,An Awesome Wave
Streaks of Light,"Clothes, Friends, Photos",Peter and Kerry,"Clothes, Friends, Photos EP"
Streaks of Light,Europa,Tuck & Patti,Love Warriors
Streaks of Light,The War - Demo,Josh Record,The War
Streaks of Light,Wiseman,Slightly Stoopid,Everything You Need
Streaks of Light,Yesterdays - Buddha Remastered - 2000,Chet Atkins,Guitar Legend: The RCA Years
Streaks of Light,Hero,Family of the Year,Loma Vista
Streaks of Light,Sigur 3 (Untitled),Sigur Rós,(Untitled)
Streaks of Light,Cold Is the Night,The Oh Hellos,The Oh Hello's
Streaks of Light,Run,Daughter,Smother
Streaks of Light,Can't Leave The Night,BADBADNOTGOOD,III
Streaks of Light,Lay You Down / Song for Interlude - Live on the Resolution Tour,Matt Corby,Live on The Resolution Tour
Streaks of Light,New Slang,The Shins,"Oh, Inverted World"
Streaks of Light,Robots,Dan Mangan,"Nice, Nice, Very Nice"
Streaks of Light,A Little Piece,The Jezabels,Dark Storm
Streaks of Light,Simple Song,"The Shins, James Mercer",Port Of Morrow
Streaks of Light,Night,Adna,Night
Streaks of Light,Ghostwriter,RJD2,Deadringer: Deluxe
Streaks of Light,Medicine,Daughter,Wild Youth EP
Streaks of Light,The Words of the Revelator,Bryan John Appleby,Fire on the Vine
Streaks of Light,Pine for Cedars,Dan Mangan,"Nice, Nice, Very Nice"
Be Still,The Cascades,Fleet Foxes,Helplessness Blues
Be Still,Starry Veil,Acoustic Labs,Cinematix
Be Still,We Cried 'Anthem',Acoustic Labs,SoundScapes
Be Still,Numinous,Acoustic Labs,Solar Sky
Be Still,Bright,Acoustic Labs,Solar Sky
Be Still,Skyrim,Acoustic Labs,Desert Walk
Be Still,A River Flows in You,Acoustic Labs,Atmospheres
Be Still,Perpetuum Mobile,Acoustic Labs,Revisited
Be Still,Dark Flute,Jim Guthrie,Sword & Sworcery Lp: The Ballad Of The Space Babies
Be Still,Nursery Rhymes,French For Rabbits,Spirits
Taste the Breeze,Silver Moon,Roo Panes,Land of the Living EP
Taste the Breeze,Only Love,Ben Howard,Every Kingdom
Taste the Breeze,Little Giant,Roo Panes,Land of the Living EP
Taste the Breeze,White Apple,Blind Pilot,We Are The Tide
Taste the Breeze,Honey Jars,Bryan John Appleby,Fire on the Vine
Taste the Breeze,Thin Hope,West My Friend,When the Ink Dries
Taste the Breeze,3 Rounds And A Sound,Blind Pilot,3 Rounds And A Sound
Taste the Breeze,Hello My Old Heart,The Oh Hellos,The Oh Hello's
Taste the Breeze,Birds and Stars,Elephant Revival,These Changing Skies
Taste the Breeze,Remembering a Beginning,Elephant Revival,These Changing Skies
Taste the Breeze,Down to the Sea,Elephant Revival,These Changing Skies
Taste the Breeze,Ring Around The Moon,Elephant Revival,Elephant Revival
Taste the Breeze,Always Gold,Radical Face,The Family Tree: The Roots
Taste the Breeze,Fire by Night,Josh Garrels,Over Oceans
Taste the Breeze,Mykonos,Fleet Foxes,Sun Giant
Taste the Breeze,Joy,Iron & Wine,Ghost On Ghost
Taste the Breeze,Old Pine,Ben Howard,Every Kingdom
Taste the Breeze,More Than Life,Whitley,The Submarine
Taste the Breeze,"Autumn, Autumn, Autumn",Adventure the Great,Adventure the Great EP
Taste the Breeze,White Winter Hymnal,Fleet Foxes,Fleet Foxes
Taste the Breeze,Big Black Car,Gregory Alan Isakov,This Empty Northern Hemisphere
Taste the Breeze,Comes And Goes (In Waves),Greg Laswell,Three Flights From Alto Nido
Taste the Breeze,Casimir Pulaski Day,Sufjan Stevens,Illinois
Taste the Breeze,Get It Out,Blind Pilot,We Are The Tide
Taste the Breeze,Every Age,José González,Every age
Taste the Breeze,New Slang,The Shins,"Oh, Inverted World"
Taste the Breeze,Neil Young,Danny Schmidt,Parables and Primes
Taste the Breeze,Company of Friends,Danny Schmidt,Little Grey Sheep
Taste the Breeze,Cry On the Flowers,Danny Schmidt,Owls
Taste the Breeze,Cries of Shadows,Danny Schmidt,Owls
Taste the Breeze,A Heart Arcane,Horse Feathers,Cynic's New Year
Taste the Breeze,Untitled,Horse Feathers,Words Are Dead
Taste the Breeze,Drain You,Horse Feathers,Drain You b/w Bonnet of Briars - Digital 7 inch
Taste the Breeze,Albina,Horse Feathers,House With No Home
Taste the Breeze,In Our Blood,Horse Feathers,Words Are Dead
Sin,Dissolve Me,alt-J,An Awesome Wave
Sin,Ms,alt-J,An Awesome Wave
Sin,The High Road,"Broken Bells, Danger Mouse, James Mercer",Broken Bells
Sin,Heart it Races - As Played By Dr Dog,Architecture In Helsinki,Heart It Races
Sin,Majestic,Wax Fang,La La Land
Sin,Theory of Tides,Qualia,Ecliptic
Sin,Hustle,Tunng,...And Then We Saw Land
Sin,Sweater Weather,The Neighbourhood,I Love You.
Sin,Creature Fear,Bon Iver,"For Emma, Forever Ago"
Sin,The Start Of Something,Voxtrot,Raised By Wolves EP
Sin,Intro,The xx,xx
Sin,Crystalised,The xx,xx
Sin,Choice Kingdom,alt-J,This Is All Yours
Sin,Sunzal,Coasta,Sunzal EP
Sin,From Finner,Of Monsters and Men,My Head Is An Animal
Comfy,"An Ending, A Beginning",Dustin O'Halloran,Late Night Tales - Bonobo
Comfy,A Calf Born In Winter,Khruangbin,Late Night Tales - Bonobo
Comfy,Get Thy Bearings (feat. Szjerdene),"Bonobo, Szjerdene",Late Night Tales - Bonobo
Comfy,Flipside,Hypnotic Brass Ensemble,Late Night Tales - Bonobo
Comfy,The Traitor,Menahan Street Band,Late Night Tales - Bonobo
Comfy,Places,Shlohmo,Late Night Tales - Bonobo
Comfy,Confessions (feat. Leland Whitty),"BADBADNOTGOOD, Leland Whitty",III
Comfy,VIII. Juliet,Matthew Bourne,Late Night Tales - Bonobo
Comfy,South Congress,Airhead,Late Night Tales - Bonobo
Comfy,Sailing Out To Sea,Matthew Halsall,Late Night Tales - Bonobo
Comfy,Essence Of Sapphire,Dorothy Ashby,Late Night Tales - Bonobo
Comfy,Gigantic,EDDI FRONT,Late Night Tales - Bonobo
Comfy,Peace Piece,Bill Evans,Late Night Tales - Bonobo
Comfy,War,Hypnotic Brass Ensemble,Hypnotic Brass Ensemble
Comfy,Europa,Tuck & Patti,Love Warriors
Comfy,Yesterdays - Buddha Remastered - 2000,Chet Atkins,Guitar Legend: The RCA Years
Comfy,Intro,The xx,xx
Comfy,Ghostwriter,RJD2,Deadringer: Deluxe
Comfy,Burning,The Whitest Boy Alive,Dreams
Comfy,Golden Cage,The Whitest Boy Alive,Dreams
Comfy,So Rare - Remastered,Chet Atkins,Guitar Legend: The RCA Years
Comfy,"Walk, Don't Run - Buddha Remastered - 2000",Chet Atkins,Guitar Legend: The RCA Years
Comfy,Can't Leave The Night,BADBADNOTGOOD,III
Comfy,You Look Good In Orange,Charlie Hunter,"Gentlemen, I Neglected To Inform You You Will Not Be Getting Paid"
Comfy,Rust Belt,"Charlie Hunter, Scott Amendola",Not Getting Behind Is The New Getting Ahead
Comfy,Guitars On Parade - Buddha Remastered - 2000,Chet Atkins,Guitar Legend: The RCA Years
Comfy,In A Sentimental Mood,"Duke Ellington, John Coltrane",Meets Coleman Hawkins / And John Coltrane
Comfy,When I'm Small,Phantogram,Eyelid Movies
Live and Let Drift,A Walk,Tycho,Dive
Live and Let Drift,Elegy,Tycho,Dive
Live and Let Drift,Two Fish and an Elephant,Khruangbin,The Universe Smiles Upon You
Live and Let Drift,Intro,The xx,xx
Adrift,Open,Rhye,Woman
Adrift,Angels,The xx,Coexist
Adrift,Miracle,Blackmill,Miracle
Adrift,Intro,M83,Hurry Up We're Dreaming
Adrift,Hide and Seek,Imogen Heap,Speak For Yourself
Adrift,"Welcome Home, Son",Radical Face,Ghost
Adrift,Bonfires,Blue Foundation,Sweep Of Days
Adrift,Intro,The xx,xx
Adrift,Move On,Garden City Movement,Entertainment
Adrift,Don't Move,Phantogram,Nightlife
Adrift,Love Is a Bitch,Two Feet,Love Is a Bitch
Adrift,Sweater Weather,The Neighbourhood,I Love You.
"Air, Sweet Air",Ghost,Folly and the Hunter,Tragic Care
"Air, Sweet Air",Parasol,Jonquil,Whistle Low - EP
"Air, Sweet Air",Clementine,Sarah Jaffe,Suburban Nature
"Air, Sweet Air",Throw Your Arms Around Me,Summer Fiction,Summer Fiction
"Air, Sweet Air",The End,Peasant,Shady Retreat
"Air, Sweet Air",Speed Of Sound,Communist Daughter,Soundtrack To The End
"Air, Sweet Air",Serpentine,Chris Bathgate,A Cork Tale Wake
"Air, Sweet Air",Search and Destroy,Sanders Bohlke,Search and Destroy
"Air, Sweet Air",Buildings & Mountains,The Republic Tigers,Keep Color
"Air, Sweet Air",Cora Cora,"dana falconberry, The Medicine Bow",From the Forest Came the Fire
"Air, Sweet Air",Blurry Nights,Hayden,Us Alone
"Air, Sweet Air",If It Goes,Malena Zavala,If It Goes
Settle In,Southern Skies,Yuck,Southern Skies
Settle In,Nothing Brings Me Down,Emilíana Torrini,Fisherman's Woman
Settle In,Home Sweet Home,Lady Of The Sunshine,Smoking Gun
Settle In,The Match,The Eastern Sea,Plague
Settle In,Cora Cora,"dana falconberry, The Medicine Bow",From the Forest Came the Fire
Settle In,Blurry Nights,Hayden,Us Alone
Settle In,Parasol,Jonquil,Whistle Low - EP
Settle In,Clementine,Sarah Jaffe,Suburban Nature
Settle In,Between The Bars,Elliott Smith,Either/Or
Settle In,One Lovely Day,Citizen Cope,One Lovely Day
Settle In,Mouthful of Diamonds,Phantogram,Eyelid Movies
Settle In,The End,Peasant,Shady Retreat
Settle In,Ways,Ruby the RabbitFoot,New As Dew
Settle In,Drift,Ratatat,Magnifique
Settle In,More Streets,zpiderflower,"I, Zpi"
Settle In,You Wish,Nightmares On Wax,In A Space Outta Sound
Morning Sunshine,Come Let Go,Xavier Rudd,White Moth
Morning Sunshine,Two Coins,DISPATCH,Bang Bang
Morning Sunshine,"Freedom, Pt. 2",The Beautiful Girls,Learn Yourself
Morning Sunshine,Bubble Toes,Jack Johnson,Brushfire Fairytales (Remastered) [Bonus Version]
Morning Sunshine,Banana Pancakes,Jack Johnson,In Between Dreams
Morning Sunshine,Sideways,Citizen Cope,The Clarence Greenwood Recordings
Morning Sunshine,One Lovely Day,Citizen Cope,One Lovely Day
Morning Sunshine,"Hey You, Hello",Ghost Brothers,Reach
Morning Sunshine,Let's Ride,Ghost Brothers,Reach
Morning Sunshine,Morning Sun,The Beautiful Girls,Morning Sun
Morning Sunshine,Danny Boy - Live,John Butler Trio,Tin Shed Tales
Morning Sunshine,Music,The Beautiful Girls,Learn Yourself
Morning Sunshine,Meant to Be - Acoustic,Rebelution,Peace of Mind (Deluxe)
Morning Sunshine,Wiseman,Slightly Stoopid,Live & Direct: Acoustic Roots
Soft Lift Off,Umbilical Moonrise,Lotus ,Germination
Soft Lift Off,Good To Sea,Pinback,Autumn of the Seraphs
Soft Lift Off,Mr. White,Khruangbin,The Universe Smiles Upon You
Soft Lift Off,My Only Swerving,El Ten Eleven,El Ten Eleven
Soft Lift Off,Sorry About Your Irony,El Ten Eleven,El Ten Eleven
Soft Lift Off,Connie,El Ten Eleven,El Ten Eleven
Soft Lift Off,Two Fish and an Elephant,Khruangbin,The Universe Smiles Upon You
Soft Lift Off,Elegy,Tycho,Dive
Soft Lift Off,A Walk,Tycho,Dive
Acoustic Labs,Skyrim,Acoustic Labs,Desert Walk
Acoustic Labs,Lux Aeterna,Acoustic Labs,Revisited
Acoustic Labs,Game of Thrones,Acoustic Labs,Desert Walk
Acoustic Labs,A River Flows in You,Acoustic Labs,Atmospheres
Acoustic Labs,Promentory (The Last of the Mohicans),Acoustic Labs,Revisited
Acoustic Labs,Starry Veil,Acoustic Labs,Cinematix
Acoustic Labs,"All You Weary, Welcome Here",Acoustic Labs,Cinematix
Acoustic Labs,A Mysterious Gale,Acoustic Labs,SoundScapes
Acoustic Labs,We Cried 'Anthem',Acoustic Labs,SoundScapes
Acoustic Labs,Numinous,Acoustic Labs,Solar Sky
Acoustic Labs,Bright,Acoustic Labs,Solar Sky
Acoustic Labs,Cascade,Acoustic Labs,Desert Walk
Acoustic Labs,Classical Gas,Acoustic Labs,Revisited
Spiritual,Norupo,Heilung,Futha
Spiritual,Krigsgaldr,Heilung,Ofnir
Spiritual,Wolf Totem (feat. Jacoby Shaddix of Papa Roach),"The HU, Jacoby Shaddix, Papa Roach",Wolf Totem (feat. Jacoby Shaddix of Papa Roach)
Slow Down,Loving,Surfaces,Surf
Slow Down,The Girl I Haven't Met (Biskwiq Flip),"Biskwiq, Kudasaibeats",Good Morning Say It Back
Slow Down,A First Date,Biskwiq,Good Morning Say It Back
Slow Down,Your Soul,"Forrest., Biskwiq",Warm
Slow Down,Caught in the Rain,Burbank,Nights
Slow Down,Bop,Through & Through,Homebody
Slow Down,Moonlights,Burbank,Nights
Slow Down,Losing Time,"Sarcastic Sounds, Chase Huglin",Losing Time
Lifo,Blankets,Aso,Home
Lifo,french inhale,[bsd.u],Lighter
Lifo,memories of you,[bsd.u],Lighter
Lifo,Bebop,[bsd.u],A Sad Kind of Bliss
Lifo,pook,[bsd.u],pook
Lifo,lemon haze,"[bsd.u], GRIMM Doza","late night bumps, Vol. 4"
Lifo,The Girl I Haven't Met (Biskwiq Flip),"Biskwiq, Kudasaibeats",Good Morning Say It Back
Lifo,Fantasy,Killer Bee,Venus
Lifo,IRL,Killer Bee,Otaku
Lifo,Words Remain,Moderator,The World Within
Lifo,Loving,Surfaces,Surf
"Pagan, Pt. 2 – Vitalism","Pagan, Pt. 2",Vitalism,SY
We Should Listen,Sleep Paralysis,Vinnie Dewayne,Duality - EP
We Should Listen,Twenty Five (feat. Kam De La),"Mir Fontane, Kam De La",Who's Watching the Kids
We Should Listen,Lightwaves,Macntaj,Lightwaves
We Should Listen,Baptize (with JID & EARTHGANG feat. Ant Clemons),"Spillage Village, JID, EARTHGANG, Ant Clemons",Spilligion
My Heart After 2,Everything Is Free (feat. Flock of Dimes),"Sylvan Esso, Flock of Dimes",Don't Dream It's Over / Everything Is Free
My Heart After 2,Little Bird,Livingmore,Little Bird - Single
My Heart After 2,Strings Attached,Opia,Strings Attached
My Heart After 2,Sonsick,San Fermin,San Fermin
My Heart After 2,Curse + Crush,DISPATCH,"America, Location 12"
My Heart After 2,Blurry Nights,"Hayden, Lou Canon",Us Alone
My Heart After 2,Clementine,Sarah Jaffe,Suburban Nature
My Heart After 2,Fast Talk,Houses,Drugstore Heaven
My Heart After 2,Into the Spin,Dessa,"Castor, the Twin"
My Heart After 2,The Plains / Bitter Dancer,Fleet Foxes,Helplessness Blues
My Heart After 2,The Minnow & The Trout,A Fine Frenzy,One Cell In The Sea
My Heart After 2,The Ballad of Love and Hate,The Avett Brothers,Emotionalism (Bonus Track Version)
My Heart After 2,Changing Colors,Ramesh and Emeen,Changing Colors
My Heart After 2,Young Adult,Ritt Momney,Young Adult
My Heart After 2,Say My Name,Briston Maroney,Sunflower
My Heart After 2,The Comedown,Rainbow Kitten Surprise,RKS
Glass Castle,Another Miracle,Feed The Biirds,Another Miracle
Glass Castle,Mineshaft II,Dessa,A Badly Broken Code
Glass Castle,Dixon's Girl,Dessa,"Castor, the Twin"
Glass Castle,5 out of 6,Dessa,Chime
Glass Castle,Fire Drills,Dessa,Chime
Glass Castle,September,Ayoni,Iridescent
Glass Castle,Divine,Ayoni,Iridescent
Glass Castle,Unmoved (A Black Woman Truth),Ayoni,Unmoved (A Black Woman Truth)
Glass Castle,Wishful Drinking,Tessa Violet,Bad Ideas
Lights Out,Champagne,K.Flay,Every Where Is Some Where
Lights Out,Hey Everybody,Rubblebucket,Survival Sounds
Lights Out,This Too Shall Pass,Danny Schmidt,Parables and Primes
Lights Out,Slaughterhouse,Kai Straw,The Tragedian's Decoupage
Lights Out,Pinocchio: A Soliloquy,Kai Straw,The Tragedian's Decoupage
Knock Me Conscious,Smells Like Teen Spirit,Nirvana,Nevermind (Remastered)
Knock Me Conscious,Song 2 - 2012 Remaster,Blur,Blur (Special Edition)
Knock Me Conscious,Blue Orchid,The White Stripes,Get Behind Me Satan
Knock Me Conscious,Drain You,Nirvana,Nevermind (Deluxe Edition)
Knock Me Conscious,Icky Thump,The White Stripes,Icky Thump
Knock Me Conscious,Future Starts Slow,The Kills,Blood Pressures
Knock Me Conscious,How I Could Just Kill a Man,Rage Against The Machine,Renegades
Knock Me Conscious,Plush Interior (feat. Watsky),"Vinyl Spectrum, Watsky",Plush Interior (feat. Watsky)
Knock Me Conscious,(Don't Fear) The Reaper,Blue Öyster Cult,Agents Of Fortune
Knock Me Conscious,Godzilla,Blue Öyster Cult,Spectres
Knock Me Conscious,Fell In Love With A Girl,The White Stripes,White Blood Cells
Knock Me Conscious,"Steady, As She Goes",The Raconteurs,Broken Boy Soldiers
Knock Me Conscious,Are You Gonna Be My Girl,Jet,Get Born
Knock Me Conscious,Island In The Sun,Weezer,Weezer
Knock Me Conscious,U.Y.M.,Destiny Potato,Lun
Knock Me Conscious,Brutus,The Buttress,Brutus
Sheer,Animus Vox,The Glitch Mob,Drink the Sea
Sheer,Teardrop,José González,In Our Nature
Sheer,Hey Everybody,Rubblebucket,Survival Sounds
Sheer,Whatever Gets You By,The Features,Some Kind of Salvation
Sheer,"Hold It, Kid (Your Heart Just Skipped a Beat)",The Weeks,Comeback Cadillac
Sheer,Sail,AWOLNATION,Megalithic Symphony Deluxe
Sheer,Firestorm,Danny Schmidt,Instead The Forest Rose To Sing
Sheer,Jackie Boy,Omar LinX,City Of Ommz
Sheer,First Defeat,Noah Gundersen,Ledges
Sheer,When the Ink Dries,West My Friend,When the Ink Dries
Sheer,Black Eyes,Radical Face,The Family Tree: The Roots (Deluxe Edition)
Sheer,Ghost Towns,Radical Face,The Family Tree: The Roots
We're Back,Nobody Cares,Superorganism,Nobody Cares
We're Back,If You Met Her,Palehound,A Place I'll Always Go
We're Back,Helah,Mauno,Tuning
We're Back,It's All Good,Superorganism,It's All Good
We're Back,Silver,Waxahatchee,Out in the Storm
We're Back,Slip Away,Perfume Genius,No Shape
We're Back,Motion Sickness,Phoebe Bridgers,Stranger in the Alps
We're Back,It Gets More Blue,Girlpool,Powerplant
We're Back,Funeral,Phoebe Bridgers,Stranger in the Alps
We're Back,Twin Size Mattress,The Front Bottoms,Talon Of The Hawk
Swell,The First Days Of Spring,Noah And The Whale,The First Days Of Spring
Swell,Bonfires,Blue Foundation,Sweep Of Days
Swell,Miracle,Blackmill,Miracle
Swell,First Breath After Coma,Explosions In The Sky,The Earth Is Not a Cold Dead Place
Swell,The Funeral,Band of Horses,Everything All The Time
Swell,"Welcome Home, Son",Radical Face,Ghost
Swell,Baleen Morning,Balmorhea,Balmorhea
Swell,Iris,The Goo Goo Dolls,Greatest Hits Volume One - The Singles
Swell,Always Gold,Radical Face,The Family Tree: The Roots
Swell,Your Hand In Mine,Explosions In The Sky,The Earth Is Not a Cold Dead Place
Swell,Better Than Love,Griffin House,Flying Upside Down
Swell,Just A Boy,Angus & Julia Stone,A Book Like This
Swell,Skyrim,Acoustic Labs,Desert Walk
Swell,Taro,alt-J,An Awesome Wave
Swell,Blood,The Middle East,The Recordings of the Middle East
Swell,"Stay Alive - From ""The Secret Life of Walter Mitty"" Soundtrack",José González,Stay Alive (From The Secret Life Of Walter Mitty)
Swell,3 Rounds And A Sound,Blind Pilot,3 Rounds And A Sound
Swell,Not About Angels,Birdy,Not About Angels
Swell,Thin Hope,West My Friend,When the Ink Dries
Swell,New York,Blind Pilot,We Are The Tide
Swell,The Gospel of John Hurt,alt-J,This Is All Yours
Swell,Pusher,alt-J,This Is All Yours
Swell,Grow,Rae Morris,Grow
Swell,Big Eyes,Matt Corby,Into the Flame
Swell,I Found,Amber Run,Pilot EP
Swell,Bright,Acoustic Labs,Solar Sky
Swell,America,First Aid Kit,America
Swell,Casimir Pulaski Day,Sufjan Stevens,Illinois
Swell,Bloodflood,alt-J,An Awesome Wave
Swell,The War - Demo,Josh Record,The War
Swell,Resolution,Matt Corby,Resolution
Swell,Runaway - Live on the Resolution Tour,Matt Corby,Live on The Resolution Tour
Swell,Night,Adna,Night
Swell,The Winter,Balmorhea,Rivers Arms
Swell,Medicine,Daughter,Wild Youth EP
Swell,Every Age,José González,Every age
Swell,Neil Young,Danny Schmidt,Parables and Primes
Swell,Hey Everybody,Rubblebucket,Survival Sounds
Swell,Lazy Eye,Silversun Pickups,Carnavas
Tar Toes,People Turn Around,Delta Spirit,I Think I've Found It
Tar Toes,Seeds Of Night,The Cave Singers,Invitation Songs
Tar Toes,Blue Eyes,Middle Brother,Middle Brother
Tar Toes,Beach House,The Cave Singers,Welcome Joy
Tar Toes,The Way We Move,"Langhorne Slim, The Law",The Way We Move
Tar Toes,Lessons,Ha Ha Tonka,Lessons
Tar Toes,Usual Suspects,Ha Ha Tonka,Death of a Decade
Tar Toes,You Lit Up the Night,Ha Ha Tonka,Buckle in the Bible Belt
Tar Toes,Architect,"Manchester Orchestra, Frightened Rabbit",Architect
Tar Toes,Home,Will Hanson,Hope On Top
Tar Toes,Minds Awake,Rumspringa,Rumspringa EP
Tar Toes,Shak'em Loose Tonight,Rumspringa,Rumspringa EP
Tar Toes,The Breeze,Dr. Dog,Fate
Tar Toes,Goin' Home,Dan Auerbach,Keep It Hid
Tar Toes,In Her Loving Memory,Will Hanson,Moving a Body
Tar Toes,Art Isn't Real (City Of Sin),Deer Tick,War Elephant
Tar Toes,Standing At The Threshold,Deer Tick,War Elephant
Tar Toes,These Old Shoes,Deer Tick,War Elephant
Tar Toes,Birmingham,Shovels & Rope,O' Be Joyful
BackToIt,Sleeptalking,"Just A Gent, Greta Stanley",Sleeptalking
BackToIt,Nova,"Just A Gent, Jacknife",Nova
BackToIt,The Change - Just A Gent Remix,"What So Not, DMA'S, Just A Gent",The Change (Just A Gent Remix)
BackToIt,No Time Left,"Just A Gent, SAYAH",No Time Left
BackToIt,Living in a Dream (feat. Natalie Major) [Just A Gent & Luceo Remix],"Quinn Karter, Just A Gent, Luceo, Natalie Major",Living in a Dream (feat. Natalie Major) [Just A Gent & Luceo Remix]
BackToIt,ELEMENT 13,Just A Gent,AUTOPILOT
BackToIt,Overrated,Esseks,Bad Cartoons
BackToIt,Shortbus - G-Space Remix,"Esseks, G-Space",Esseks - Shortbus (G-Space Remix)
BackToIt,Professor Genius,"Space Jesus, Esseks",Professor Genius
BackToIt,Ellie's Nap,Esseks,Ellie's Nap
BackToIt,Bad Cartoons,Esseks,Bad Cartoons
BackToIt,Yougotme,Esseks,Bad Cartoons
BackToIt,Mannequin Skywalker,"Space Jesus, Esseks",Dopplebangers
BackToIt,Look at the Stars,Motifv,The Path
BackToIt,Fog & Fear,"Great Dane, Katya Grasso",Gamma Ray
BackToIt,From Tha Back Miss The Rage (Interlude),framed,From Tha Back Miss The Rage (Interlude)
ElecBlu Jazz,Like That,"NGHTMRE, Big Gigantic",Like That
ElecBlu Jazz,Make Me Feel Good,Zoogma,A Future in Blue
ElecBlu Jazz,Slap Me - GRiZ Remix,"Kill Paris, Griz",To A New Earth EP
ElecBlu Jazz,Before I Go,"GRiZ, Leo Napier",Good Will Prevail
ElecBlu Jazz,Life Goes on (feat. GRiZ),"Manic Focus, GRiZ",Cerebral Eclipse
ElecBlu Jazz,Groove,TORN,Groove
ElecBlu Jazz,Moreland Ave Blues,Daily Bread,Big Beat Ignition: Denver
ElecBlu Jazz,She Walks Too Slow,"Derlee, Daily Bread, Obeah",Divided Souls
ElecBlu Jazz,Down The Road,C2C,Tetra
ElecBlu Jazz,Summer Fling,The Floozies,Funk Jesus
ElecBlu Jazz,What It Is,Zoogma,What It Is
Boots 'n' Cat,Trouble,"Feed Me, KANEHOLLER",Feed Me's Family Reunion
Boots 'n' Cat,The Fall,Dabin,Two Hearts
Boots 'n' Cat,Infinite,Notaker,Infinite
Boots 'n' Cat,Abyss,Notaker,"We Are Friends, Vol. 6"
Boots 'n' Cat,Born In The Flames,Notaker,Born In The Flames
Boots 'n' Cat,Serpent of Old (feat. Ciscandra Nostalgia),"Seven Lions, Ciscandra Nostalgia",Serpent Of Old (feat. Ciscandra Nostalghia)
Boots 'n' Cat,Tyven,Seven Lions,Polarize EP
Boots 'n' Cat,Dreams,"NERO, ZHU",Dreams
Boots 'n' Cat,Edge,Rezz,The Silence Is Deafening
Boots 'n' Cat,All Is Lost,"Getter, nothing,nowhere.",Visceral
Boots 'n' Cat,Neck And Neck - DNMO Remix,"Zeds Dead, Dragonette, DNMO",Northern Lights (Remixes)
Boots 'n' Cat,Olives,Dreamers Delight,Awake - EP
Boots 'n' Cat,Machines Can Be Our Friends,Champagne Drip,Of Course I Still Love You
Take Me There,I Wanna Go,Summer Heart,About A Feeling
Take Me There,Venice Venture,Big Wild,Venice Venture
Take Me There,When I Get There,Big Wild,Invincible EP
Take Me There,Empty Room - Sofi Tukker Remix,"Big Wild, Yuna, SOFI TUKKER",Empty Room
Take Me There,For The Love (Big Wild Remix),"GRiZ, Big Wild, Talib Kweli",For The Love (Remixes) - EP
Take Me There,Show Me,"Big Wild, Hundred Waters",Show Me
Take Me There,Aftergold (feat. Tove Styrke),"Big Wild, Tove Styrke",Aftergold
Take Me There,North End Nightlife,Headphone Activist,North End Nightlife
Take Me There,Cloud City,Headphone Activist,Cloud City
Take Me There,The Enigma of Copyright,Headphone Activist,The Enigma of Copyright
Take Me There,One Day They'll Know (ODESZA Remix),Pretty Lights,A Color Map of the Sun (Remixes)
Take Me There,Thief,Ookay,Thief
Take Me There,Line Of Sight,"ODESZA, WYNNE, Mansionair",A Moment Apart
Take Me There,Light,San Holo,Light
Take Me There,Slow Down Love (feat. Chelsea Cutler),"Louis The Child, Chelsea Cutler",Love Is Alive EP
Take Me There,Indian Summer,Jai Wolf,Indian Summer
Take Me There,Drifter,Hippie Sabotage,Drifter
Take Me There,Starlight,"Jai Wolf, Mr Gabriel",Starlight
Take Me There,Outro,M83,"Hurry Up, We're Dreaming"
Take Me There,Night Drive,Rob Simonsen,Nerve (Original Motion Picture Soundtrack)
Take Me There,Places We Don't Know,Kasbo,Places We Don't Know
Take Me There,Bara Du,Kasbo,Places We Don't Know
Take Me There,Found You,"Kasbo, Chelsea Cutler",Found You
Cruisin',Cry,"Alison Wonderland, Buddy",Awake
Cruisin',Onlysmokecigsontheweekend,"Walkabout, Chris Ryan",Onlysmokecigsontheweekend
Cruisin',Last Call (feat. Fembot),"Brevner, Fembot",Brevner [EP]
Cruisin',Running Away,"Taska Black, DROELOE, CUT_",Running Away
Cruisin',Tiny Cities (feat. Beck),"Flume, Beck",Skin
Cruisin',Chasing Tail (Madnap Remix),"Win and Woo, Madnap",Chasing Tail (Madnap Remix)
Cruisin',&burn,"Billie Eilish, Vince Staples",Alternative Sugar
Cruisin',Tonight,"Kidswaste, Manila Killa",Tonight
Cruisin',Lost My Mind,"Dillon Francis, Alison Wonderland",Lost My Mind
Cruisin',Higher (feat. Chance the Rapper & Blue Hawaii) - Remix,"Brian Fresco, Just A Gent, Chance the Rapper, Blue Hawaii",Higher (feat. Chance the Rapper & Blue Hawaii) [Remix]
Cruisin',Never Gonna Catch Me,"El Speaker, Skan",Never Gonna Catch Me
Cruisin',Divide,"ODESZA, Kelsey Bulkin",A Moment Apart
Cruisin',Got It,Marian Hill,Sway
Cruisin',Subtle Thing,Marian Hill,Unusual
Cruisin',I Want You,Marian Hill,ACT ONE (The Complete Collection)
Cruisin',oh yeah i love u,"Marian Hill, Steve Davit",ACT ONE (The Complete Collection)
Cruisin',It's Strange (feat. K.Flay),"Louis The Child, K.Flay",It's Strange (feat. K.Flay)
Cruisin',STFD,TeZATalks,Chaos
Cruisin',No Notifications,"Mihka!, Kyoto Black",No Notifications
Cruisin',Homebound,DROELOE,A Moment In Time
Cruisin',Step Down (feat. CRNKN) - CRNKN Remix,"Elliphant, CRNKN",Step Down (Remixes)
Cruisin',Photograph,Kai Wachi,DEMIGOD
Cruisin',High Highs to Low Lows,Lolo Zouaï,High Highs to Low Lows
Cruisin',lift me from the ground,"San Holo, Sofie Winterson",album1
Cruisin',U Don't Know - Vincent Remix,"Alison Wonderland, Wayne Coyne, Vincent",Run (Deluxe Edition - Remixes)
Cruisin',Way Up (feat. Ava Re),"Floduxe, Ava Re",Way Up (feat. Ava Re)
Cruisin',Same Same,SoDown,Same Same
Cruisin',With You,"SoDown, Moontricks, Carly Lynn",With You
Cruisin',She Wanna,"SoDown, TruFeelz",She Wanna
Cruisin',Stacked,TruFeelz,Stacked
Cruisin',Nothing to Lose,"The Floozies, Gibbz, Eric Benny Bloom",Funk Jesus
Meet Me at Ganymede,Remain as You Are,Azedia,Remain as You Are
Meet Me at Ganymede,Chasing Heaven,"Bassnectar, Levit∆te",Into the Sun
Meet Me at Ganymede,Slow Dive,Seven Lions,Where I Won't Be Found
Meet Me at Ganymede,To a Friend,Electus,Musical Hallucinations
Meet Me at Ganymede,Rise & Fall,"Adventure Club, Krewella",Rise & Fall
Meet Me at Ganymede,Requiem for the New World,Azedia,Requiem for the New World
Meet Me at Ganymede,Emotion,Uppermost,Emotion
Meet Me at Ganymede,Lake,Janee,Lake
Meet Me at Ganymede,Intro,Janee,Organics
Meet Me at Ganymede,What Are You Doing Here (feat. Casey Breves),"Janee, Casey Breves",What Are You Doing Here (feat. Casey Breves)
Meet Me at Ganymede,New Beginnings,Daydreamer,Senses
Humm,Touch,Grand Pavilion,Touch
Humm,Home Cooked,Hurley Mower,Home Cooked
Humm,Warm,Joey Pecoraro,Little Pear
Humm,Bottom End,"What So Not, Dyro",Not All The Beautiful Things
Humm,One Thing,San Holo,One Thing
Humm,Home Alone,Ansel Elgort,Home Alone
Humm,Our Demons - filous Remix,"The Glitch Mob, Aja Volkman, filous",Our Demons (filous Remix)
Humm,One and Only,"Leska, Lia Kuri",One and Only
Humm,Lilith (feat. Apashe & Madi),"Dabin, Apashe",Lilith (feat. Apashe & Madi)
Humm,When I Get There,Big Wild,Invincible EP
Humm,Jaigantic (Galimatias Remix),"Tora, Galimatias",Jaigantic (Galimatias Remix)
Humm,The Little Things - Kasbo Remix,"Big Gigantic, Kasbo, Angela McCluskey",The Little Things (Kasbo Remix)
Humm,In the Dark,TeZATalks,In the Dark
Humm,Read My Mind,Geographer,Read My Mind
Humm,Higher (feat. Chance the Rapper & Blue Hawaii) - Remix,"Brian Fresco, Just A Gent, Chance the Rapper, Blue Hawaii",Higher (feat. Chance the Rapper & Blue Hawaii) [Remix]
Humm,Beam,Petit Biscuit,Presence
Humm,I'm With You,JVNA,I'm With You
Humm,Closer,Slow Magic,How To Run Away
Something Good,Frontlines,"Zeds Dead, NGHTMRE, GG Magree",Northern Lights
Something Good,Limelight (NGHTMRE Remix),"Just A Gent, NGHTMRE",Limelight (NGHTMRE Remix)
Something Good,Circles,"machineheart, Vanic",Circles
Something Good,The Buzz,"Hermitude, Mataya, Young Tapz",Dark Night Sweet Light
Something Good,Masked Heroes,Vexento,Masked Heroes
Something Good,Roses,"The Chainsmokers, ROZES",Roses
Something Good,Bloodstream,Transviolet,Transviolet
Something Good,Girls Your Age,Transviolet,Transviolet
Something Good,Live This Nightmare - NGHTMRE Remix,"The Griswolds, NGHTMRE",Live This Nightmare (NGHTMRE Remix)
Something Good,Faded - Odesza Remix,"ZHU, ODESZA",Faded (The Remixes)
Something Good,Don't Let Me Down - W&W Remix,"The Chainsmokers, Daya, W&W",Don't Let Me Down (Remixes)
Something Good,Skullclub,The Glitch Mob,Love Death Immortality
Something Good,Be Free,"Aero Chord, Klaypex",Be Free
Something Good,Hate Being Sober,DOTcom,Make It Go
Something Good,Glitter & Gloss,Skott,Glitter & Gloss
Something Good,White Noise (R3hab Remix),"Ella Vos, R3HAB",White Noise (R3hab Remix)
Something Good,Amelia,Skott,Amelia
Something Good,How Did I Get Here,ODESZA,Summer's Gone
Something Good,It Won't Kill Ya,"The Chainsmokers, Louane",Memories...Do Not Open
Something Good,Clear,"Pusher, MOTHICA",Clear
Something Good,Blame,"Ekali, ZHU",Blame
The Door,Midway,Bad Bad Hats,Psychic Reader
The Door,Adore,Amy Shark,Adore
The Door,Amelia,Skott,Amelia
The Door,How Did I Get Here,ODESZA,Summer's Gone
All I Really Need,All I Really Need,"Vindata, Kenzie May",For One to Follow
All I Really Need,Outer Space,"G, Genevieve",Outer Space
All I Really Need,High You Are,"What So Not, Branchez",High You Are (Remixes)
All I Really Need,Paia,Wild Ones,Keep It Safe
All I Really Need,ocean eyes,Billie Eilish,dont smile at me
All I Really Need,Space Tree,Medium Troy,Space Tree
All I Really Need,Marfa,S. Carey,Hoyas
All I Really Need,Jungle,Tash Sultana,Notion - EP
All I Really Need,Amongster,POLIÇA,Give You The Ghost
All I Really Need,Young,Vallis Alps,Vallis Alps
All I Really Need,Clouds,IHF,Floating EP
EDMish,Low,TRACE,Low - EP
EDMish,heartsigh,Purity Ring,another eternity
EDMish,Bulletproof,La Roux,La Roux
EDMish,Roses,"The Chainsmokers, ROZES",Roses
EDMish,Inside Out,"The Chainsmokers, Charlee",Inside Out
EDMish,Eyes Closed,Vexento,The Silent Miracle
EDMish,Sunny,Papa Ya,Sunny
EDMish,Masked Heroes,Vexento,Masked Heroes
EDMish,Highscore,"Panda Eyes, Teminite",Kiko
EDMish,Your Girl,Violet Days,Your Girl
EDMish,Bloodstream,Transviolet,Transviolet
EDMish,Girls Your Age,Transviolet,Transviolet
EDMish,Louder (feat. Sian Evans) - Doctor P & Flux Pavillion Remix,"DJ Fresh, Sian Evans, J. Steele AKA Flux Pavillion, S. Brockhurst AKA Doctor P.",Louder EP
EDMish,Stop Trippin' (feat. iDA Hawk) [NGHTMRE Remix],"GRiZ, iDA HAWK, NGHTMRE",Stop Trippin' (feat. iDA Hawk) [NGHTMRE Remix] - Single
EDMish,Be Free,"Aero Chord, Klaypex",Be Free
EDMish,Beauty of the Unhidden Heart - Bassnectar Remix,"The Glitch Mob, Sister Crayon, Bassnectar",Love Death Immortality (Remixes)
EDMish,Bass Head,Bassnectar,Timestretch
EDMish,Mind Tricks,"Bassnectar, G Jones, Lafa Taylor",Unlimited
EDMish,Chasing Heaven,"Bassnectar, Levit∆te",Into the Sun
EDMish,Osaka Loop Line,Discovery,LP
EDMish,Too Late,Klaypex,Ready to Go
EDMish,When I Get There,Big Wild,Invincible EP
EDMish,Requiem for the New World,Azedia,Requiem for the New World
EDMish,City 2 City,"Zomboy, Belle Humble",The Dead Symphonic EP
Land Animal,Terror Bird,Bent Knee,Land Animal
Land Animal,Hole,Bent Knee,Land Animal
Land Animal,Holy Ghost,Bent Knee,Land Animal
Land Animal,Insides In,Bent Knee,Land Animal
Land Animal,These Hands,Bent Knee,Land Animal
Land Animal,Land Animal,Bent Knee,Land Animal
Land Animal,Time Deer,Bent Knee,Land Animal
Land Animal,Belly Side Up,Bent Knee,Land Animal
Land Animal,The Well,Bent Knee,Land Animal
Land Animal,Boxes - .,Bent Knee,Land Animal
5xx,eledA,Private Island,5xx
5xx,Wake. Me. Up.,Private Island,5xx
5xx,CactuSex,Private Island,5xx
5xx,Trial/Error,Private Island,5xx
5xx,Tito's Grand Adventure,Private Island,5xx
5xx,(805) 206-8311,Private Island,5xx
5xx,Pillowcase,Private Island,5xx
5xx,3BadSoSad,Private Island,5xx
5xx,Drama_KingXD,Private Island,5xx
5xx,Human Dowry,Private Island,5xx
5xx,Last One,Private Island,5xx
Inside (Deluxe),Seven,Mother Mother,Inside (Deluxe)
Inside (Deluxe),Two,Mother Mother,Inside (Deluxe)
Inside (Deluxe),Sick of The Silence,Mother Mother,Inside (Deluxe)
Inside (Deluxe),Forgotten Souls,Mother Mother,Inside (Deluxe)
Inside (Deluxe),Pure Love,Mother Mother,Inside (Deluxe)
Inside (Deluxe),Weep,Mother Mother,Inside (Deluxe)
Inside (Deluxe),I Got Love,Mother Mother,Inside (Deluxe)
Inside (Deluxe),Stay Behind,Mother Mother,Inside (Deluxe)
Inside (Deluxe),The Knack,Mother Mother,Inside (Deluxe)
Inside (Deluxe),Girl Alone,Mother Mother,Inside (Deluxe)
Inside (Deluxe),Like a Child,Mother Mother,Inside (Deluxe)
Inside (Deluxe),Breathe,Mother Mother,Inside (Deluxe)
Inside (Deluxe),Until It Doesn’t Hurt,Mother Mother,Inside (Deluxe)
Inside (Deluxe),Inside,Mother Mother,Inside (Deluxe)
Inside (Deluxe),Life,Mother Mother,Inside (Deluxe)
Inside (Deluxe),Hayloft II,Mother Mother,Inside (Deluxe)
Inside (Deluxe),All the Dying,Mother Mother,Inside (Deluxe)
Inside (Deluxe),Frying Pan,Mother Mother,Inside (Deluxe)
Inside (Deluxe),Conversations,Mother Mother,Inside (Deluxe)
Inside (Deluxe),Turpentine,Mother Mother,Inside (Deluxe)
Inside (Deluxe),Like a Child - Piano Demo,Mother Mother,Inside (Deluxe)
Curse the Weather,The Way Home,Mo Lowda & the Humble,Curse the Weather
Curse the Weather,I Don't Know,Mo Lowda & the Humble,Curse the Weather
Curse the Weather,Curse the Weather,Mo Lowda & the Humble,Curse the Weather
Curse the Weather,The Water's Gonna Save Me,Mo Lowda & the Humble,Curse the Weather
Curse the Weather,Jumping At the Shadows,Mo Lowda & the Humble,Curse the Weather
Curse the Weather,Knocked Out,Mo Lowda & the Humble,Curse the Weather
Curse the Weather,Lunar Guidance,Mo Lowda & the Humble,Curse the Weather
Curse the Weather,Where the Whitetails Go,Mo Lowda & the Humble,Curse the Weather
Curse the Weather,Lost in You,Mo Lowda & the Humble,Curse the Weather
Curse the Weather,Lazy Minds,Mo Lowda & the Humble,Curse the Weather
Lun,The Build Up,Destiny Potato,Lun
Lun,Indifferent,Destiny Potato,Lun
Lun,Take a Picture,Destiny Potato,Lun
Lun,Machine,Destiny Potato,Lun
Lun,Love Song,Destiny Potato,Lun
Lun,Lunatic,Destiny Potato,Lun
Lun,Walls of Thought,Destiny Potato,Lun
Lun,Blue Sun,Destiny Potato,Lun
Lun,U.Y.M.,Destiny Potato,Lun
Lun,Lost Dream,Destiny Potato,Lun
Lun,House of Lies,Destiny Potato,Lun
Lun,Addict,Destiny Potato,Lun
<I°_°I>,Lone Digger,Caravan Palace,<I°_°I>
<I°_°I>,Comics,Caravan Palace,<I°_°I>
<I°_°I>,Mighty feat. JFTH,Caravan Palace,<I°_°I>
<I°_°I>,Aftermath,Caravan Palace,<I°_°I>
<I°_°I>,Wonderland,Caravan Palace,<I°_°I>
<I°_°I>,Tattoos,Caravan Palace,<I°_°I>
<I°_°I>,Midnight,Caravan Palace,<I°_°I>
<I°_°I>,Russian,Caravan Palace,<I°_°I>
<I°_°I>,Wonda,Caravan Palace,<I°_°I>
<I°_°I>,Human Leather Shoes For Crocodile Dandies,Caravan Palace,<I°_°I>
<I°_°I>,Lay Down,Caravan Palace,<I°_°I>
2014 Forest Hills Drive,Intro,J. Cole,2014 Forest Hills Drive
2014 Forest Hills Drive,January 28th,J. Cole,2014 Forest Hills Drive
2014 Forest Hills Drive,Wet Dreamz,J. Cole,2014 Forest Hills Drive
2014 Forest Hills Drive,03' Adolescence,J. Cole,2014 Forest Hills Drive
2014 Forest Hills Drive,A Tale of 2 Citiez,J. Cole,2014 Forest Hills Drive
2014 Forest Hills Drive,Fire Squad,J. Cole,2014 Forest Hills Drive
2014 Forest Hills Drive,St. Tropez,J. Cole,2014 Forest Hills Drive
2014 Forest Hills Drive,G.O.M.D.,J. Cole,2014 Forest Hills Drive
2014 Forest Hills Drive,No Role Modelz,J. Cole,2014 Forest Hills Drive
2014 Forest Hills Drive,Hello,J. Cole,2014 Forest Hills Drive
2014 Forest Hills Drive,Apparently,J. Cole,2014 Forest Hills Drive
2014 Forest Hills Drive,Love Yourz,J. Cole,2014 Forest Hills Drive
2014 Forest Hills Drive,Note to Self,J. Cole,2014 Forest Hills Drive
Active Galactic,Surgery Of Love,The Delta Riggs,Active Galactic
Active Galactic,Never Seen This Before,The Delta Riggs,Active Galactic
Active Galactic,Slingin On A Saturday Night,The Delta Riggs,Active Galactic
Active Galactic,Get Right,The Delta Riggs,Active Galactic
Active Galactic,June Gloom,The Delta Riggs,Active Galactic
Active Galactic,Stay While You Run Away,The Delta Riggs,Active Galactic
Active Galactic,Kids Are Alright,The Delta Riggs,Active Galactic
Active Galactic,Sunny,The Delta Riggs,Active Galactic
Active Galactic,Baddest Motherfucker in the Beehive,The Delta Riggs,Active Galactic
Active Galactic,Don't Be Lonely,The Delta Riggs,Active Galactic
Active Galactic,Take You For A Ride,The Delta Riggs,Active Galactic
Active Galactic,Waiting For The Rain,The Delta Riggs,Active Galactic
Active Galactic,Losing All Our Love,The Delta Riggs,Active Galactic
Active Galactic,Physical Boy,"The Delta Riggs, Gideon Benson",Active Galactic
Alive 2007,Robot Rock / Oh Yeah,Daft Punk,Alive 2007
Alive 2007,Touch It / Technologic,Daft Punk,Alive 2007
Alive 2007,Television Rules the Nation / Crescendolls,Daft Punk,Alive 2007
Alive 2007,Too Long / Steam Machine,Daft Punk,Alive 2007
Alive 2007,"Around the World / Harder, Better, Faster, Stronger",Daft Punk,Alive 2007
Alive 2007,Burnin' / Too Long,Daft Punk,Alive 2007
Alive 2007,Face to Face / Short Circuit,Daft Punk,Alive 2007
Alive 2007,One More Time / Aerodynamic,Daft Punk,Alive 2007
Alive 2007,"Aerodynamic Beats / Gabrielle , Forget About the World",Daft Punk,Alive 2007
Alive 2007,Prime Time of Your Life / Brainwasher / Rollin' & Scratchin' / Alive,Daft Punk,Alive 2007
Alive 2007,Da Funk / Daftendirekt,Daft Punk,Alive 2007
Alive 2007,Superheroes / Human After All / Rock'n Roll,Daft Punk,Alive 2007
Alive 2007,Human After All / Together / One More Time / Music Sounds Better with You,Daft Punk,Alive 2007
"America, Location 12",Be Gone,DISPATCH,"America, Location 12"
"America, Location 12",Only the Wild Ones,DISPATCH,"America, Location 12"
"America, Location 12",Curse + Crush,DISPATCH,"America, Location 12"
"America, Location 12",Painted Yellow Lines,DISPATCH,"America, Location 12"
"America, Location 12",Skin the Rabbit,DISPATCH,"America, Location 12"
"America, Location 12",Midnight Lorry,DISPATCH,"America, Location 12"
"America, Location 12",Begin Again,DISPATCH,"America, Location 12"
"America, Location 12",Rice Water,DISPATCH,"America, Location 12"
"America, Location 12",Windylike,DISPATCH,"America, Location 12"
"America, Location 12",Ghost Town,DISPATCH,"America, Location 12"
"America, Location 12",Atticus Cobain,DISPATCH,"America, Location 12"
An Awesome Wave,Intro,alt-J,An Awesome Wave
An Awesome Wave,Interlude 1,alt-J,An Awesome Wave
An Awesome Wave,Tessellate,alt-J,An Awesome Wave
An Awesome Wave,Breezeblocks,alt-J,An Awesome Wave
An Awesome Wave,Interlude 2,alt-J,An Awesome Wave
An Awesome Wave,Something Good,alt-J,An Awesome Wave
An Awesome Wave,Dissolve Me,alt-J,An Awesome Wave
An Awesome Wave,Matilda,alt-J,An Awesome Wave
An Awesome Wave,Ms,alt-J,An Awesome Wave
An Awesome Wave,Fitzpleasure,alt-J,An Awesome Wave
An Awesome Wave,Interlude 3,alt-J,An Awesome Wave
An Awesome Wave,Bloodflood,alt-J,An Awesome Wave
An Awesome Wave,Taro,alt-J,An Awesome Wave
An Awesome Wave,Hand-Made,alt-J,An Awesome Wave
Apart To Chaos,Intro,TeZATalks,Apart To Chaos
Apart To Chaos,Give A Fuck,TeZATalks,Apart To Chaos
Apart To Chaos,Panic Attack,TeZATalks,Apart To Chaos
Apart To Chaos,BLKN Out,TeZATalks,Apart To Chaos
Apart To Chaos,Villains,TeZATalks,Apart To Chaos
Apart To Chaos,Am I Wrong,TeZATalks,Apart To Chaos
Apart To Chaos,Brains Out,TeZATalks,Apart To Chaos
Apart To Chaos,Golden,TeZATalks,Apart To Chaos
Apart To Chaos,Legion,TeZATalks,Apart To Chaos
Are You Curious?,Does This Speak To You?,The Leers,Are You Curious?
Are You Curious?,I Can’t Cope,The Leers,Are You Curious?
Are You Curious?,"Hold On, You’ll See",The Leers,Are You Curious?
Are You Curious?,Escapades,The Leers,Are You Curious?
Are You Curious?,Fool,The Leers,Are You Curious?
Are You Curious?,Easy Love,The Leers,Are You Curious?
Are You Curious?,Instrumental,The Leers,Are You Curious?
Are You Curious?,Who The Hell,The Leers,Are You Curious?
Are You Curious?,Waste,The Leers,Are You Curious?
Are You Curious?,Honest,The Leers,Are You Curious?
Are You Curious?,Finally Happy,The Leers,Are You Curious?
Are You Curious?,Outro,The Leers,Are You Curious?
Bad Cartoons,On The Dial,Esseks,Bad Cartoons
Bad Cartoons,Overrated,Esseks,Bad Cartoons
Bad Cartoons,Bad Cartoons,Esseks,Bad Cartoons
Bad Cartoons,All Over Now,Esseks,Bad Cartoons
Bad Cartoons,Bowzer,Esseks,Bad Cartoons
Bad Cartoons,Elevated,Esseks,Bad Cartoons
Bad Cartoons,Broken,Esseks,Bad Cartoons
Bad Cartoons,If I Could,Esseks,Bad Cartoons
Bad Cartoons,Yougotme,Esseks,Bad Cartoons
The Black Box,Nucleus,aivi & surasshu,The Black Box
The Black Box,Shapeshifter,aivi & surasshu,The Black Box
The Black Box,Lonely Rolling Star,aivi & surasshu,The Black Box
The Black Box,Diamond Dove,aivi & surasshu,The Black Box
The Black Box,Here's How!,aivi & surasshu,The Black Box
The Black Box,Mika,aivi & surasshu,The Black Box
The Black Box,38,aivi & surasshu,The Black Box
The Black Box,Distance,aivi & surasshu,The Black Box
The Black Box,Pocket Universe,aivi & surasshu,The Black Box
The Black Box,Exosphere,aivi & surasshu,The Black Box
Blackwater Park,The Leper Affinity,Opeth,Blackwater Park
Blackwater Park,Bleak,Opeth,Blackwater Park
Blackwater Park,Harvest,Opeth,Blackwater Park
Blackwater Park,The Drapery Falls,Opeth,Blackwater Park
Blackwater Park,Dirge for November,Opeth,Blackwater Park
Blackwater Park,The Funeral Portrait,Opeth,Blackwater Park
Blackwater Park,Patterns in the Ivy,Opeth,Blackwater Park
Blackwater Park,Blackwater Park,Opeth,Blackwater Park
Blind Melon,Soak The Sin,Blind Melon,Blind Melon
Blind Melon,Tones Of Home,Blind Melon,Blind Melon
Blind Melon,I Wonder,Blind Melon,Blind Melon
Blind Melon,Paper Scratcher,Blind Melon,Blind Melon
Blind Melon,Dear Ol' Dad,Blind Melon,Blind Melon
Blind Melon,Change,Blind Melon,Blind Melon
Blind Melon,No Rain,Blind Melon,Blind Melon
Blind Melon,Deserted,Blind Melon,Blind Melon
Blind Melon,Sleepyhouse,Blind Melon,Blind Melon
Blind Melon,Holyman,Blind Melon,Blind Melon
Blind Melon,Seed To A Tree,Blind Melon,Blind Melon
Blind Melon,Drive,Blind Melon,Blind Melon
Blind Melon,Time,Blind Melon,Blind Melon
blkswn,Wild Irish Roses,Smino,blkswn
blkswn,Maraca,Smino,blkswn
blkswn,Glass Flows,"Smino, Ravyn Lenae",blkswn
blkswn,Flea Flicka,"Smino, Young Pink",blkswn
blkswn,Spitshine,Smino,blkswn
blkswn,Netflix & Dusse,Smino,blkswn
blkswn,Anita,Smino,blkswn
blkswn,Lobby Kall,Smino,blkswn
blkswn,Edgar Allan Poe'd Up,"Smino, theMIND",blkswn
blkswn,Father Son Holy Smoke,Smino,blkswn
blkswn,B Role,Smino,blkswn
blkswn,Blkoscars,"Smino, Jay2",blkswn
blkswn,blkswn,Smino,blkswn
blkswn,Long Run,"Smino, Via Rosa",blkswn
blkswn,Innamission,Smino,blkswn
blkswn,Silk Pillows,"Smino, Akenya",blkswn
blkswn,Ricky Millions,"Smino, Drea Smith",blkswn
blkswn,Amphetamine,Smino,blkswn
The Boiler Room,Welcome,Jarv & Thief,The Boiler Room
The Boiler Room,Commercial,Jarv & Thief,The Boiler Room
The Boiler Room,Hot Yoga,Jarv & Thief,The Boiler Room
The Boiler Room,Flossin',Jarv & Thief,The Boiler Room
The Boiler Room,Oh-Lawd,Jarv & Thief,The Boiler Room
The Boiler Room,Basics,Jarv & Thief,The Boiler Room
The Boiler Room,Sometime,Jarv & Thief,The Boiler Room
The Boiler Room,The Beat,Jarv & Thief,The Boiler Room
The Boiler Room,Bad Woman,Jarv & Thief,The Boiler Room
The Boiler Room,Love & Loss,Jarv & Thief,The Boiler Room
The Boiler Room,Hungry,Jarv & Thief,The Boiler Room
The Boiler Room,Velvet,Jarv & Thief,The Boiler Room
The Boiler Room,Flat-Top,Jarv & Thief,The Boiler Room
The Boiler Room,Lady Killer,Jarv & Thief,The Boiler Room
The Boiler Room,Cards,Jarv & Thief,The Boiler Room
The Boiler Room,Up,Jarv & Thief,The Boiler Room
The Boiler Room,Slack-Jaw,Jarv & Thief,The Boiler Room
The Boiler Room,Cut Loose,Jarv & Thief,The Boiler Room
The Boiler Room,What a Life,Jarv & Thief,The Boiler Room
The Boiler Room,Move,Jarv & Thief,The Boiler Room
The Boiler Room,The Boiler Room,Jarv & Thief,The Boiler Room
Boys & Girls,Hold On,Alabama Shakes,Boys & Girls
Boys & Girls,I Found You,Alabama Shakes,Boys & Girls
Boys & Girls,Hang Loose,Alabama Shakes,Boys & Girls
Boys & Girls,Rise To The Sun,Alabama Shakes,Boys & Girls
Boys & Girls,You Ain't Alone,Alabama Shakes,Boys & Girls
Boys & Girls,Goin' To The Party,Alabama Shakes,Boys & Girls
Boys & Girls,Heartbreaker,Alabama Shakes,Boys & Girls
Boys & Girls,Boys & Girls,Alabama Shakes,Boys & Girls
Boys & Girls,Be Mine,Alabama Shakes,Boys & Girls
Boys & Girls,I Ain't The Same,Alabama Shakes,Boys & Girls
Boys & Girls,On Your Way,Alabama Shakes,Boys & Girls
Boys & Girls,Heavy Chevy (Bonus Track),Alabama Shakes,Boys & Girls
The Budos Band 5,Old Engine Oil,The Budos Band,The Budos Band V
The Budos Band 5,The Enchanter,The Budos Band,The Budos Band V
The Budos Band 5,"Spider Web, Pt. 1",The Budos Band,The Budos Band V
The Budos Band 5,Peak of Eternal Night,The Budos Band,The Budos Band V
The Budos Band 5,Ghost Talk,The Budos Band,The Budos Band V
The Budos Band 5,Arcane Rambler,The Budos Band,The Budos Band V
The Budos Band 5,Maelstrom,The Budos Band,The Budos Band V
The Budos Band 5,Veil of Shadows,The Budos Band,The Budos Band V
The Budos Band 5,Rumble from the Void,The Budos Band,The Budos Band V
The Budos Band 5,Valley of the Damned,The Budos Band,The Budos Band V
Bullet Hell,U.N. Owen Was Her?,RichaadEB,Bullet Hell
Bullet Hell,Nuclear Fusion,RichaadEB,Bullet Hell
Bullet Hell,Lunar Clock Luna Dial,"RichaadEB, James Fraser",Bullet Hell
Bullet Hell,Lunatic Princess,RichaadEB,Bullet Hell
Bullet Hell,Flowering Night,RichaadEB,Bullet Hell
Bullet Hell,Native Faith,RichaadEB,Bullet Hell
Bullet Hell,Septette for the Dead Princess,RichaadEB,Bullet Hell
Bullet Hell,"Reach for the Moon, Immortal Smoke","RichaadEB, Alejandro Hernández",Bullet Hell
Bullet Hell,Beloved Tomboyish Daughter,RichaadEB,Bullet Hell
Bullet Hell,Necrofantasia,RichaadEB,Bullet Hell
Bullet Hell,Love Coloured Master Spark,RichaadEB,Bullet Hell
Bullet Hell,Primordial Beat,RichaadEB,Bullet Hell
Bullet Hell,Border of Life,RichaadEB,Bullet Hell
Bullet Hell,Bad Apple!!,"RichaadEB, Cristina Vee",Bullet Hell
Bullet Hell II,Pure Furies ~ Whereabouts of the Heart,RichaadEB,Bullet Hell II
Bullet Hell II,Wind God Girl,RichaadEB,Bullet Hell II
Bullet Hell II,Doll Judgment ~ The Girl Who Played with People's Shapes,RichaadEB,Bullet Hell II
Bullet Hell II,The Venerable Ancient Battlefield ~ Suwa Foughten Field,RichaadEB,Bullet Hell II
Bullet Hell II,Shanghai Alice of Meiji 17,RichaadEB,Bullet Hell II
Bullet Hell II,Hartmann's Youkai Girl,RichaadEB,Bullet Hell II
Bullet Hell II,Emotional Skyscraper ~ Cosmic Mind,RichaadEB,Bullet Hell II
Bullet Hell II,Lullaby of Deserted Hell,"RichaadEB, Jonny Atma",Bullet Hell II
Bullet Hell II,Pierrot of the Star-Spangled Banner,RichaadEB,Bullet Hell II
Bullet Hell II,Kobito of the Shining Needle ~ Little Princess,"RichaadEB, YaboiMatoi",Bullet Hell II
Bullet Hell II,Night of Nights,RichaadEB,Bullet Hell II
Bullet Hell II,Lunatic Eyes ~ Invisible Full Moon,RichaadEB,Bullet Hell II
Bullet Hell II,Satori Maiden ~ 3rd Eye,RichaadEB,Bullet Hell II
Bullet Hell II,Entrusting this World to Idols ~ Idolatrize World,RichaadEB,Bullet Hell II
Bullet Hell II,Bad Apple!! - Japanese Remaster,"RichaadEB, Cristina Vee",Bullet Hell II
Bullet Hell II,Bad Apple!! - English Remaster,"RichaadEB, Cristina Vee",Bullet Hell II
"Castor, the Twin",551,Dessa,"Castor, the Twin"
"Castor, the Twin",Kites,Dessa,"Castor, the Twin"
"Castor, the Twin",Mineshaft,Dessa,"Castor, the Twin"
"Castor, the Twin",The Chaconne,Dessa,"Castor, the Twin"
"Castor, the Twin",Into the Spin,Dessa,"Castor, the Twin"
"Castor, the Twin",Dixon's Girl,Dessa,"Castor, the Twin"
"Castor, the Twin",The Crow,Dessa,"Castor, the Twin"
"Castor, the Twin",Alibi,Dessa,"Castor, the Twin"
"Castor, the Twin",Palace,Dessa,"Castor, the Twin"
"Castor, the Twin",Mineshaft 2,Dessa,"Castor, the Twin"
"Castor, the Twin",The Beekeeper,Dessa,"Castor, the Twin"
Chaos,Intro,TeZATalks,Chaos
Chaos,Find Me,TeZATalks,Chaos
Chaos,Love,TeZATalks,Chaos
Chaos,Interlude,TeZATalks,Chaos
Chaos,Pick Me Up,TeZATalks,Chaos
Chaos,Invisible,TeZATalks,Chaos
Chaos,STFD,TeZATalks,Chaos
Chapter One,Cut To Black,Lemaitre,Chapter One
Chapter One,Closer,"Lemaitre, Jennie A.",Chapter One
Chapter One,Continuum,Lemaitre,Chapter One
Chapter One,Higher,"Lemaitre, Maty Noyes",Chapter One
Chapter One,Blue Shift,Lemaitre,Chapter One
Chapter One,Stepping Stone,"Lemaitre, Mark Johns",Chapter One
Chapter One,Time To Realize,Lemaitre,Chapter One
Chapter One,We Got U,"Lemaitre, The Knocks",Chapter One
Chapter One,Last Night On Earth,Lemaitre,Chapter One
Chapter One,Playing To Lose,"Lemaitre, Stanaj",Chapter One
Chapter One,Strobes Pt. 2,Lemaitre,Chapter One
Chapter One,High Tide,Lemaitre,Chapter One
Chapter One,The End,Lemaitre,Chapter One
Chapter One,Playing To Lose - Coucheron Remix,"Lemaitre, Stanaj, Coucheron",Chapter One
Chime,Ride,Dessa,Chime
Chime,5 out of 6,Dessa,Chime
Chime,Fire Drills,Dessa,Chime
Chime,Velodrome,Dessa,Chime
Chime,Good Grief,Dessa,Chime
Chime,Boy Crazy,Dessa,Chime
Chime,Jumprope,Dessa,Chime
Chime,Shrimp,Dessa,Chime
Chime,Half of You,Dessa,Chime
Chime,Say When,Dessa,Chime
Chime,I Hope I’m Wrong,Dessa,Chime
Circles,Circles,Mac Miller,Circles
Circles,Complicated,Mac Miller,Circles
Circles,Blue World,Mac Miller,Circles
Circles,Good News,Mac Miller,Circles
Circles,I Can See,Mac Miller,Circles
Circles,Everybody,Mac Miller,Circles
Circles,Woods,Mac Miller,Circles
Circles,Hand Me Downs,Mac Miller,Circles
Circles,That's On Me,Mac Miller,Circles
Circles,Hands,Mac Miller,Circles
Circles,Surf,Mac Miller,Circles
Circles,Once A Day,Mac Miller,Circles
Closer to the Sun,Intro,Slightly Stoopid,Closer to the Sun
Closer to the Sun,Babylon Is Falling,Slightly Stoopid,Closer to the Sun
Closer to the Sun,Somebody,Slightly Stoopid,Closer to the Sun
Closer to the Sun,Fat Spliffs,Slightly Stoopid,Closer to the Sun
Closer to the Sun,Bandelero,Slightly Stoopid,Closer to the Sun
Closer to the Sun,See It No Other Way,"Slightly Stoopid, Barrington Levy, Mr. Mutton",Closer to the Sun
Closer to the Sun,Nothin over Me,Slightly Stoopid,Closer to the Sun
Closer to the Sun,This Joint,Slightly Stoopid,Closer to the Sun
Closer to the Sun,Older,Slightly Stoopid,Closer to the Sun
Closer to the Sun,Ain't Got a Lot of Money,Slightly Stoopid,Closer to the Sun
Closer to the Sun,Till It Gets Wet,Slightly Stoopid,Closer to the Sun
Closer to the Sun,Don't Care,"Slightly Stoopid, Billy, Pro Most",Closer to the Sun
Closer to the Sun,Basher,Slightly Stoopid,Closer to the Sun
Closer to the Sun,Righteous Man,Slightly Stoopid,Closer to the Sun
Closer to the Sun,Up on a Plane,Slightly Stoopid,Closer to the Sun
Closer to the Sun,Waiting,Slightly Stoopid,Closer to the Sun
Closer to the Sun,Closer to the Sun,Slightly Stoopid,Closer to the Sun
Closer to the Sun,Zeplike,Slightly Stoopid,Closer to the Sun
Closer to the Sun,Comb 4 My Dome,Slightly Stoopid,Closer to the Sun
Closer to the Sun,Open Road,Slightly Stoopid,Closer to the Sun
Comeback Cadillac,Comeback Cadillac,The Weeks,Comeback Cadillac
Comeback Cadillac,Teary-Eyed Woman,The Weeks,Comeback Cadillac
Comeback Cadillac,Altar Girl,The Weeks,Comeback Cadillac
Comeback Cadillac,"Hold It, Kid (Your Heart Just Skipped a Beat)",The Weeks,Comeback Cadillac
Comeback Cadillac,Buttons,The Weeks,Comeback Cadillac
Comeback Cadillac,Mississippi Rain,The Weeks,Comeback Cadillac
Comeback Cadillac,Dog Days,The Weeks,Comeback Cadillac
Comeback Cadillac,The House That We Grew up In,The Weeks,Comeback Cadillac
Comeback Cadillac,Wishin' My Week Away,The Weeks,Comeback Cadillac
Comeback Cadillac,Sailor Song,The Weeks,Comeback Cadillac
Comeback Cadillac,The Ballad of Tonto Higgins,The Weeks,Comeback Cadillac
Costello Music,Henrietta,The Fratellis,Costello Music
Costello Music,Flathead,The Fratellis,Costello Music
Costello Music,Whistle For The Choir,The Fratellis,Costello Music
Costello Music,Chelsea Dagger,The Fratellis,Costello Music
Costello Music,The Gutterati?,The Fratellis,Costello Music
Costello Music,For The Girl,The Fratellis,Costello Music
Costello Music,Doginabag,The Fratellis,Costello Music
Costello Music,Creepin Up The Backstairs,The Fratellis,Costello Music
Costello Music,Vince The Loveable Stoner,The Fratellis,Costello Music
Costello Music,Everybody Knows You Cried Last Night,The Fratellis,Costello Music
Costello Music,Baby Fratelli,The Fratellis,Costello Music
Costello Music,Got Ma Nuts From A Hippie,The Fratellis,Costello Music
Costello Music,Ole Black 'n' Blue Eyes,The Fratellis,Costello Music
DiCaprio 2,Frequency Change,JID,DiCaprio 2
DiCaprio 2,Slick Talk,JID,DiCaprio 2
DiCaprio 2,Westbrook (with A$AP Ferg),"JID, A$AP Ferg",DiCaprio 2
DiCaprio 2,Off Deez (with J. Cole),"JID, J. Cole",DiCaprio 2
DiCaprio 2,151 Rum,JID,DiCaprio 2
DiCaprio 2,Off Da Zoinkys,JID,DiCaprio 2
DiCaprio 2,Workin Out,JID,DiCaprio 2
DiCaprio 2,Tiiied (feat. 6LACK & Ella Mai),"JID, 6LACK, Ella Mai",DiCaprio 2
DiCaprio 2,Skrawberries (feat. BJ The Chicago Kid),"JID, BJ The Chicago Kid",DiCaprio 2
DiCaprio 2,Hot Box (feat. Method Man & Joey Bada$$),"JID, Method Man, Joey Bada$$",DiCaprio 2
DiCaprio 2,Mounted Up,JID,DiCaprio 2
DiCaprio 2,Just Da Other Day,JID,DiCaprio 2
DiCaprio 2,Despacito Too,JID,DiCaprio 2
DiCaprio 2,Hasta Luego - Bonus,JID,DiCaprio 2
Dive,A Walk,Tycho,Dive
Dive,Hours,Tycho,Dive
Dive,Daydream,Tycho,Dive
Dive,Dive,Tycho,Dive
Dive,Coastal Brake,Tycho,Dive
Dive,Ascension,Tycho,Dive
Dive,Melanine,Tycho,Dive
Dive,Adrift,Tycho,Dive
Dive,Epigram,Tycho,Dive
Dive,Elegy,Tycho,Dive
Divide & Conquer,Divide & Conquer,What So Not,Divide & Conquer
Divide & Conquer,Severance - Interlude,What So Not,Divide & Conquer
Divide & Conquer,Lone (feat. JOY.),"What So Not, Ganz, JOY.",Divide & Conquer
Divide & Conquer,Buried (feat. Rome Fortune),"What So Not, George Maple, Rome Fortune",Divide & Conquer
Divide & Conquer,Montreal (feat. Kimbra),"What So Not, Kimbra",Divide & Conquer
Divide & Conquer,Trust,"What So Not, BURNS",Divide & Conquer
Divide & Conquer,Adieu,What So Not,Divide & Conquer
Dopplebangers,Mannequin Skywalker,"Space Jesus, Esseks",Dopplebangers
Dopplebangers,Don' Bite Me,"Space Jesus, Esseks",Dopplebangers
Dopplebangers,Slomosapian,"Space Jesus, Esseks, D.V.S*",Dopplebangers
Dopplebangers,Dream Whirled,"Space Jesus, Esseks",Dopplebangers
Dopplebangers,Mannequin Skywalker - Freddy Todd Remix,"Space Jesus, Esseks, Freddy Todd",Dopplebangers
Dopplebangers,Slomosapian - Yheti Remix,"Space Jesus, Esseks, D.V.S*, Yheti",Dopplebangers
Dopplebangers,Dream Whirled - Zebbler Encanti Experience Remix,"Space Jesus, Esseks, Zebbler Encanti Experience",Dopplebangers
Dreamland,Dreamland,Glass Animals,Dreamland
Dreamland,Tangerine,Glass Animals,Dreamland
Dreamland,((home movie: 1994)),Glass Animals,Dreamland
Dreamland,Hot Sugar,Glass Animals,Dreamland
Dreamland,((home movie: btx)),Glass Animals,Dreamland
Dreamland,Space Ghost Coast To Coast,Glass Animals,Dreamland
Dreamland,Tokyo Drifting,"Glass Animals, Denzel Curry",Dreamland
Dreamland,Melon and the Coconut,Glass Animals,Dreamland
Dreamland,Your Love (Déjà Vu),Glass Animals,Dreamland
Dreamland,Waterfalls Coming Out Your Mouth,Glass Animals,Dreamland
Dreamland,It’s All So Incredibly Loud,Glass Animals,Dreamland
Dreamland,((home movie: rockets)),Glass Animals,Dreamland
Dreamland,Domestic Bliss,Glass Animals,Dreamland
Dreamland,Heat Waves,Glass Animals,Dreamland
Dreamland,((home movie: shoes on)),Glass Animals,Dreamland
Dreamland,Helium,Glass Animals,Dreamland
Drink The Sea,Animus Vox,The Glitch Mob,Drink the Sea
Drink The Sea,Bad Wings,The Glitch Mob,Drink the Sea
Drink The Sea,How To Be Eaten By A Woman,The Glitch Mob,Drink the Sea
Drink The Sea,A Dream Within A Dream,The Glitch Mob,Drink the Sea
Drink The Sea,Fistful Of Silence,The Glitch Mob,Drink the Sea
Drink The Sea,Between Two Points (feat. Swan),The Glitch Mob,Drink the Sea
Drink The Sea,We Swarm,The Glitch Mob,Drink the Sea
Drink The Sea,Drive It Like You Stole It,The Glitch Mob,Drink the Sea
Drink The Sea,Fortune Days,The Glitch Mob,Drink the Sea
Drink The Sea,"Starve The Ego, Feed The Soul",The Glitch Mob,Drink the Sea
El Ten Eleven,My Only Swerving,El Ten Eleven,El Ten Eleven
El Ten Eleven,Sorry About Your Irony,El Ten Eleven,El Ten Eleven
El Ten Eleven,Lorge,El Ten Eleven,El Ten Eleven
El Ten Eleven,1969,El Ten Eleven,El Ten Eleven
El Ten Eleven,Central Nervous Piston,El Ten Eleven,El Ten Eleven
El Ten Eleven,Thinking Loudly,El Ten Eleven,El Ten Eleven
El Ten Eleven,Fanshawe,El Ten Eleven,El Ten Eleven
El Ten Eleven,Connie,El Ten Eleven,El Ten Eleven
El Ten Eleven,Bye Mom,El Ten Eleven,El Ten Eleven
The Eminem Show,Curtains Up - Skit,Eminem,The Eminem Show
The Eminem Show,White America,Eminem,The Eminem Show
The Eminem Show,Business,Eminem,The Eminem Show
The Eminem Show,Cleanin' Out My Closet,Eminem,The Eminem Show
The Eminem Show,Square Dance,Eminem,The Eminem Show
The Eminem Show,The Kiss - Skit,Eminem,The Eminem Show
The Eminem Show,Soldier,Eminem,The Eminem Show
The Eminem Show,Say Goodbye Hollywood,Eminem,The Eminem Show
The Eminem Show,Drips,"Eminem, Obie Trice",The Eminem Show
The Eminem Show,Without Me,Eminem,The Eminem Show
The Eminem Show,Paul Rosenberg - Skit,Eminem,The Eminem Show
The Eminem Show,Sing For The Moment,Eminem,The Eminem Show
The Eminem Show,Superman,"Eminem, Dina Rae",The Eminem Show
The Eminem Show,Hailie's Song,Eminem,The Eminem Show
The Eminem Show,Steve Berman - Skit,Eminem,The Eminem Show
The Eminem Show,When The Music Stops,"Eminem, D12",The Eminem Show
The Eminem Show,Say What You Say,"Eminem, Dr. Dre",The Eminem Show
The Eminem Show,Till I Collapse,"Eminem, Nate Dogg",The Eminem Show
The Eminem Show,My Dad's Gone Crazy,"Eminem, Hailie Jade",The Eminem Show
The Eminem Show,Curtains Close,Eminem,The Eminem Show
Everything You Need,Everything You Need,Slightly Stoopid,Everything You Need
Everything You Need,Officer,Slightly Stoopid,Everything You Need
Everything You Need,Questionable,Slightly Stoopid,Everything You Need
Everything You Need,Running With A Gun,Slightly Stoopid,Everything You Need
Everything You Need,Killing Me Deep Inside,Slightly Stoopid,Everything You Need
Everything You Need,Perfect Gentlemen,Slightly Stoopid,Everything You Need
Everything You Need,Wicked Rebel,Slightly Stoopid,Everything You Need
Everything You Need,Sweet Honey,Slightly Stoopid,Everything You Need
Everything You Need,Punk Rock Billy,Slightly Stoopid,Everything You Need
Everything You Need,World Goes Round - feat. I-Man,"Slightly Stoopid, I-Man",Everything You Need
Everything You Need,Wiseman,Slightly Stoopid,Everything You Need
Everything You Need,Leaving On A Jetplane,Slightly Stoopid,Everything You Need
Everything You Need,Mellow Mood - feat. G. Love,"Slightly Stoopid, G. Love & Special Sauce",Everything You Need
Everything You Need,Collie Man,Slightly Stoopid,Everything You Need
Eyelid Movies,Mouthful of Diamonds,Phantogram,Eyelid Movies
Eyelid Movies,When I'm Small,Phantogram,Eyelid Movies
Eyelid Movies,Turn It Off,Phantogram,Eyelid Movies
Eyelid Movies,Running From The Cops,Phantogram,Eyelid Movies
Eyelid Movies,All Dried Up,Phantogram,Eyelid Movies
Eyelid Movies,As Far As I Can See,Phantogram,Eyelid Movies
Eyelid Movies,You Are The Ocean,Phantogram,Eyelid Movies
Eyelid Movies,Bloody Palms,Phantogram,Eyelid Movies
Eyelid Movies,Futuristic Casket,Phantogram,Eyelid Movies
Eyelid Movies,Let Me Go,Phantogram,Eyelid Movies
Eyelid Movies,"10,000 Claps",Phantogram,Eyelid Movies
"Eyes Wide, Tongue Tied (Deluxe)",Me and the Devil,The Fratellis,"Eyes Wide, Tongue Tied (Deluxe)"
"Eyes Wide, Tongue Tied (Deluxe)",Imposters (Little by Little),The Fratellis,"Eyes Wide, Tongue Tied (Deluxe)"
"Eyes Wide, Tongue Tied (Deluxe)",Baby Don't You Lie to Me!,The Fratellis,"Eyes Wide, Tongue Tied (Deluxe)"
"Eyes Wide, Tongue Tied (Deluxe)",Desperate Guy,The Fratellis,"Eyes Wide, Tongue Tied (Deluxe)"
"Eyes Wide, Tongue Tied (Deluxe)",Thief,The Fratellis,"Eyes Wide, Tongue Tied (Deluxe)"
"Eyes Wide, Tongue Tied (Deluxe)",Dogtown,The Fratellis,"Eyes Wide, Tongue Tied (Deluxe)"
"Eyes Wide, Tongue Tied (Deluxe)",Rosanna,The Fratellis,"Eyes Wide, Tongue Tied (Deluxe)"
"Eyes Wide, Tongue Tied (Deluxe)",Slow,The Fratellis,"Eyes Wide, Tongue Tied (Deluxe)"
"Eyes Wide, Tongue Tied (Deluxe)",Getting Surreal,The Fratellis,"Eyes Wide, Tongue Tied (Deluxe)"
"Eyes Wide, Tongue Tied (Deluxe)",Too Much Wine,The Fratellis,"Eyes Wide, Tongue Tied (Deluxe)"
"Eyes Wide, Tongue Tied (Deluxe)",Moonshine,The Fratellis,"Eyes Wide, Tongue Tied (Deluxe)"
"Eyes Wide, Tongue Tied (Deluxe)",Down the Road and Back... Again...,The Fratellis,"Eyes Wide, Tongue Tied (Deluxe)"
"Eyes Wide, Tongue Tied (Deluxe)",Medusa in Chains,The Fratellis,"Eyes Wide, Tongue Tied (Deluxe)"
"Eyes Wide, Tongue Tied (Deluxe)",Imposters (Little by Little) [Acoustic],The Fratellis,"Eyes Wide, Tongue Tied (Deluxe)"
"Eyes Wide, Tongue Tied (Deluxe)",Desperate Guy (Acoustic),The Fratellis,"Eyes Wide, Tongue Tied (Deluxe)"
"Eyes Wide, Tongue Tied (Deluxe)",Rosanna (Acoustic),The Fratellis,"Eyes Wide, Tongue Tied (Deluxe)"
"Eyes Wide, Tongue Tied (Deluxe)",Slow (Acoustic),The Fratellis,"Eyes Wide, Tongue Tied (Deluxe)"
"Eyes Wide, Tongue Tied (Deluxe)",Moonshine (Acoustic),The Fratellis,"Eyes Wide, Tongue Tied (Deluxe)"
fabulist,opal ocean,slenderbodies,fabulist
fabulist,little islands,slenderbodies,fabulist
fabulist,mirage,slenderbodies,fabulist
fabulist,anemone,slenderbodies,fabulist
fabulist,"opal ocean, pt. 2",slenderbodies,fabulist
Feed.,Nitetime In Atlanta,RIZ LA VIE,Feed.
Feed.,Tesla,RIZ LA VIE,Feed.
Feed.,She Said,RIZ LA VIE,Feed.
Feed.,Something Cosmic,RIZ LA VIE,Feed.
Feed.,hold555,RIZ LA VIE,Feed.
From The Fires,Safari Song,Greta Van Fleet,From The Fires
From The Fires,Edge Of Darkness,Greta Van Fleet,From The Fires
From The Fires,Flower Power,Greta Van Fleet,From The Fires
From The Fires,A Change Is Gonna Come,Greta Van Fleet,From The Fires
From The Fires,Highway Tune,Greta Van Fleet,From The Fires
From The Fires,Meet On The Ledge,Greta Van Fleet,From The Fires
From The Fires,Talk On The Street,Greta Van Fleet,From The Fires
From The Fires,Black Smoke Rising,Greta Van Fleet,From The Fires
Future Me Hates Me,Great No One,The Beths,Future Me Hates Me
Future Me Hates Me,Future Me Hates Me,The Beths,Future Me Hates Me
Future Me Hates Me,Uptown Girl,The Beths,Future Me Hates Me
Future Me Hates Me,You Wouldn't Like Me,The Beths,Future Me Hates Me
Future Me Hates Me,Not Running,The Beths,Future Me Hates Me
Future Me Hates Me,Little Death,The Beths,Future Me Hates Me
Future Me Hates Me,Happy Unhappy,The Beths,Future Me Hates Me
Future Me Hates Me,River Run: Lvl 1,The Beths,Future Me Hates Me
Future Me Hates Me,Whatever,The Beths,Future Me Hates Me
Future Me Hates Me,Less Than Thou,The Beths,Future Me Hates Me
"Gemini, Her Majesty",Intro,Rx Bandits,"Gemini, Her Majesty"
"Gemini, Her Majesty",Ruby Cumulous,Rx Bandits,"Gemini, Her Majesty"
"Gemini, Her Majesty",Wide Open,Rx Bandits,"Gemini, Her Majesty"
"Gemini, Her Majesty",Stargazer,Rx Bandits,"Gemini, Her Majesty"
"Gemini, Her Majesty",Fire To The Ocean,Rx Bandits,"Gemini, Her Majesty"
"Gemini, Her Majesty",G2G,Rx Bandits,"Gemini, Her Majesty"
"Gemini, Her Majesty",Will You Be Tomorrow,Rx Bandits,"Gemini, Her Majesty"
"Gemini, Her Majesty",Meow! Meow! Space Tiger,Rx Bandits,"Gemini, Her Majesty"
"Gemini, Her Majesty",1995,Rx Bandits,"Gemini, Her Majesty"
"Gemini, Her Majesty",Penguin Marlin Brando,Rx Bandits,"Gemini, Her Majesty"
"Gemini, Her Majesty","Future, Buddy",Rx Bandits,"Gemini, Her Majesty"
Ghost,Asleep On A Train,Radical Face,Ghost
Ghost,"Welcome Home, Son",Radical Face,Ghost
Ghost,Let The River In,Radical Face,Ghost
Ghost,Glory,Radical Face,Ghost
Ghost,The Strangest Things,Radical Face,Ghost
Ghost,Wrapped In Piano Strings,Radical Face,Ghost
Ghost,Along The Road,Radical Face,Ghost
Ghost,Haunted,Radical Face,Ghost
Ghost,Winter Is Coming,Radical Face,Ghost
Ghost,Sleepwalking,Radical Face,Ghost
Ghost,Homesick,Radical Face,Ghost
Good Faith,Miracle,Madeon,Good Faith
Good For You,Good For You,Houndmouth,Good For You
Good For You,Miracle Mile,Houndmouth,Good For You
Good For You,Make It To Midnight,Houndmouth,Good For You
Good For You,McKenzie,Houndmouth,Good For You
Good For You,Cool Jam,Houndmouth,Good For You
Good For You,Jackson,Houndmouth,Good For You
Good For You,Goodbye,Houndmouth,Good For You
Good For You,Ride Or Die,Houndmouth,Good For You
Good For You,Ohio,Houndmouth,Good For You
Good For You,Las Vegas,Houndmouth,Good For You
Good Looks,Good Looks,Girlyboi,Good Looks
Good Looks,Love Hurts,Girlyboi,Good Looks
Good Looks,Whatever,Girlyboi,Good Looks
Good Looks,Popular Song,Girlyboi,Good Looks
Good Looks,Vanity Fair,Girlyboi,Good Looks
Good Looks,Long Country Road,Girlyboi,Good Looks
Hadestown,Wedding Song,"Anaïs Mitchell, Justin Vernon",Hadestown
Hadestown,Epic (Part I),"Anaïs Mitchell, Justin Vernon",Hadestown
Hadestown,Way Down Hadestown,"Anaïs Mitchell, Justin Vernon, Ani DiFranco, Ben Knox Miller",Hadestown
Hadestown,Songbird Intro,Anaïs Mitchell,Hadestown
Hadestown,"Hey, Little Songbird","Anaïs Mitchell, Greg Brown",Hadestown
Hadestown,"Gone, I’m Gone","Anaïs Mitchell, The Haden Triplets",Hadestown
Hadestown,When The Chips Are Down,"Anaïs Mitchell, The Haden Triplets",Hadestown
Hadestown,Wait For Me,"Anaïs Mitchell, Ben Knox Miller, Justin Vernon",Hadestown
Hadestown,Why We Build The Wall,"Anaïs Mitchell, Greg Brown",Hadestown
Hadestown,Our Lady Of The Underground,"Anaïs Mitchell, Ani DiFranco",Hadestown
Hadestown,Flowers (Eurydice’s Song),Anaïs Mitchell,Hadestown
Hadestown,Nothing Changes,"Anaïs Mitchell, The Haden Triplets",Hadestown
Hadestown,If It’s True,"Anaïs Mitchell, Justin Vernon",Hadestown
Hadestown,Papers (Hades Finds Out),Anaïs Mitchell,Hadestown
Hadestown,How Long?,"Anaïs Mitchell, Greg Brown, Ani DiFranco",Hadestown
Hadestown,Epic (Part II),"Anaïs Mitchell, Justin Vernon",Hadestown
Hadestown,Lover’s Desire,Anaïs Mitchell,Hadestown
Hadestown,"His Kiss, The Riot","Anaïs Mitchell, Greg Brown",Hadestown
Hadestown,Doubt Comes In,"Anaïs Mitchell, Justin Vernon",Hadestown
Hadestown,I Raise My Cup To Him,"Anaïs Mitchell, Ani DiFranco",Hadestown
Helplessness Blues,Battery Kinzie,Fleet Foxes,Helplessness Blues
Heroes Are Hard to Find,Heroes Are Hard to Find,Fleetwood Mac,Heroes Are Hard to Find
Heroes Are Hard to Find,Coming Home,Fleetwood Mac,Heroes Are Hard to Find
Heroes Are Hard to Find,Angel,Fleetwood Mac,Heroes Are Hard to Find
Heroes Are Hard to Find,Bermuda Triangle,Fleetwood Mac,Heroes Are Hard to Find
Heroes Are Hard to Find,Come a Little Bit Closer,Fleetwood Mac,Heroes Are Hard to Find
Heroes Are Hard to Find,She's Changing Me,Fleetwood Mac,Heroes Are Hard to Find
Heroes Are Hard to Find,Bad Loser,Fleetwood Mac,Heroes Are Hard to Find
Heroes Are Hard to Find,Silver Heels,Fleetwood Mac,Heroes Are Hard to Find
Heroes Are Hard to Find,Prove Your Love,Fleetwood Mac,Heroes Are Hard to Find
Heroes Are Hard to Find,Born Enchanter,Fleetwood Mac,Heroes Are Hard to Find
Heroes Are Hard to Find,Safe Harbour,Fleetwood Mac,Heroes Are Hard to Find
Hi This is Flume (Mixtape),Hi This Is Flume,Flume,Hi This Is Flume (Mixtape)
Hi This is Flume (Mixtape),Ecdysis,Flume,Hi This Is Flume (Mixtape)
Hi This is Flume (Mixtape),High Beams,"Flume, HWLS, slowthai",Hi This Is Flume (Mixtape)
Hi This is Flume (Mixtape),Jewel,Flume,Hi This Is Flume (Mixtape)
Hi This is Flume (Mixtape),╜φ°⌂▌╫§╜φ°⌂▌╫§╜φ°⌂▌╫§╜φ°⌂▌╫§╜φ°⌂▌╫§╜φ°⌂▌╫§╜φ°⌂▌╫§╜φ°⌂▌╫§╜φ°⌂▌╫§╜φ°⌂▌╫§╜φ°⌂▌╫§╜φ°⌂▌╫§╜φ°⌂▌╫§╜φ°⌂▌╫§╜φ°⌂▌╫§╜φ°⌂▌╫§╜φ°⌂▌╫§╜φ°⌂▌,Flume,Hi This Is Flume (Mixtape)
Hi This is Flume (Mixtape),Dreamtime,Flume,Hi This Is Flume (Mixtape)
Hi This is Flume (Mixtape),Is It Cold In The Water? - Flume & Eprom Remix,"Flume, SOPHIE, Eprom",Hi This Is Flume (Mixtape)
Hi This is Flume (Mixtape),How To Build A Relationship,"Flume, JPEGMAFIA",Hi This Is Flume (Mixtape)
Hi This is Flume (Mixtape),Wormhole,Flume,Hi This Is Flume (Mixtape)
Hi This is Flume (Mixtape),Voices,"Flume, SOPHIE, KUČKA",Hi This Is Flume (Mixtape)
Hi This is Flume (Mixtape),MUD,Flume,Hi This Is Flume (Mixtape)
Hi This is Flume (Mixtape),Upgrade,Flume,Hi This Is Flume (Mixtape)
Hi This is Flume (Mixtape),71m3,Flume,Hi This Is Flume (Mixtape)
Hi This is Flume (Mixtape),Vitality,Flume,Hi This Is Flume (Mixtape)
Hi This is Flume (Mixtape),Daze 22.00,Flume,Hi This Is Flume (Mixtape)
Hi This is Flume (Mixtape),Amber,Flume,Hi This Is Flume (Mixtape)
Hi This is Flume (Mixtape),Spring,"Flume, Eprom",Hi This Is Flume (Mixtape)
High End,The Message,Ceramic Animal,High End
High End,Modern Blues,Ceramic Animal,High End
High End,Working (Real Hard),Ceramic Animal,High End
High End,Another High End,Ceramic Animal,High End
High End,All My Loving,Ceramic Animal,High End
High End,What's Come and Gone,Ceramic Animal,High End
High End,Meaning,Ceramic Animal,High End
High End,Bone City,Ceramic Animal,High End
"High Visceral, Pt. 2",Nek,Psychedelic Porn Crumpets,"High Visceral, Pt. 2"
"High Visceral, Pt. 2",Gurzle,Psychedelic Porn Crumpets,"High Visceral, Pt. 2"
"High Visceral, Pt. 2",First Light in the Garden at Chipping,Psychedelic Porn Crumpets,"High Visceral, Pt. 2"
"High Visceral, Pt. 2",Ergophobia,Psychedelic Porn Crumpets,"High Visceral, Pt. 2"
"High Visceral, Pt. 2",Move,Psychedelic Porn Crumpets,"High Visceral, Pt. 2"
"High Visceral, Pt. 2",Buzz,Psychedelic Porn Crumpets,"High Visceral, Pt. 2"
"High Visceral, Pt. 2",Coffee,Psychedelic Porn Crumpets,"High Visceral, Pt. 2"
"High Visceral, Pt. 2",Dependant on Mary,Psychedelic Porn Crumpets,"High Visceral, Pt. 2"
"High Visceral, Pt. 2",It's Not Safe to Leave This House,Psychedelic Porn Crumpets,"High Visceral, Pt. 2"
"High Visceral, Pt. 2",November,Psychedelic Porn Crumpets,"High Visceral, Pt. 2"
"High Visceral, Pt. 2",Overrated,Esseks,Bad Cartoons
His Young Heart EP,Landfill,Daughter,His Young Heart EP
His Young Heart EP,The Woods,Daughter,His Young Heart EP
His Young Heart EP,Candles,Daughter,His Young Heart EP
His Young Heart EP,Switzerland,Daughter,His Young Heart EP
"How To: Friend, Love, Freefall",Pacific Love,Rainbow Kitten Surprise,"How to: Friend, Love, Freefall"
"How To: Friend, Love, Freefall",Mission to Mars,Rainbow Kitten Surprise,"How to: Friend, Love, Freefall"
"How To: Friend, Love, Freefall",Fever Pitch,Rainbow Kitten Surprise,"How to: Friend, Love, Freefall"
"How To: Friend, Love, Freefall",It's Called: Freefall,Rainbow Kitten Surprise,"How to: Friend, Love, Freefall"
"How To: Friend, Love, Freefall",Holy War,Rainbow Kitten Surprise,"How to: Friend, Love, Freefall"
"How To: Friend, Love, Freefall",Matchbox,Rainbow Kitten Surprise,"How to: Friend, Love, Freefall"
"How To: Friend, Love, Freefall",Moody Orange,Rainbow Kitten Surprise,"How to: Friend, Love, Freefall"
"How To: Friend, Love, Freefall",Hide,Rainbow Kitten Surprise,"How to: Friend, Love, Freefall"
"How To: Friend, Love, Freefall",When It Lands,Rainbow Kitten Surprise,"How to: Friend, Love, Freefall"
"How To: Friend, Love, Freefall",Painkillers,Rainbow Kitten Surprise,"How to: Friend, Love, Freefall"
"How To: Friend, Love, Freefall",Recktify,Rainbow Kitten Surprise,"How to: Friend, Love, Freefall"
"How To: Friend, Love, Freefall",Possum Queen,Rainbow Kitten Surprise,"How to: Friend, Love, Freefall"
"How To: Friend, Love, Freefall",Polite Company,Rainbow Kitten Surprise,"How to: Friend, Love, Freefall"
How To Be A Human Being,Life Itself,Glass Animals,How To Be A Human Being
How To Be A Human Being,Youth,Glass Animals,How To Be A Human Being
How To Be A Human Being,Season 2 Episode 3,Glass Animals,How To Be A Human Being
How To Be A Human Being,Pork Soda,Glass Animals,How To Be A Human Being
How To Be A Human Being,Mama's Gun,Glass Animals,How To Be A Human Being
How To Be A Human Being,Cane Shuga,Glass Animals,How To Be A Human Being
How To Be A Human Being,[Premade Sandwiches],Glass Animals,How To Be A Human Being
How To Be A Human Being,The Other Side Of Paradise,Glass Animals,How To Be A Human Being
How To Be A Human Being,Take A Slice,Glass Animals,How To Be A Human Being
How To Be A Human Being,Poplar St,Glass Animals,How To Be A Human Being
How To Be A Human Being,Agnes,Glass Animals,How To Be A Human Being
Jump Rope Gazers,I'm Not Getting Excited,The Beths,Jump Rope Gazers
Jump Rope Gazers,Dying to Believe,The Beths,Jump Rope Gazers
Jump Rope Gazers,Jump Rope Gazers,The Beths,Jump Rope Gazers
Jump Rope Gazers,Acrid,The Beths,Jump Rope Gazers
Jump Rope Gazers,Do You Want Me Now,The Beths,Jump Rope Gazers
Jump Rope Gazers,Out of Sight,The Beths,Jump Rope Gazers
Jump Rope Gazers,Don't Go Away,The Beths,Jump Rope Gazers
Jump Rope Gazers,"Mars, the God of War",The Beths,Jump Rope Gazers
Jump Rope Gazers,You Are a Beam of Light,The Beths,Jump Rope Gazers
Jump Rope Gazers,Just Shy of Sure,The Beths,Jump Rope Gazers
...Like Clockwork,Keep Your Eyes Peeled,Queens of the Stone Age,...Like Clockwork
...Like Clockwork,I Sat By The Ocean,Queens of the Stone Age,...Like Clockwork
...Like Clockwork,The Vampyre of Time And Memory,Queens of the Stone Age,...Like Clockwork
...Like Clockwork,If I Had A Tail,Queens of the Stone Age,...Like Clockwork
...Like Clockwork,My God Is The Sun,Queens of the Stone Age,...Like Clockwork
...Like Clockwork,Kalopsia,Queens of the Stone Age,...Like Clockwork
...Like Clockwork,Fairweather Friends,Queens of the Stone Age,...Like Clockwork
...Like Clockwork,Smooth Sailing,Queens of the Stone Age,...Like Clockwork
...Like Clockwork,I Appear Missing,Queens of the Stone Age,...Like Clockwork
...Like Clockwork,...Like Clockwork,Queens of the Stone Age,...Like Clockwork
Little Neon Limelight,Sedona,Houndmouth,Little Neon Limelight
Little Neon Limelight,Otis,Houndmouth,Little Neon Limelight
Little Neon Limelight,15 Years,Houndmouth,Little Neon Limelight
Little Neon Limelight,For No One,Houndmouth,Little Neon Limelight
Little Neon Limelight,Black Gold,Houndmouth,Little Neon Limelight
Little Neon Limelight,Honey Slider,Houndmouth,Little Neon Limelight
Little Neon Limelight,My Cousin Greg,Houndmouth,Little Neon Limelight
Little Neon Limelight,Gasoline,Houndmouth,Little Neon Limelight
Little Neon Limelight,By God,Houndmouth,Little Neon Limelight
Little Neon Limelight,Say It,Houndmouth,Little Neon Limelight
Little Neon Limelight,Darlin',Houndmouth,Little Neon Limelight
Live & Direct: Acoustic Roots,Cool Down,Slightly Stoopid,Live & Direct: Acoustic Roots
Live & Direct: Acoustic Roots,Fire Shot,Slightly Stoopid,Live & Direct: Acoustic Roots
Live & Direct: Acoustic Roots,Devil's Door,Slightly Stoopid,Live & Direct: Acoustic Roots
Live & Direct: Acoustic Roots,Sensimilla,Slightly Stoopid,Live & Direct: Acoustic Roots
Live & Direct: Acoustic Roots,Souled,Slightly Stoopid,Live & Direct: Acoustic Roots
Live & Direct: Acoustic Roots,Couldn't Get High,Slightly Stoopid,Live & Direct: Acoustic Roots
Live & Direct: Acoustic Roots,Nico's,Slightly Stoopid,Live & Direct: Acoustic Roots
Live & Direct: Acoustic Roots,Mellow Mood,Slightly Stoopid,Live & Direct: Acoustic Roots
Live & Direct: Acoustic Roots,Collie-Man,Slightly Stoopid,Live & Direct: Acoustic Roots
Live & Direct: Acoustic Roots,Too Little Too Late,Slightly Stoopid,Live & Direct: Acoustic Roots
Live & Direct: Acoustic Roots,If This World Were Mine,Slightly Stoopid,Live & Direct: Acoustic Roots
Live & Direct: Acoustic Roots,Sun Is Shining,Slightly Stoopid,Live & Direct: Acoustic Roots
Live & Direct: Acoustic Roots,Wiseman,Slightly Stoopid,Live & Direct: Acoustic Roots
Live & Direct: Acoustic Roots,I Used to Love Her,Slightly Stoopid,Live & Direct: Acoustic Roots
Live & Direct: Acoustic Roots,Prophet,Slightly Stoopid,Live & Direct: Acoustic Roots
Lookout Low,Casey's Groove,Twin Peaks,Lookout Low
Lookout Low,Laid in Gold,Twin Peaks,Lookout Low
Lookout Low,Better Than Stoned,Twin Peaks,Lookout Low
Lookout Low,Unfamiliar Sun,Twin Peaks,Lookout Low
Lookout Low,Dance Through It,Twin Peaks,Lookout Low
Lookout Low,Lookout Low,Twin Peaks,Lookout Low
Lookout Low,Ferry Song,Twin Peaks,Lookout Low
Lookout Low,Under a Smile,Twin Peaks,Lookout Low
Lookout Low,Oh Mama,Twin Peaks,Lookout Low
Lookout Low,Sunken II,Twin Peaks,Lookout Low
Lost Time Behind the Moon,When You Were Old (El Dorado),Scott Hirsch,Lost Time Behind the Moon
Lost Time Behind the Moon,Long Lost Time,Scott Hirsch,Lost Time Behind the Moon
Lost Time Behind the Moon,Nothing but Time,Scott Hirsch,Lost Time Behind the Moon
Lost Time Behind the Moon,Rose's Song,Scott Hirsch,Lost Time Behind the Moon
Lost Time Behind the Moon,A Pair of Nines,Scott Hirsch,Lost Time Behind the Moon
Lost Time Behind the Moon,Spirits,Scott Hirsch,Lost Time Behind the Moon
Lost Time Behind the Moon,No No,Scott Hirsch,Lost Time Behind the Moon
Lost Time Behind the Moon,Valley of the Moon,Scott Hirsch,Lost Time Behind the Moon
Lost Time Behind the Moon,Pink Moment,Scott Hirsch,Lost Time Behind the Moon
Lost Time Behind the Moon,Evening's Wooden Drum,Scott Hirsch,Lost Time Behind the Moon
Love Me // Leave Me,Love Me,Steven Moses,Love Me // Leave Me
Love Me // Leave Me,Alone,Steven Moses,Love Me // Leave Me
Love Me // Leave Me,I Can't Eat,"Steven Moses, Jaxxon D. Silva",Love Me // Leave Me
Love Me // Leave Me,Muddy,"Steven Moses, Maxo Kream",Love Me // Leave Me
Love Me // Leave Me,Hotboy,Steven Moses,Love Me // Leave Me
Love Me // Leave Me,Qualitestaholic,Steven Moses,Love Me // Leave Me
Love Me // Leave Me,Pain You Keep,"Steven Moses, diveliner",Love Me // Leave Me
Love Me // Leave Me,Leave Me,Steven Moses,Love Me // Leave Me
Lungs (Deluxe Edition) – Florence + The Machine,Dog Days Are Over,Florence + The Machine,Lungs (Deluxe Edition)
Lungs (Deluxe Edition) – Florence + The Machine,Rabbit Heart (Raise It Up),Florence + The Machine,Lungs (Deluxe Edition)
Lungs (Deluxe Edition) – Florence + The Machine,I'm Not Calling You A Liar,Florence + The Machine,Lungs (Deluxe Edition)
Lungs (Deluxe Edition) – Florence + The Machine,Howl,Florence + The Machine,Lungs (Deluxe Edition)
Lungs (Deluxe Edition) – Florence + The Machine,Kiss With A Fist,Florence + The Machine,Lungs (Deluxe Edition)
Lungs (Deluxe Edition) – Florence + The Machine,Girl With One Eye,Florence + The Machine,Lungs (Deluxe Edition)
Lungs (Deluxe Edition) – Florence + The Machine,Drumming Song,Florence + The Machine,Lungs (Deluxe Edition)
Lungs (Deluxe Edition) – Florence + The Machine,Between Two Lungs,Florence + The Machine,Lungs (Deluxe Edition)
Lungs (Deluxe Edition) – Florence + The Machine,Cosmic Love,Florence + The Machine,Lungs (Deluxe Edition)
Lungs (Deluxe Edition) – Florence + The Machine,My Boy Builds Coffins,Florence + The Machine,Lungs (Deluxe Edition)
Lungs (Deluxe Edition) – Florence + The Machine,Hurricane Drunk,Florence + The Machine,Lungs (Deluxe Edition)
Lungs (Deluxe Edition) – Florence + The Machine,Blinding,Florence + The Machine,Lungs (Deluxe Edition)
Lungs (Deluxe Edition) – Florence + The Machine,You've Got The Love,Florence + The Machine,Lungs (Deluxe Edition)
Lungs (Deluxe Edition) – Florence + The Machine,Swimming,Florence + The Machine,Lungs (Deluxe Edition)
Lungs (Deluxe Edition) – Florence + The Machine,Heavy In Your Arms,Florence + The Machine,Lungs (Deluxe Edition)
Lungs (Deluxe Edition) – Florence + The Machine,Ghosts - Demo,Florence + The Machine,Lungs (Deluxe Edition)
Lungs (Deluxe Edition) – Florence + The Machine,You've Got The Dirtee Love - Live At The Brit Awards / 2010,"Florence + The Machine, Dizzee Rascal",Lungs (Deluxe Edition)
Lungs (Deluxe Edition) – Florence + The Machine,Dog Days Are Over - Yeasayer Remix,"Florence + The Machine, Yeasayer",Lungs (Deluxe Edition)
Lungs (Deluxe Edition) – Florence + The Machine,Falling,Florence + The Machine,Lungs (Deluxe Edition)
Lungs (Deluxe Edition) – Florence + The Machine,Are You Hurting The One You Love?,Florence + The Machine,Lungs (Deluxe Edition)
Lungs (Deluxe Edition) – Florence + The Machine,Addicted To Love,Florence + The Machine,Lungs (Deluxe Edition)
Lungs (Deluxe Edition) – Florence + The Machine,Bird Song,Florence + The Machine,Lungs (Deluxe Edition)
Lungs (Deluxe Edition) – Florence + The Machine,Hospital Beds,Florence + The Machine,Lungs (Deluxe Edition)
Lungs (Deluxe Edition) – Florence + The Machine,Hardest Of Hearts,Florence + The Machine,Lungs (Deluxe Edition)
Madaila,International Lover,Madaila,The Dance
Madaila,Give Me All Your Love,Madaila,The Dance
Madaila,I Know,Madaila,The Dance
Madaila,The Dance,Madaila,The Dance
Madaila,Golden Boy,Madaila,The Dance
Madaila,The Ride,Madaila,The Dance
Madaila,I Don't Want to Rest,Madaila,The Dance
Madaila,The Beat,Madaila,The Dance
Madaila,Trying to Be Heard,Madaila,The Dance
The Magic Whip,Lonesome Street,Blur,The Magic Whip
The Magic Whip,New World Towers,Blur,The Magic Whip
The Magic Whip,Go Out,Blur,The Magic Whip
The Magic Whip,Ice Cream Man,Blur,The Magic Whip
The Magic Whip,Thought I Was a Spaceman,Blur,The Magic Whip
The Magic Whip,I Broadcast,Blur,The Magic Whip
The Magic Whip,My Terracotta Heart,Blur,The Magic Whip
The Magic Whip,There Are Too Many of Us,Blur,The Magic Whip
The Magic Whip,Ghost Ship,Blur,The Magic Whip
The Magic Whip,Pyongyang,Blur,The Magic Whip
The Magic Whip,Ong Ong,Blur,The Magic Whip
The Magic Whip,Mirrorball,Blur,The Magic Whip
Middle Brother,Daydreaming,Middle Brother,Middle Brother
Middle Brother,Blue Eyes,Middle Brother,Middle Brother
Middle Brother,Thanks for Nothing,Middle Brother,Middle Brother
Middle Brother,Middle Brother,Middle Brother,Middle Brother
Middle Brother,Theatre,Middle Brother,Middle Brother
Middle Brother,Portland,Middle Brother,Middle Brother
Middle Brother,Wilderness,Middle Brother,Middle Brother
Middle Brother,Me Me Me,Middle Brother,Middle Brother
Middle Brother,Someday,Middle Brother,Middle Brother
Middle Brother,Blood and Guts,Middle Brother,Middle Brother
Middle Brother,Mom and Dad,Middle Brother,Middle Brother
Middle Brother,Million Dollar Bill,Middle Brother,Middle Brother
Mind Bokeh,Excuses,Bibio,Mind Bokeh
Mind Bokeh,Pretentious,Bibio,Mind Bokeh
Mind Bokeh,Anything New,Bibio,Mind Bokeh
Mind Bokeh,Wake Up!,Bibio,Mind Bokeh
Mind Bokeh,Light Seep,Bibio,Mind Bokeh
Mind Bokeh,Take Off Your Shirt,Bibio,Mind Bokeh
Mind Bokeh,Artists' Valley,Bibio,Mind Bokeh
Mind Bokeh,K is for Kelson,Bibio,Mind Bokeh
Mind Bokeh,Mind Bokeh,Bibio,Mind Bokeh
Mind Bokeh,More Excuses,Bibio,Mind Bokeh
Mind Bokeh,Feminine Eye,Bibio,Mind Bokeh
Mind Bokeh,Saint Christopher,Bibio,Mind Bokeh
The Mistress,I Think U Are Great,Yellow Ostrich,The Mistress
The Mistress,WHALE,Yellow Ostrich,The Mistress
The Mistress,Hate Me Soon,Yellow Ostrich,The Mistress
The Mistress,Hold On,Yellow Ostrich,The Mistress
The Mistress,Libraries,Yellow Ostrich,The Mistress
The Mistress,Hahahaohhoho,Yellow Ostrich,The Mistress
The Mistress,I'll Run,Yellow Ostrich,The Mistress
The Mistress,Campaign,Yellow Ostrich,The Mistress
The Mistress,Mary,Yellow Ostrich,The Mistress
The Mistress,Slow Paddle,Yellow Ostrich,The Mistress
The Mistress,Bread,Yellow Ostrich,The Mistress
The Mistress,Fog,Yellow Ostrich,The Mistress
The Mistress,Mary (Alternate),Yellow Ostrich,The Mistress
Move,Move,"Matt Phillips, Phil Harmonic",Move
Move,Jacqueline,"Matt Phillips, Phil Harmonic",Move
Move,Coffee,"Matt Phillips, Phil Harmonic",Move
Move,Naive,"Matt Phillips, Phil Harmonic",Move
Move,Bluegrass,"Matt Phillips, Phil Harmonic",Move
Move,Transference,"Matt Phillips, Phil Harmonic",Move
Move,Mr. Radio,"Matt Phillips, Phil Harmonic",Move
Move,Olah,"Matt Phillips, Phil Harmonic",Move
Move,Mediterranean Blues,"Matt Phillips, Phil Harmonic",Move
Move,Land Before Time,"Matt Phillips, Phil Harmonic",Move
Motels & Minivans,Tour Music (feat. B Skeez & Magik),"Sam Lachow, B Skeez, Magik",Motels & Minivans
Motels & Minivans,Whippin' rentals (feat. Eric Biddines & Magik),"Sam Lachow, Eric Biddines, Magik",Motels & Minivans
Motels & Minivans,2am on Pike Street (feat. Wilson Luxurious),"Sam Lachow, Wilson Luxurious",Motels & Minivans
Motels & Minivans,Albino Rhino (feat. Nacho Picasso),"Sam Lachow, Nacho Picasso",Motels & Minivans
Motels & Minivans,Seventeen Summers (feat. Eric Biddines),"Sam Lachow, Eric Biddines",Motels & Minivans
Music To Be Murdered By,Premonition - Intro,Eminem,Music To Be Murdered By
Music To Be Murdered By,Unaccommodating (feat. Young M.A),"Eminem, Young M.A",Music To Be Murdered By
Music To Be Murdered By,"You Gon’ Learn (feat. Royce Da 5'9"" & White Gold)","Eminem, Royce Da 5'9"", White Gold",Music To Be Murdered By
Music To Be Murdered By,Alfred - Interlude,Eminem,Music To Be Murdered By
Music To Be Murdered By,Those Kinda Nights (feat. Ed Sheeran),"Eminem, Ed Sheeran",Music To Be Murdered By
Music To Be Murdered By,In Too Deep,Eminem,Music To Be Murdered By
Music To Be Murdered By,Godzilla (feat. Juice WRLD),"Eminem, Juice WRLD",Music To Be Murdered By
Music To Be Murdered By,Darkness,Eminem,Music To Be Murdered By
Music To Be Murdered By,Leaving Heaven (feat. Skylar Grey),"Eminem, Skylar Grey",Music To Be Murdered By
Music To Be Murdered By,"Yah Yah (feat. Royce Da 5'9"", Black Thought, Q-Tip & Denaun)","Eminem, Royce Da 5'9"", Black Thought, Q-Tip, Denaun",Music To Be Murdered By
Music To Be Murdered By,Stepdad - Intro,Eminem,Music To Be Murdered By
Music To Be Murdered By,Stepdad,Eminem,Music To Be Murdered By
Music To Be Murdered By,Marsh,Eminem,Music To Be Murdered By
Music To Be Murdered By,Never Love Again,Eminem,Music To Be Murdered By
Music To Be Murdered By,Little Engine,Eminem,Music To Be Murdered By
Music To Be Murdered By,Lock It Up (feat. Anderson .Paak),"Eminem, Anderson .Paak",Music To Be Murdered By
Music To Be Murdered By,Farewell,Eminem,Music To Be Murdered By
Music To Be Murdered By,No Regrets (feat. Don Toliver),"Eminem, Don Toliver",Music To Be Murdered By
Music To Be Murdered By,"I Will (feat. KXNG Crooked, Royce Da 5'9"" & Joell Ortiz)","Eminem, KXNG Crooked, Royce Da 5'9"", Joell Ortiz",Music To Be Murdered By
Music To Be Murdered By,Alfred - Outro,Eminem,Music To Be Murdered By
Mystery to Me,Emerald Eyes,Fleetwood Mac,Mystery to Me
Mystery to Me,Believe Me,Fleetwood Mac,Mystery to Me
Mystery to Me,Just Crazy Love,Fleetwood Mac,Mystery to Me
Mystery to Me,Hypnotized,Fleetwood Mac,Mystery to Me
Mystery to Me,Forever,Fleetwood Mac,Mystery to Me
Mystery to Me,Keep on Going,Fleetwood Mac,Mystery to Me
Mystery to Me,The City,Fleetwood Mac,Mystery to Me
Mystery to Me,Miles Away,Fleetwood Mac,Mystery to Me
Mystery to Me,Somebody,Fleetwood Mac,Mystery to Me
Mystery to Me,The Way I Feel,Fleetwood Mac,Mystery to Me
Mystery to Me,For Your Love - 2018 Remaster,Fleetwood Mac,Mystery to Me
Mystery to Me,Why,Fleetwood Mac,Mystery to Me
The New Abnormal,The Adults Are Talking,The Strokes,The New Abnormal
The New Abnormal,Selfless,The Strokes,The New Abnormal
The New Abnormal,Brooklyn Bridge To Chorus,The Strokes,The New Abnormal
The New Abnormal,Bad Decisions,The Strokes,The New Abnormal
The New Abnormal,Eternal Summer,The Strokes,The New Abnormal
The New Abnormal,At The Door,The Strokes,The New Abnormal
The New Abnormal,Why Are Sundays So Depressing,The Strokes,The New Abnormal
The New Abnormal,Not The Same Anymore,The Strokes,The New Abnormal
The New Abnormal,Ode To The Mets,The Strokes,The New Abnormal
New Level New Devils,Nasty (feat. Jason Richardson),"Polyphia, Jason Richardson",New Levels New Devils
New Level New Devils,O.D.,Polyphia,New Levels New Devils
New Level New Devils,Death Note (feat. Ichika),"Polyphia, Ichika Nito",New Levels New Devils
New Level New Devils,Bad,Polyphia,New Levels New Devils
New Level New Devils,Drown (feat. Mateus Asato),"Polyphia, Mateus Asato",New Levels New Devils
New Level New Devils,Saucy,Polyphia,New Levels New Devils
New Level New Devils,Yas (feat. Mario Camarena and Erick Hansel),"Polyphia, Mario Camarena, Erick Hansel",New Levels New Devils
New Level New Devils,So Strange (feat. Cuco),"Polyphia, Cuco",New Levels New Devils
New Level New Devils,Rich Kids (feat. Yvette Young),"Polyphia, Yvette Young",New Levels New Devils
New Level New Devils,G.O.A.T.,Polyphia,New Levels New Devils
"Nice, Nice, Very Nice",Road Regrets,Dan Mangan,"Nice, Nice, Very Nice"
"Nice, Nice, Very Nice",Robots,Dan Mangan,"Nice, Nice, Very Nice"
"Nice, Nice, Very Nice",The Indie Queens Are Waiting,Dan Mangan,"Nice, Nice, Very Nice"
"Nice, Nice, Very Nice",Sold,Dan Mangan,"Nice, Nice, Very Nice"
"Nice, Nice, Very Nice",Fair Verona,Dan Mangan,"Nice, Nice, Very Nice"
"Nice, Nice, Very Nice",You Silly Git,Dan Mangan,"Nice, Nice, Very Nice"
"Nice, Nice, Very Nice",Tina's Glorious Comeback,Dan Mangan,"Nice, Nice, Very Nice"
"Nice, Nice, Very Nice",Et les mots croisés,Dan Mangan,"Nice, Nice, Very Nice"
"Nice, Nice, Very Nice",Some People,Dan Mangan,"Nice, Nice, Very Nice"
"Nice, Nice, Very Nice",Pine For Cedars,Dan Mangan,"Nice, Nice, Very Nice"
"Nice, Nice, Very Nice",Basket,Dan Mangan,"Nice, Nice, Very Nice"
"Nice, Nice, Very Nice",Set The Sails,Dan Mangan,"Nice, Nice, Very Nice"
No Moon At All,Tower // W.O.H.L.,Wildcat! Wildcat!,No Moon At All
No Moon At All,Garden Grays,Wildcat! Wildcat!,No Moon At All
No Moon At All,Up & Beyond,Wildcat! Wildcat!,No Moon At All
No Moon At All,Hero,Wildcat! Wildcat!,No Moon At All
No Moon At All,End Of The World Everyday,Wildcat! Wildcat!,No Moon At All
No Moon At All,"Holloway (Hey, Love)",Wildcat! Wildcat!,No Moon At All
No Moon At All,Circuit Breaker,Wildcat! Wildcat!,No Moon At All
No Moon At All,Nothing Below,Wildcat! Wildcat!,No Moon At All
No Moon At All,Sentimental,Wildcat! Wildcat!,No Moon At All
No Moon At All,Marfa,Wildcat! Wildcat!,No Moon At All
Nothing Is Wrong,Time Spent in Los Angeles,Dawes,Nothing Is Wrong
Nothing Is Wrong,If I Wanted Someone,Dawes,Nothing Is Wrong
Nothing Is Wrong,My Way Back Home,Dawes,Nothing Is Wrong
Nothing Is Wrong,Coming Back To A Man,Dawes,Nothing Is Wrong
Nothing Is Wrong,So Well,Dawes,Nothing Is Wrong
Nothing Is Wrong,How Far We've Come,Dawes,Nothing Is Wrong
Nothing Is Wrong,Fire Away,Dawes,Nothing Is Wrong
Nothing Is Wrong,Moon In The Water,Dawes,Nothing Is Wrong
Nothing Is Wrong,Million Dollar Bill,Dawes,Nothing Is Wrong
Nothing Is Wrong,The Way You Laugh,Dawes,Nothing Is Wrong
Nothing Is Wrong,A Little Bit Of Everything,Dawes,Nothing Is Wrong
Obviously,Hypotheticals,Lake Street Dive,Obviously
Obviously,Hush Money,Lake Street Dive,Obviously
Obviously,Same Old News,Lake Street Dive,Obviously
Obviously,Being a Woman,Lake Street Dive,Obviously
Obviously,Making Do,Lake Street Dive,Obviously
Obviously,Nobody's Stopping You Now,Lake Street Dive,Obviously
Obviously,Know That I Know,Lake Street Dive,Obviously
Obviously,Lackluster Lover,Lake Street Dive,Obviously
Obviously,Anymore,Lake Street Dive,Obviously
Obviously,Feels Like the Last Time,Lake Street Dive,Obviously
Obviously,Sarah,Lake Street Dive,Obviously
Obviously,Hypotheticals - Edit,Lake Street Dive,Obviously
Of Course You Do,Cubicle,Slothrust,Of Course You Do
Of Course You Do,Juice,Slothrust,Of Course You Do
Of Course You Do,Crockpot,Slothrust,Of Course You Do
Of Course You Do,7:30 AM,Slothrust,Of Course You Do
Of Course You Do,Homewreck Wifey,Slothrust,Of Course You Do
Of Course You Do,Magnets Pt. 1,Slothrust,Of Course You Do
Of Course You Do,Magnets Pt. 2,Slothrust,Of Course You Do
Of Course You Do,No Eye Candy,Slothrust,Of Course You Do
Of Course You Do,The Couch Incident,Slothrust,Of Course You Do
Of Course You Do,Beowulf,Slothrust,Of Course You Do
OK to Land,Really Mean It,Livingmore,OK to Land
OK to Land,Cocoon,Livingmore,OK to Land
OK to Land,Wondering,Livingmore,OK to Land
OK to Land,Strange Hopefuls,Livingmore,OK to Land
OK to Land,Egg Shells,Livingmore,OK to Land
OK to Land,Walk Alone,Livingmore,OK to Land
OK to Land,Never Slow Down,Livingmore,OK to Land
OK to Land,Gone Too Fast,Livingmore,OK to Land
OK to Land,For the Hell of It,Livingmore,OK to Land
OK to Land,Transition,Livingmore,OK to Land
Otaku,Luvsick (Intro),Killer Bee,Otaku
Otaku,IRL,Killer Bee,Otaku
Otaku,The.Plug,Killer Bee,Otaku
Otaku,Swim,Killer Bee,Otaku
Otaku,✿Blossom✿,Killer Bee,Otaku
Otaku,Under Ur Spell Interlude,"Killer Bee, Xiong Zi Qi",Otaku
Otaku,Mind☯Body,Killer Bee,Otaku
Otaku,Dragonroll,Killer Bee,Otaku
Otaku,Swordfish,Killer Bee,Otaku
Otaku,Evian,Killer Bee,Otaku
Otaku,Good 2 U,Killer Bee,Otaku
Otaku,Final Fantasy,Killer Bee,Otaku
Otaku,Racks - Demo,Killer Bee,Otaku
Oxnard,The Chase (feat. Kadhja Bonet),"Anderson .Paak, Kadhja Bonet",Oxnard
Oxnard,Headlow (feat. Norelle),"Anderson .Paak, Norelle",Oxnard
Oxnard,Tints (feat. Kendrick Lamar),"Anderson .Paak, Kendrick Lamar",Oxnard
Oxnard,Who R U?,Anderson .Paak,Oxnard
Oxnard,6 Summers,Anderson .Paak,Oxnard
Oxnard,Saviers Road,Anderson .Paak,Oxnard
Oxnard,Smile/Petty (feat. Sonyae Elise),"Anderson .Paak, Sonyae",Oxnard
Oxnard,Mansa Musa (feat. Dr. Dre & Cocoa Sarai),"Anderson .Paak, Cocoa Sarai, Dr. Dre",Oxnard
Oxnard,Brother's Keeper (feat. Pusha T),"Anderson .Paak, Pusha T",Oxnard
Oxnard,"Anywhere (feat. Snoop Dogg & The Last Artful, Dodgr)","Anderson .Paak, Snoop Dogg, The Last Artful, Dodgr",Oxnard
Oxnard,Trippy (feat. J. Cole),"Anderson .Paak, J. Cole",Oxnard
Oxnard,Cheers (feat. Q-Tip),"Anderson .Paak, Q-Tip",Oxnard
Oxnard,Sweet Chick (feat. BJ The Chicago Kid),"Anderson .Paak, BJ The Chicago Kid",Oxnard
Oxnard,Left To Right,Anderson .Paak,Oxnard
Placement,Advanced Placement,Watsky,Placement
Placement,Best Friend the Floor,Watsky,Placement
Placement,Savage,Watsky,Placement
Placement,Undermine,"Watsky, Raquel Rodriguez",Placement
Placement,Dreams & Boxes,Watsky,Placement
Placement,The Price of Growing Up,Watsky,Placement
Placement,Border in My Heart,Watsky,Placement
Placement,Embrace the Quake,Watsky,Placement
Placement,Black Hole Eyes,Watsky,Placement
Polychrome.,What Do You Say?,Harrison Fjord,Polychrome.
Polychrome.,Viewmaster,Harrison Fjord,Polychrome.
Polychrome.,Game,Harrison Fjord,Polychrome.
Polychrome.,Body,Harrison Fjord,Polychrome.
Polychrome.,Mind,Harrison Fjord,Polychrome.
Polychrome.,Polychrome,Harrison Fjord,Polychrome.
Polychrome.,Ace's Wounds,Harrison Fjord,Polychrome.
Polychrome.,Winnebago,Harrison Fjord,Polychrome.
Polychrome.,Mr. Feeling,Harrison Fjord,Polychrome.
Pronounced' Leh-'Nerd 'Skin-'Nerd,I Ain't The One,Lynyrd Skynyrd,Pronounced' Leh-'Nerd 'Skin-'Nerd
Pronounced' Leh-'Nerd 'Skin-'Nerd,Tuesday's Gone,Lynyrd Skynyrd,Pronounced' Leh-'Nerd 'Skin-'Nerd
Pronounced' Leh-'Nerd 'Skin-'Nerd,Gimme Three Steps,Lynyrd Skynyrd,Pronounced' Leh-'Nerd 'Skin-'Nerd
Pronounced' Leh-'Nerd 'Skin-'Nerd,Simple Man,Lynyrd Skynyrd,Pronounced' Leh-'Nerd 'Skin-'Nerd
Pronounced' Leh-'Nerd 'Skin-'Nerd,Things Goin' On,Lynyrd Skynyrd,Pronounced' Leh-'Nerd 'Skin-'Nerd
Pronounced' Leh-'Nerd 'Skin-'Nerd,Mississippi Kid,Lynyrd Skynyrd,Pronounced' Leh-'Nerd 'Skin-'Nerd
Pronounced' Leh-'Nerd 'Skin-'Nerd,Poison Whiskey,Lynyrd Skynyrd,Pronounced' Leh-'Nerd 'Skin-'Nerd
Pronounced' Leh-'Nerd 'Skin-'Nerd,Free Bird,Lynyrd Skynyrd,Pronounced' Leh-'Nerd 'Skin-'Nerd
Purple Moonlight Paper,DECORUM,R.A.P. Ferreira,Purple Moonlight Pages
Purple Moonlight Paper,GREENS,R.A.P. Ferreira,Purple Moonlight Pages
Purple Moonlight Paper,NONCIPHER,R.A.P. Ferreira,Purple Moonlight Pages
Purple Moonlight Paper,OMENS & TOTEMS,R.A.P. Ferreira,Purple Moonlight Pages
Purple Moonlight Paper,U.D.I.G. (UNITED DEFENDERS OF INTERNATIONAL GOODWILL),R.A.P. Ferreira,Purple Moonlight Pages
Purple Moonlight Paper,LAUNDRY,R.A.P. Ferreira,Purple Moonlight Pages
Purple Moonlight Paper,DUST UP,R.A.P. Ferreira,Purple Moonlight Pages
Purple Moonlight Paper,CYCLES,R.A.P. Ferreira,Purple Moonlight Pages
Purple Moonlight Paper,ABSOLUTES,R.A.P. Ferreira,Purple Moonlight Pages
Purple Moonlight Paper,NO STARVING ARTISTS,R.A.P. Ferreira,Purple Moonlight Pages
Purple Moonlight Paper,LEAVING HELL,R.A.P. Ferreira,Purple Moonlight Pages
Purple Moonlight Paper,DOLDRUMS,R.A.P. Ferreira,Purple Moonlight Pages
Purple Moonlight Paper,AN IDEA IS A WORK OF ART,"R.A.P. Ferreira, Mike Ladd",Purple Moonlight Pages
Purple Moonlight Paper,MYTHICAL,R.A.P. Ferreira,Purple Moonlight Pages
Purple Moonlight Paper,PINBALL,"R.A.P. Ferreira, Open Mike Eagle",Purple Moonlight Pages
Purple Moonlight Paper,GOLDEN SARDINE,R.A.P. Ferreira,Purple Moonlight Pages
Purple Moonlight Paper,RO TALK,R.A.P. Ferreira,Purple Moonlight Pages
Purple Moonlight Paper,MASTERPLAN,R.A.P. Ferreira,Purple Moonlight Pages
Radiation,When the Sun Rises,Stop Light Observations,Radiation
Radiation,Search into Your Soul,Stop Light Observations,Radiation
Radiation,Break Them Bad Boys Down,Stop Light Observations,Radiation
Radiation,Come on Down,Stop Light Observations,Radiation
Radiation,Circadian Rhythms (Dawn),Stop Light Observations,Radiation
Radiation,Circadian Rhythms (Dusk),Stop Light Observations,Radiation
Radiation,Railroad Tracks,Stop Light Observations,Radiation
Radiation,Daydream,Stop Light Observations,Radiation
Radiation,16 Years' Dream,Stop Light Observations,Radiation
Radiation,Smilers of the Night,Stop Light Observations,Radiation
Radiation,Hassie Holmes and How it All Began,Stop Light Observations,Radiation
Radiation,Purple People,Stop Light Observations,Radiation
Radiation,Obsidian,Stop Light Observations,Radiation
Radiation,The Maze,Stop Light Observations,Radiation
Radiation,The Kids Can't Sleep,Stop Light Observations,Radiation
Radiation,Bright Blue Whales,Stop Light Observations,Radiation
Rainbow Brain,c h r o m e s t h e s i a,GRiZ,Rainbow Brain
Rainbow Brain,Astro Funk,GRiZ,Rainbow Brain
Rainbow Brain,Vibe Check,GRiZ,Rainbow Brain
Rainbow Brain,t a k e - e m - b a c k,GRiZ,Rainbow Brain
Rainbow Brain,Burn Up The Floor,"GRiZ, Jantsen",Rainbow Brain
Rainbow Brain,g o t - i t - l i k e,GRiZ,Rainbow Brain
Rainbow Brain,Tie-Dye Sky,GRiZ,Rainbow Brain
Rainbow Brain,R O Y G B i V - i n t e r l u d e,GRiZ,Rainbow Brain
Rainbow Brain,Rainbow Brain,"GRiZ, ProbCause, Chrishira Perrier",Rainbow Brain
Rainbow Brain,2 4,GRiZ,Rainbow Brain
Rainbow Brain,Harmony,GRiZ,Rainbow Brain
Rainbow Brain,Gold,"GRiZ, Cherub",Rainbow Brain
Rainbow Brain,Daily Routine,"GRiZ, Big Gigantic, ProbCause",Rainbow Brain
Rainbow Brain,Other Side of Jupiter,GRiZ,Rainbow Brain
Rainbow Brain,w u - w e i,GRiZ,Rainbow Brain
Rainbow Brain,Infinite,GRiZ,Rainbow Brain
Rainbow Brain,y o u - a r e . i - c a n,GRiZ,Rainbow Brain
Rainbow Brain,Feel It All,"GRiZ, Chrishira Perrier",Rainbow Brain
Rainbow Brain,4 2,GRiZ,Rainbow Brain
Rainbow Brain,548 MAC ave,GRiZ,Rainbow Brain
Rainbow Brain,p . s .,GRiZ,Rainbow Brain
Rainbow Brain,Another World,GRiZ,Rainbow Brain
Rainbow Brain,The Echo Tree,GRiZ,Rainbow Brain
Reach,Let's Ride,Ghost Brothers,Reach
Reach,Just Wana Play,Ghost Brothers,Reach
Reach,Easy As Walking,Ghost Brothers,Reach
Reach,Hold Your Hand,Ghost Brothers,Reach
Reach,She Set Me Up,Ghost Brothers,Reach
Reach,The Devil,Ghost Brothers,Reach
Reach,Angel,Ghost Brothers,Reach
Reach,Rasta Breeze,Ghost Brothers,Reach
Reach,"Hey You, Hello",Ghost Brothers,Reach
Reach,Better To Have Loved,Ghost Brothers,Reach
Reach,Reach Up,Ghost Brothers,Reach
Reach,Xyz,Ghost Brothers,Reach
Reach,Ghost Train,Ghost Brothers,Reach
Revenge Of The Dreamers III,Under The Sun (with J. Cole & Lute feat. DaBaby),"Dreamville, J. Cole, Lute, DaBaby",Revenge Of The Dreamers III
Revenge Of The Dreamers III,"Down Bad (feat. JID, Bas, J. Cole, EARTHGANG & Young Nudy)","Dreamville, JID, Bas, J. Cole, EARTHGANG, Young Nudy",Revenge Of The Dreamers III
Revenge Of The Dreamers III,LamboTruck (with Cozz feat. REASON & Childish Major),"Dreamville, Cozz, REASON, Childish Major",Revenge Of The Dreamers III
Revenge Of The Dreamers III,"Swivel (with EARTHGANG) - From The Album ""Mirrorland""","Dreamville, EARTHGANG",Revenge Of The Dreamers III
Revenge Of The Dreamers III,"Oh Wow...Swerve (with J. Cole feat. Zoink Gang, KEY! & Maxo Kream)","Dreamville, J. Cole, Zoink Gang, KEY!, Maxo Kream",Revenge Of The Dreamers III
Revenge Of The Dreamers III,"Don't Hit Me Right Now (with Bas & Cozz feat. Yung Baby Tate, Guapdad 4000 & Buddy)","Dreamville, Bas, Cozz, Baby Tate, Guapdad 4000, Buddy",Revenge Of The Dreamers III
Revenge Of The Dreamers III,Wells Fargo (with JID & EARTHGANG feat. Buddy & Guapdad 4000) - Interlude,"Dreamville, JID, EARTHGANG, Buddy, Guapdad 4000",Revenge Of The Dreamers III
Revenge Of The Dreamers III,Sleep Deprived (with Lute & Omen feat. Mez & DaVionne),"Dreamville, Lute, Omen, Mez, DaVionne",Revenge Of The Dreamers III
Revenge Of The Dreamers III,Self Love (with Ari Lennox & Bas feat. Baby Rose),"Dreamville, Ari Lennox, Bas, Baby Rose",Revenge Of The Dreamers III
Revenge Of The Dreamers III,"Ladies, Ladies, Ladies (with JID feat. T.I.)","Dreamville, JID, T.I.",Revenge Of The Dreamers III
Revenge Of The Dreamers III,"Costa Rica (with Bas & JID feat. Guapdad 4000, Reese LAFLARE, Jace, Mez, Smokepurpp, Buddy & Ski Mask The Slump God)","Dreamville, Bas, JID, Guapdad 4000, Reese LAFLARE, Jace, Mez, Smokepurpp, Buddy, Ski Mask The Slump God",Revenge Of The Dreamers III
Revenge Of The Dreamers III,"1993 (with J. Cole, JID, Cozz & EARTHGANG feat. Smino & Buddy)","Dreamville, J. Cole, JID, Cozz, EARTHGANG, Smino, Buddy",Revenge Of The Dreamers III
Revenge Of The Dreamers III,Rembrandt...Run It Back (with JID & J. Cole feat. Vince Staples),"Dreamville, JID, J. Cole, Vince Staples",Revenge Of The Dreamers III
Revenge Of The Dreamers III,Sunset (with J. Cole feat. Young Nudy),"Dreamville, J. Cole, Young Nudy",Revenge Of The Dreamers III
Revenge Of The Dreamers III,Got Me (with Ari Lennox & Omen feat. Ty Dolla $ign & Dreezy),"Dreamville, Ari Lennox, Omen, Ty Dolla $ign, Dreezy",Revenge Of The Dreamers III
Revenge Of The Dreamers III,MIDDLE CHILD,J. Cole,Revenge Of The Dreamers III
Revenge Of The Dreamers III,"PTSD (with Omen feat. Mereba, Deante' Hitchcock & St. Beauty)","Dreamville, Omen, Mereba, Deante' Hitchcock, St. Beauty",Revenge Of The Dreamers III
Revenge Of The Dreamers III,Sacrifices (with EARTHGANG & J. Cole feat. Smino & Saba),"Dreamville, EARTHGANG, J. Cole, Smino, Saba",Revenge Of The Dreamers III
RKS,Run,Rainbow Kitten Surprise,RKS
RKS,Counting Cards,Rainbow Kitten Surprise,RKS
RKS,Wasted,Rainbow Kitten Surprise,RKS
RKS,Cold Love,Rainbow Kitten Surprise,RKS
RKS,Lady Lie,Rainbow Kitten Surprise,RKS
RKS,American Shoes,Rainbow Kitten Surprise,RKS
RKS,Cocaine Jesus,Rainbow Kitten Surprise,RKS
RKS,Bare Bones,Rainbow Kitten Surprise,RKS
RKS,Goodnight Chicago,Rainbow Kitten Surprise,RKS
RKS,All's Well That Ends,Rainbow Kitten Surprise,RKS
RKS,The Comedown,Rainbow Kitten Surprise,RKS
Tangerine,Tangerine,"Mosie, Les Lapins Lundis, Bambi",Tangerine
Tangerine,Strayhorn,Mosie,Tangerine
Tangerine,Just the Thought,Mosie,Tangerine
Tangerine,High Life,"Mosie, Hannah Guzman",Tangerine
Tangerine,Sunshine,Mosie,Tangerine
Tangerine,Taxi,"Mosie, Bambi",Tangerine
Tangerine,Oh! Frenchy,Mosie,Tangerine
Tangerine,Lemon-Aid / Pinocchio,"Mosie, Bambi",Tangerine
Tangerine,Roll Up,"Mosie, Bambi, Scooby Bloo",Tangerine
Tangerine,Marilyn,Mosie,Tangerine
Tangerine,Three-Prong Sing-Along,"Mosie, Bambi",Tangerine
Tangerine,Look@Ugo,Mosie,Tangerine
Tangerine,Gingerbread,Mosie,Tangerine
Tangerine,Clementine (Ain't No Clean),Mosie,Tangerine
This Is All Yours,Intro,alt-J,This Is All Yours
This Is All Yours,Arrival in Nara,alt-J,This Is All Yours
This Is All Yours,Nara,alt-J,This Is All Yours
This Is All Yours,Every Other Freckle,alt-J,This Is All Yours
This Is All Yours,Left Hand Free,alt-J,This Is All Yours
This Is All Yours,Garden of England - Interlude,alt-J,This Is All Yours
This Is All Yours,Choice Kingdom,alt-J,This Is All Yours
This Is All Yours,Hunger of the Pine,alt-J,This Is All Yours
This Is All Yours,Warm Foothills,alt-J,This Is All Yours
This Is All Yours,The Gospel of John Hurt,alt-J,This Is All Yours
This Is All Yours,Pusher,alt-J,This Is All Yours
This Is All Yours,"Bloodflood, Pt. II",alt-J,This Is All Yours
This Is All Yours,Leaving Nara,alt-J,This Is All Yours
This Is All Yours,Lovely Day,alt-J,This Is All Yours
The Search,The Search,NF,The Search
The Search,Leave Me Alone,NF,The Search
The Search,Change,NF,The Search
The Search,My Stress,NF,The Search
The Search,Nate,NF,The Search
The Search,Time,NF,The Search
The Search,Returns,NF,The Search
The Search,When I Grow Up,NF,The Search
The Search,Only,"NF, Sasha Alex Sloan",The Search
The Search,Let Me Go,NF,The Search
The Search,-Interlude-,NF,The Search
The Search,Hate Myself,NF,The Search
The Search,I Miss The Days,NF,The Search
The Search,No Excuses,NF,The Search
The Search,Like This,NF,The Search
The Search,Options,NF,The Search
The Search,WHY,NF,The Search
The Search,Thinking,NF,The Search
The Search,Trauma,NF,The Search
The Search,Time - Edit,NF,The Search
Seven + Mary,Fail!,Rainbow Kitten Surprise,Seven + Mary
Seven + Mary,Mr. Redundant,Rainbow Kitten Surprise,Seven + Mary
Seven + Mary,First Class,Rainbow Kitten Surprise,Seven + Mary
Seven + Mary,Shameful Company,Rainbow Kitten Surprise,Seven + Mary
Seven + Mary,Seven,Rainbow Kitten Surprise,Seven + Mary
Seven + Mary,Devil Like Me,Rainbow Kitten Surprise,Seven + Mary
Seven + Mary,American Hero,Rainbow Kitten Surprise,Seven + Mary
Seven + Mary,All That and More (Sailboat),Rainbow Kitten Surprise,Seven + Mary
Seven + Mary,Hey Pretty Momma,Rainbow Kitten Surprise,Seven + Mary
Seven + Mary,Black and White,Rainbow Kitten Surprise,Seven + Mary
Seven + Mary,That's My Shit,Rainbow Kitten Surprise,Seven + Mary
Side A,What's the Matter,"Twin Peaks, Finom, V.V. Lightbody",Side A
Side A,Whistle in the Wind (End of Everything),"Twin Peaks, Lala Lala",Side A
Side A,Any More Than You Want,Twin Peaks,Side A
Side A,Above/Below,"Twin Peaks, Finom, V.V. Lightbody",Side A
Since I Left You,Since I Left You,The Avalanches,Since I Left You
Since I Left You,Stay Another Season,The Avalanches,Since I Left You
Since I Left You,Radio,The Avalanches,Since I Left You
Since I Left You,Two Hearts In 3/4 Time,The Avalanches,Since I Left You
Since I Left You,Avalanche Rock,The Avalanches,Since I Left You
Since I Left You,Flight Tonight,The Avalanches,Since I Left You
Since I Left You,Close To You,The Avalanches,Since I Left You
Since I Left You,Diners Only,The Avalanches,Since I Left You
Since I Left You,A Different Feeling,The Avalanches,Since I Left You
Since I Left You,Electricity,The Avalanches,Since I Left You
Since I Left You,Tonight May Have To Last Me All My Life,The Avalanches,Since I Left You
Since I Left You,Pablo's Cruise,The Avalanches,Since I Left You
Since I Left You,Frontier Psychiatrist,The Avalanches,Since I Left You
Since I Left You,ETOH,The Avalanches,Since I Left You
Since I Left You,Summer Crane,The Avalanches,Since I Left You
Since I Left You,Little Journey,The Avalanches,Since I Left You
Since I Left You,Live At Dominoes,The Avalanches,Since I Left You
Since I Left You,Extra Kings,The Avalanches,Since I Left You
Skrillex and Diplo present Jack Ü,Don't Do Drugs Just Take Some Jack Ü,"Jack Ü, Skrillex, Diplo",Skrillex and Diplo present Jack Ü
Skrillex and Diplo present Jack Ü,Beats Knockin (feat. Fly Boi Keno),"Jack Ü, Skrillex, Diplo, Fly Boi Keno",Skrillex and Diplo present Jack Ü
Skrillex and Diplo present Jack Ü,Take Ü There (feat. Kiesza),"Jack Ü, Skrillex, Diplo, Kiesza",Skrillex and Diplo present Jack Ü
Skrillex and Diplo present Jack Ü,Febreze (feat. 2 Chainz),"Jack Ü, Skrillex, Diplo, 2 Chainz",Skrillex and Diplo present Jack Ü
Skrillex and Diplo present Jack Ü,To Ü (feat. AlunaGeorge),"Jack Ü, Skrillex, Diplo, Aluna, AlunaGeorge",Skrillex and Diplo present Jack Ü
Skrillex and Diplo present Jack Ü,Jungle Bae (feat. Bunji Garlin & MX Prime),"Jack Ü, Skrillex, Diplo, Bunji Garlin, Mx Prime",Skrillex and Diplo present Jack Ü
Skrillex and Diplo present Jack Ü,Mind (feat. Kai),"Jack Ü, Skrillex, Diplo, kai",Skrillex and Diplo present Jack Ü
Skrillex and Diplo present Jack Ü,Holla Out (feat. Snails & Taranchyla),"Jack Ü, Skrillex, Diplo, SNAILS, Taranchyla",Skrillex and Diplo present Jack Ü
Skrillex and Diplo present Jack Ü,Where Are Ü Now (with Justin Bieber),"Jack Ü, Skrillex, Diplo, Justin Bieber",Skrillex and Diplo present Jack Ü
Skrillex and Diplo present Jack Ü,Take Ü There (feat. Kiesza) - Missy Elliott Remix,"Jack Ü, Skrillex, Diplo, Kiesza, Missy Elliott",Skrillex and Diplo present Jack Ü
The Slim Shady LP,Public Service Announcement,Eminem,The Slim Shady LP
The Slim Shady LP,My Name Is,Eminem,The Slim Shady LP
The Slim Shady LP,Guilty Conscience,"Eminem, Dr. Dre",The Slim Shady LP
The Slim Shady LP,Brain Damage,Eminem,The Slim Shady LP
The Slim Shady LP,Paul - Skit,"Eminem, Paul ""Bunyan"" Rosenberg",The Slim Shady LP
The Slim Shady LP,If I Had,Eminem,The Slim Shady LP
The Slim Shady LP,'97 Bonnie & Clyde,Eminem,The Slim Shady LP
The Slim Shady LP,Bitch - Skit,"Eminem, Zoe Winkler",The Slim Shady LP
The Slim Shady LP,Role Model,Eminem,The Slim Shady LP
The Slim Shady LP,Lounge - Skit,"Eminem, Jeff Bass, Mark Bass",The Slim Shady LP
The Slim Shady LP,My Fault,Eminem,The Slim Shady LP
The Slim Shady LP,Ken Kaniff - Skit,"Eminem, Aristotle, Mark Bass",The Slim Shady LP
The Slim Shady LP,Cum On Everybody,Eminem,The Slim Shady LP
The Slim Shady LP,Rock Bottom,Eminem,The Slim Shady LP
The Slim Shady LP,Just Don't Give A Fuck,Eminem,The Slim Shady LP
The Slim Shady LP,Soap - Skit,"Eminem, Jeff Bass, Royce Da 5'9""",The Slim Shady LP
The Slim Shady LP,As The World Turns,Eminem,The Slim Shady LP
The Slim Shady LP,I'm Shady,Eminem,The Slim Shady LP
The Slim Shady LP,Bad Meets Evil,"Eminem, Royce Da 5'9""",The Slim Shady LP
The Slim Shady LP,Still Don't Give A Fuck,Eminem,The Slim Shady LP
Sound & Color,Sound & Color,Alabama Shakes,Sound & Color
Sound & Color,Don't Wanna Fight,Alabama Shakes,Sound & Color
Sound & Color,Dunes,Alabama Shakes,Sound & Color
Sound & Color,Future People,Alabama Shakes,Sound & Color
Sound & Color,Gimme All Your Love,Alabama Shakes,Sound & Color
Sound & Color,This Feeling,Alabama Shakes,Sound & Color
Sound & Color,Guess Who,Alabama Shakes,Sound & Color
Sound & Color,The Greatest,Alabama Shakes,Sound & Color
Sound & Color,Shoegaze,Alabama Shakes,Sound & Color
Sound & Color,Miss You,Alabama Shakes,Sound & Color
Sound & Color,Gemini,Alabama Shakes,Sound & Color
Sound & Color,Over My Head,Alabama Shakes,Sound & Color
Still Life,The Moor (Remastered),Opeth,Still Life (Remastered)
Still Life,Godhead's Lament (Remastered),Opeth,Still Life (Remastered)
Still Life,Benighted (Remastered),Opeth,Still Life (Remastered)
Still Life,Moonlapse Vertigo (Remastered),Opeth,Still Life (Remastered)
Still Life,Face Of Melinda (Remastered),Opeth,Still Life (Remastered)
Still Life,Serenity Painted Death (Remastered),Opeth,Still Life (Remastered)
Still Life,White Cluster (Remastered),Opeth,Still Life (Remastered)
The Sunny Nights Project,The Intro,"LeRoyce, Loners Club, Samsonyte",The Sunny Nights Project
The Sunny Nights Project,Sunny Nights,LeRoyce,The Sunny Nights Project
The Sunny Nights Project,Catch My Drift,"LeRoyce, Scotty May",The Sunny Nights Project
The Sunny Nights Project,A1 Since Day 1,LeRoyce,The Sunny Nights Project
The Sunny Nights Project,Forever,LeRoyce,The Sunny Nights Project
The Sunny Nights Project,Cobras,"LeRoyce, T Gallardo, Samsonyte",The Sunny Nights Project
The Sunny Nights Project,Therapy,"LeRoyce, Loners Club",The Sunny Nights Project
The Sunny Nights Project,But I Love Ya,LeRoyce,The Sunny Nights Project
The Sunny Nights Project,Know the Name,LeRoyce,The Sunny Nights Project
SUSTO,Black River Gospel,Susto,SUSTO
SUSTO,Acid Boys,Susto,SUSTO
SUSTO,Black Jesus,Susto,SUSTO
SUSTO,County Line,Susto,SUSTO
SUSTO,Dream Girl,Susto,SUSTO
SUSTO,"Cigarettes, Whiskey & Wine",Susto,SUSTO
SUSTO,"Friends, Lovers, Ex-Lovers: Whatever",Susto,SUSTO
SUSTO,La Mia,Susto,SUSTO
SUSTO,Vampiro 66,Susto,SUSTO
SUSTO,Motorcycle Club,Susto,SUSTO
SUSTO,Smoking Outside,Susto,SUSTO
Survival Sounds,On The Ground,Rubblebucket,Survival Sounds
Survival Sounds,Carousel Ride,Rubblebucket,Survival Sounds
Survival Sounds,Sound Of Erasing,Rubblebucket,Survival Sounds
Survival Sounds,Middle,Rubblebucket,Survival Sounds
Survival Sounds,Rewind,Rubblebucket,Survival Sounds
Survival Sounds,Shake Me Around,Rubblebucket,Survival Sounds
Survival Sounds,Young And Old,Rubblebucket,Survival Sounds
Survival Sounds,My Life,Rubblebucket,Survival Sounds
Survival Sounds,Origami,Rubblebucket,Survival Sounds
Survival Sounds,Major Roxy,Rubblebucket,Survival Sounds
Survival Sounds,Hey Everybody,Rubblebucket,Survival Sounds
The Swimming Hour,Two Way Action,Andrew Bird,The Swimming Hour
The Swimming Hour,Core and Rind,Andrew Bird,The Swimming Hour
The Swimming Hour,Why,Andrew Bird,The Swimming Hour
The Swimming Hour,11:11,Andrew Bird,The Swimming Hour
The Swimming Hour,Case in Point,Andrew Bird,The Swimming Hour
The Swimming Hour,Too Long,Andrew Bird,The Swimming Hour
The Swimming Hour,Way out West,Andrew Bird,The Swimming Hour
The Swimming Hour,Waiting to Talk,Andrew Bird,The Swimming Hour
The Swimming Hour,Fatal Flower Garden,Andrew Bird,The Swimming Hour
The Swimming Hour,Satisfied,Andrew Bird,The Swimming Hour
The Swimming Hour,Headsoak,Andrew Bird,The Swimming Hour
The Swimming Hour,How Indiscreet,Andrew Bird,The Swimming Hour
The Swimming Hour,Dear Old Greenland,Andrew Bird,The Swimming Hour
This Is All Yours,Intro,alt-J,This Is All Yours
This Is All Yours,Arrival in Nara,alt-J,This Is All Yours
This Is All Yours,Nara,alt-J,This Is All Yours
This Is All Yours,Every Other Freckle,alt-J,This Is All Yours
This Is All Yours,Left Hand Free,alt-J,This Is All Yours
This Is All Yours,Garden of England - Interlude,alt-J,This Is All Yours
This Is All Yours,Choice Kingdom,alt-J,This Is All Yours
This Is All Yours,Hunger of the Pine,alt-J,This Is All Yours
This Is All Yours,Warm Foothills,alt-J,This Is All Yours
This Is All Yours,The Gospel of John Hurt,alt-J,This Is All Yours
This Is All Yours,Pusher,alt-J,This Is All Yours
This Is All Yours,"Bloodflood, Pt. II",alt-J,This Is All Yours
This Is All Yours,Leaving Nara,alt-J,This Is All Yours
This Is All Yours,Lovely Day,alt-J,This Is All Yours
Three,Funeral Pyre,Phantogram,Three
Three,Same Old Blues,Phantogram,Three
Three,You Don’t Get Me High Anymore,Phantogram,Three
Three,Cruel World,Phantogram,Three
Three,Barking Dog,Phantogram,Three
Three,You're Mine,Phantogram,Three
Three,Answer,Phantogram,Three
Three,Run Run Blood,Phantogram,Three
Three,Destroyer,Phantogram,Three
Three,Calling All,Phantogram,Three
TOOGOODOO,Dinosaur Bones,Stop Light Observations,TOOGOODOO
TOOGOODOO,Idle Hands,Stop Light Observations,TOOGOODOO
TOOGOODOO,Security,Stop Light Observations,TOOGOODOO
TOOGOODOO,Know It Alls,Stop Light Observations,TOOGOODOO
TOOGOODOO,Aquarius Apocalyptic,Stop Light Observations,TOOGOODOO
TOOGOODOO,Dead,Stop Light Observations,TOOGOODOO
TOOGOODOO,Leroy,Stop Light Observations,TOOGOODOO
TOOGOODOO,For Elizabeth,Stop Light Observations,TOOGOODOO
TOOGOODOO,Give to Get,Stop Light Observations,TOOGOODOO
TOOGOODOO,Steppin Away,Stop Light Observations,TOOGOODOO
TOOGOODOO,Who You Are,Stop Light Observations,TOOGOODOO
TOOGOODOO,The 50 Ways,Stop Light Observations,TOOGOODOO
The Tragedian's Decoupage,A Collection of Recordings,Kai Straw,The Tragedian's Decoupage
The Tragedian's Decoupage,Apotheosis,Kai Straw,The Tragedian's Decoupage
The Tragedian's Decoupage,Flower Child,Kai Straw,The Tragedian's Decoupage
The Tragedian's Decoupage,Delusionist Imaginarium,Kai Straw,The Tragedian's Decoupage
The Tragedian's Decoupage,Duelism [sic],Kai Straw,The Tragedian's Decoupage
The Tragedian's Decoupage,That Noise in Crowds,Kai Straw,The Tragedian's Decoupage
The Tragedian's Decoupage,Pope Charles,Kai Straw,The Tragedian's Decoupage
The Tragedian's Decoupage,123456789,Kai Straw,The Tragedian's Decoupage
The Tragedian's Decoupage,Slaughterhouse,Kai Straw,The Tragedian's Decoupage
The Tragedian's Decoupage,Six Feet,Kai Straw,The Tragedian's Decoupage
The Tragedian's Decoupage,28 Grams,Kai Straw,The Tragedian's Decoupage
The Tragedian's Decoupage,In Salsola,Kai Straw,The Tragedian's Decoupage
The Tragedian's Decoupage,Pinocchio: A Soliloquy,Kai Straw,The Tragedian's Decoupage
The Tragedian's Decoupage,I Bring a Life of That.. To an End,"Kai Straw, Lauralee Poe",The Tragedian's Decoupage
The Tragedian's Decoupage,Hangman,Kai Straw,The Tragedian's Decoupage
War Elephant,Ashamed,Deer Tick,War Elephant
War Elephant,Art Isn't Real (City Of Sin),Deer Tick,War Elephant
War Elephant,Standing At The Threshold,Deer Tick,War Elephant
War Elephant,Dirty Dishes,Deer Tick,War Elephant
War Elephant,Long Time,Deer Tick,War Elephant
War Elephant,Nevada,Deer Tick,War Elephant
War Elephant,Baltimore Blues No. 1,Deer Tick,War Elephant
War Elephant,These Old Shoes,Deer Tick,War Elephant
War Elephant,Not So Dense,Deer Tick,War Elephant
War Elephant,Spend The Night,Deer Tick,War Elephant
War Elephant,Diamond Rings 2007,Deer Tick,War Elephant
War Elephant,Sink Or Swim,Deer Tick,War Elephant
War Elephant,Christ Jesus,Deer Tick,War Elephant
War Elephant,What Kind Of Fool Am I,Deer Tick,War Elephant
Watching Movies with the Sound Off (Deluxe Edition),The Star Room,Mac Miller,Watching Movies with the Sound Off (Deluxe Edition)
Watching Movies with the Sound Off (Deluxe Edition),Avian,Mac Miller,Watching Movies with the Sound Off (Deluxe Edition)
Watching Movies with the Sound Off (Deluxe Edition),I'm Not Real,"Mac Miller, Earl Sweatshirt",Watching Movies with the Sound Off (Deluxe Edition)
Watching Movies with the Sound Off (Deluxe Edition),S.D.S.,Mac Miller,Watching Movies with the Sound Off (Deluxe Edition)
Watching Movies with the Sound Off (Deluxe Edition),Bird Call,Mac Miller,Watching Movies with the Sound Off (Deluxe Edition)
Watching Movies with the Sound Off (Deluxe Edition),Matches,"Mac Miller, Ab-Soul",Watching Movies with the Sound Off (Deluxe Edition)
Watching Movies with the Sound Off (Deluxe Edition),I Am Who Am (Killin' Time),"Mac Miller, Niki Randa",Watching Movies with the Sound Off (Deluxe Edition)
Watching Movies with the Sound Off (Deluxe Edition),Objects in the Mirror,Mac Miller,Watching Movies with the Sound Off (Deluxe Edition)
Watching Movies with the Sound Off (Deluxe Edition),Red Dot Music,"Mac Miller, Action Bronson",Watching Movies with the Sound Off (Deluxe Edition)
Watching Movies with the Sound Off (Deluxe Edition),Gees,"Mac Miller, ScHoolboy Q",Watching Movies with the Sound Off (Deluxe Edition)
Watching Movies with the Sound Off (Deluxe Edition),Watching Movies,Mac Miller,Watching Movies with the Sound Off (Deluxe Edition)
Watching Movies with the Sound Off (Deluxe Edition),Suplexes Inside of Complexes and Duplexes,Mac Miller,Watching Movies with the Sound Off (Deluxe Edition)
Watching Movies with the Sound Off (Deluxe Edition),Remember,Mac Miller,Watching Movies with the Sound Off (Deluxe Edition)
Watching Movies with the Sound Off (Deluxe Edition),Someone Like You,Mac Miller,Watching Movies with the Sound Off (Deluxe Edition)
Watching Movies with the Sound Off (Deluxe Edition),Aquarium,Mac Miller,Watching Movies with the Sound Off (Deluxe Edition)
Watching Movies with the Sound Off (Deluxe Edition),Youforia,Mac Miller,Watching Movies with the Sound Off (Deluxe Edition)
Watching Movies with the Sound Off (Deluxe Edition),Goosebumpz (Bonus Track),Mac Miller,Watching Movies with the Sound Off (Deluxe Edition)
Watching Movies with the Sound Off (Deluxe Edition),O.K. (Bonus Track),"Mac Miller, Tyler, The Creator",Watching Movies with the Sound Off (Deluxe Edition)
Watching Movies with the Sound Off (Deluxe Edition),Claymation (Bonus Track),"Mac Miller, Vinny Radio",Watching Movies with the Sound Off (Deluxe Edition)
The Waterfall II,Spinning My Wheels,My Morning Jacket,The Waterfall II
The Waterfall II,Still Thinkin,My Morning Jacket,The Waterfall II
The Waterfall II,Climbing The Ladder,My Morning Jacket,The Waterfall II
The Waterfall II,Feel You,My Morning Jacket,The Waterfall II
The Waterfall II,Beautiful Love (Wasn't Enough),My Morning Jacket,The Waterfall II
The Waterfall II,Magic Bullet,My Morning Jacket,The Waterfall II
The Waterfall II,Run It,My Morning Jacket,The Waterfall II
The Waterfall II,Wasted,My Morning Jacket,The Waterfall II
The Waterfall II,Welcome Home,My Morning Jacket,The Waterfall II
The Waterfall II,The First Time,My Morning Jacket,The Waterfall II
We Are the Tide,Half Moon,Blind Pilot,We Are the Tide
We Are the Tide,Always,Blind Pilot,We Are the Tide
We Are the Tide,Keep You Right,Blind Pilot,We Are the Tide
We Are the Tide,We Are the Tide,Blind Pilot,We Are the Tide
We Are the Tide,The Colored Night,Blind Pilot,We Are the Tide
We Are the Tide,I Know,Blind Pilot,We Are the Tide
We Are the Tide,White Apple,Blind Pilot,We Are the Tide
We Are the Tide,Just One,Blind Pilot,We Are the Tide
We Are the Tide,Get It Out,Blind Pilot,We Are the Tide
We Are the Tide,New York,Blind Pilot,We Are the Tide
"WHEN WE ALL FALL ASLEEP, WHERE DO WE GO",!!!!!!!,Billie Eilish,"WHEN WE ALL FALL ASLEEP, WHERE DO WE GO?"
"WHEN WE ALL FALL ASLEEP, WHERE DO WE GO",bad guy,Billie Eilish,"WHEN WE ALL FALL ASLEEP, WHERE DO WE GO?"
"WHEN WE ALL FALL ASLEEP, WHERE DO WE GO",xanny,Billie Eilish,"WHEN WE ALL FALL ASLEEP, WHERE DO WE GO?"
"WHEN WE ALL FALL ASLEEP, WHERE DO WE GO",you should see me in a crown,Billie Eilish,"WHEN WE ALL FALL ASLEEP, WHERE DO WE GO?"
"WHEN WE ALL FALL ASLEEP, WHERE DO WE GO",all the good girls go to hell,Billie Eilish,"WHEN WE ALL FALL ASLEEP, WHERE DO WE GO?"
"WHEN WE ALL FALL ASLEEP, WHERE DO WE GO",wish you were gay,Billie Eilish,"WHEN WE ALL FALL ASLEEP, WHERE DO WE GO?"
"WHEN WE ALL FALL ASLEEP, WHERE DO WE GO",when the party's over,Billie Eilish,"WHEN WE ALL FALL ASLEEP, WHERE DO WE GO?"
"WHEN WE ALL FALL ASLEEP, WHERE DO WE GO",8,Billie Eilish,"WHEN WE ALL FALL ASLEEP, WHERE DO WE GO?"
"WHEN WE ALL FALL ASLEEP, WHERE DO WE GO",my strange addiction,Billie Eilish,"WHEN WE ALL FALL ASLEEP, WHERE DO WE GO?"
"WHEN WE ALL FALL ASLEEP, WHERE DO WE GO",bury a friend,Billie Eilish,"WHEN WE ALL FALL ASLEEP, WHERE DO WE GO?"
"WHEN WE ALL FALL ASLEEP, WHERE DO WE GO",ilomilo,Billie Eilish,"WHEN WE ALL FALL ASLEEP, WHERE DO WE GO?"
"WHEN WE ALL FALL ASLEEP, WHERE DO WE GO",listen before i go,Billie Eilish,"WHEN WE ALL FALL ASLEEP, WHERE DO WE GO?"
"WHEN WE ALL FALL ASLEEP, WHERE DO WE GO",i love you,Billie Eilish,"WHEN WE ALL FALL ASLEEP, WHERE DO WE GO?"
"WHEN WE ALL FALL ASLEEP, WHERE DO WE GO",goodbye,Billie Eilish,"WHEN WE ALL FALL ASLEEP, WHERE DO WE GO?"
Wild Onion,I Found A New Way,Twin Peaks,Wild Onion
Wild Onion,Strawberry Smoothie,Twin Peaks,Wild Onion
Wild Onion,Mirror of Time,Twin Peaks,Wild Onion
Wild Onion,Sloop Jay D,Twin Peaks,Wild Onion
Wild Onion,Making Breakfast,Twin Peaks,Wild Onion
Wild Onion,Strange World,Twin Peaks,Wild Onion
Wild Onion,Fade Away,Twin Peaks,Wild Onion
Wild Onion,Sweet Thing,Twin Peaks,Wild Onion
Wild Onion,Stranger World,Twin Peaks,Wild Onion
Wild Onion,Telephone,Twin Peaks,Wild Onion
Wild Onion,Flavor,Twin Peaks,Wild Onion
Wild Onion,Ordinary People,Twin Peaks,Wild Onion
Wild Onion,Good Lovin',Twin Peaks,Wild Onion
Wild Onion,Hold On,Twin Peaks,Wild Onion
Wild Onion,No Way Out,Twin Peaks,Wild Onion
Wild Onion,Mind Frame,Twin Peaks,Wild Onion
Wincing The Night Away,Sleeping Lessons,The Shins,Wincing The Night Away
Wincing The Night Away,Australia,The Shins,Wincing The Night Away
Wincing The Night Away,Pam Berry,The Shins,Wincing The Night Away
Wincing The Night Away,Phantom Limb,The Shins,Wincing The Night Away
Wincing The Night Away,Sea Legs,The Shins,Wincing The Night Away
Wincing The Night Away,Red Rabbits,The Shins,Wincing The Night Away
Wincing The Night Away,Turn On Me,The Shins,Wincing The Night Away
Wincing The Night Away,Black Wave,The Shins,Wincing The Night Away
Wincing The Night Away,Spilt Needles,The Shins,Wincing The Night Away
Wincing The Night Away,Girl Sailor,The Shins,Wincing The Night Away
Wincing The Night Away,A Comet Appears,The Shins,Wincing The Night Away
Winter,It Doesn't Matter to Him,"John Grant, Sinéad O'Connor",Winter
Winter,Faultlines,Lanterns on the Lake,Winter
Winter,Helplessness Blues,Fleet Foxes,Winter
Winter,Proof,I Am Kloot,Winter
Winter,These Days,The Black Keys,Winter
Winter,Time of the Season,"Isobel Campbell, Mark Lanegan",Winter
Winter,By Some Miracle,Philip Selway,Winter
Winter,Gethsemane,Dry the River,Winter
Winter,I Don't Know,Lisa Hannigan,Winter
Winter,Play,iamamiwhoami,Winter
Winter,Strange Moon Rising,Smoke Fairies,Winter
Winter,Friend Of The Night - Acid Casuals Remix,Mogwai,Winter
Winter,Can't You Tell,Vetiver,Winter
Winter,Searching for the Truth,Edwyn Collins,Winter
Winter,"7 Days, 7 Weeks",dEUS,Winter
Winter,Sorry About the Doom,Slow Club,Winter
Winter,Bored in the USA,Father John Misty,Winter
Winter,Something Good Can Work,Two Door Cinema Club,Winter
Winter,Frozen Atmosphere,TOY,Winter
Winter,Feel Real,Deptford Goth,Winter
Winter,Don't Leave Me Here Alone,Cherry Ghost,Winter
Winter,Keys,White Denim,Winter
Winter,Crooked Legs,The Acorn,Winter
Winter,"Be Comfortable, Creature",Explosions In The Sky,Winter
Winter,Wild Goose,M. Ward,Winter
Winter,Running Back to You,The Juan McLean,Winter
Winter,I Still Feel,"Oaktree, Avondlicht, Adriaan de Roover",Winter
Winter,Cold Win,Ghostpoet,Winter
Winter,In the Wind,Lord Huron,Winter
Winter,House,Kindness,Winter
Winter,Her Hair is Growing Long,Jonathan Wilson,Winter
Winter,All The Beautiful Things,Eels,Winter
Winter,Through The Grass,Wild Nothing,Winter
Winter,Roll Me Out,CHAMPS,Winter
Winter,Apples and Pairs,Slow Club,Winter
Winter,Dreaming My Life Away,Best Coast,Winter
Winter,Charlie Darwin,The Low Anthem,Winter
x Infinity,"Tiny Glowing Screens, Pt. 3",Watsky,x Infinity
x Infinity,Talking to Myself,Watsky,x Infinity
x Infinity,Chemical Angel,Watsky,x Infinity
x Infinity,Little Slice (feat. Danny Skyhigh McClain),"Watsky, Danny Skyhigh McClain",x Infinity
x Infinity,Springtime in New York,Watsky,x Infinity
x Infinity,Pink Lemonade,Watsky,x Infinity
x Infinity,Don't Be Nice,Watsky,x Infinity
x Infinity,Yes Britannia,Watsky,x Infinity
x Infinity,Love Letters,Watsky,x Infinity
x Infinity,Stick to Your Guns (feat. Julia Nunes),"Watsky, Julia Nunes",x Infinity
x Infinity,Brave New World (feat. Chaos Chaos),"Watsky, Chaos Chaos",x Infinity
x Infinity,Going Down,Watsky,x Infinity
x Infinity,Midnight Heart (feat. Mal Devisa),"Watsky, Mal Devisa",x Infinity
x Infinity,Conversations,Watsky,x Infinity
x Infinity,Knots,Watsky,x Infinity
x Infinity,Roses,Watsky,x Infinity
x Infinity,Theories,Watsky,x Infinity
x Infinity,"(Bonus Track) Exquisite Corpse (feat. Dumbfoundead, Grieves, Adam Vida, Wax, Rafael Casal, Daveed Diggs & Chinaka Hodge)","Watsky, Dumbfoundead, Grieves, Adam Vida, Wax, Rafael Casal, Daveed Diggs, Chinaka Hodge",x Infinity
ZABA,Flip,Glass Animals,ZABA
ZABA,Black Mambo,Glass Animals,ZABA
ZABA,Pools,Glass Animals,ZABA
ZABA,Gooey,Glass Animals,ZABA
ZABA,Walla Walla,Glass Animals,ZABA
ZABA,Intruxx,Glass Animals,ZABA
ZABA,Hazey,Glass Animals,ZABA
ZABA,Toes,Glass Animals,ZABA
ZABA,Wyrd,Glass Animals,ZABA
ZABA,Cocoa Hooves,Glass Animals,ZABA
ZABA,JDNT,Glass Animals,ZABA
^ lol v,Flip,Glass Animals,ZABA
^ lol v,Black Mambo,Glass Animals,ZABA
^ lol v,Pools,Glass Animals,ZABA
^ lol v,Gooey,Glass Animals,ZABA
^ lol v,Walla Walla,Glass Animals,ZABA
^ lol v,Intruxx,Glass Animals,ZABA
^ lol v,Hazey,Glass Animals,ZABA
^ lol v,Toes,Glass Animals,ZABA
^ lol v,Wyrd,Glass Animals,ZABA
^ lol v,Cocoa Hooves,Glass Animals,ZABA
^ lol v,JDNT,Glass Animals,ZABA
^ lol v,Tokyo Drifting (with Denzel Curry),"Glass Animals, Denzel Curry",Tokyo Drifting
^ lol v,ZUU,Denzel Curry,ZUU
^ lol v,RICKY,Denzel Curry,ZUU
^ lol v,WISH FEAT. KIDDO MARV,"Denzel Curry, Kiddo Marv",ZUU
^ lol v,BIRDZ FEAT. RICK ROSS,"Denzel Curry, Rick Ross",ZUU
^ lol v,AUTOMATIC,"Denzel Curry, Tay Keith",ZUU
^ lol v,SPEEDBOAT,Denzel Curry,ZUU
^ lol v,BUSHY B INTERLUDE,Denzel Curry,ZUU
^ lol v,YOO,Denzel Curry,ZUU
^ lol v,CAROLMART FEAT. ICE BILLION BERG,"Denzel Curry, Ice Billion Berg",ZUU
^ lol v,SHAKE 88 FEAT. SAM SNEAK,"Denzel Curry, Sam Sneak",ZUU
^ lol v,BLACKLAND 66.6,Denzel Curry,ZUU
^ lol v,P.A.T. FEAT. PLAYTHATBOIZAY,"Denzel Curry, PlayThatBoiZay",ZUU
ZUU,ZUU,Denzel Curry,ZUU
ZUU,RICKY,Denzel Curry,ZUU
ZUU,WISH FEAT. KIDDO MARV,"Denzel Curry, Kiddo Marv",ZUU
ZUU,BIRDZ FEAT. RICK ROSS,"Denzel Curry, Rick Ross",ZUU
ZUU,AUTOMATIC,"Denzel Curry, Tay Keith",ZUU
ZUU,SPEEDBOAT,Denzel Curry,ZUU
ZUU,BUSHY B INTERLUDE,Denzel Curry,ZUU
ZUU,YOO,Denzel Curry,ZUU
ZUU,CAROLMART FEAT. ICE BILLION BERG,"Denzel Curry, Ice Billion Berg",ZUU
ZUU,SHAKE 88 FEAT. SAM SNEAK,"Denzel Curry, Sam Sneak",ZUU
ZUU,BLACKLAND 66.6,Denzel Curry,ZUU
ZUU,P.A.T. FEAT. PLAYTHATBOIZAY,"Denzel Curry, PlayThatBoiZay",ZUU
ModestMouse/BandOHorses,Meditation,Will Hanson,Velvet Ears 11
ModestMouse/BandOHorses,In Her Loving Memory,Will Hanson,Moving a Body
ModestMouse/BandOHorses,Dramamine,Modest Mouse,This Is a Long Drive for Someone with Nothing to Think About
ModestMouse/BandOHorses,Pneumonia,Me Like Bees,The Ides
ModestMouse/BandOHorses,Weight of This World,The Kingston Springs,The Kingston Springs
ModestMouse/BandOHorses,Just A Boy,Angus & Julia Stone,A Book Like This
ModestMouse/BandOHorses,Strip Mine,The Cave Singers,Banshee
ModestMouse/BandOHorses,Blurry Nights,"Hayden, Lou Canon",Us Alone
ModestMouse/BandOHorses,The Funeral,Band of Horses,Everything All The Time
ModestMouse/BandOHorses,Where Is My Mind?,Pixies,Surfer Rosa (Remastered)
ModestMouse/BandOHorses,In A Sweater Poorly Knit,mewithoutYou,"Brother, Sister"
ModestMouse/BandOHorses,Blame It On the Tetons,Modest Mouse,Good News For People Who Love Bad News
ModestMouse/BandOHorses,Comforting the Disturbed and Disturbing the Comfortable,Dead To Me,I Wanna Die in Los Angeles
GameTime-AltPop,Passin Through,Jack and the Other,Circles
GameTime-AltPop,big fat mouth,Arlie,Wait
GameTime-AltPop,Strings Attached,Opia,Strings Attached
GameTime-AltPop,something more,j ember,something more
GameTime-AltPop,Not the End of the World (Even as We Know It),Faded Paper Figures,Relics
GameTime-AltPop,Tuff Ghost,The Unicorns,Who Will Cut Our Hair When We're Gone? (Remastered)
GameTime-AltPop,Not Running,The Beths,Future Me Hates Me
GameTime-AltPop,River Run: Lvl 1,The Beths,Future Me Hates Me
GameTime-AltPop,I'm Not Getting Excited,The Beths,Jump Rope Gazers
GameTime-AltPop,Carry Your Heart,Wildermiss,Carry Your Heart
GameTime-VideoGameOSTs,No Escape,Darren Korb,Hades: Original Soundtrack
GameTime-VideoGameOSTs,The House of Hades,Darren Korb,Hades: Original Soundtrack
GameTime-VideoGameOSTs,Out of Tartarus,Darren Korb,Hades: Original Soundtrack
GameTime-VideoGameOSTs,Wretched Shades,Darren Korb,Hades: Original Soundtrack
GameTime-VideoGameOSTs,Lament of Orpheus,Darren Korb,Hades: Original Soundtrack
GameTime-VideoGameOSTs,The Painful Way,Darren Korb,Hades: Original Soundtrack
GameTime-VideoGameOSTs,From Olympus,Darren Korb,Hades: Original Soundtrack
GameTime-VideoGameOSTs,Through Asphodel,Darren Korb,Hades: Original Soundtrack
GameTime-VideoGameOSTs,Good Riddance (Eurydice Solo),"Darren Korb, Ashley Barrett",Hades: Original Soundtrack
GameTime-VideoGameOSTs,Final Expense,Darren Korb,Hades: Original Soundtrack
GameTime-VideoGameOSTs,Mouth of Styx,Darren Korb,Hades: Original Soundtrack
GameTime-VideoGameOSTs,Primordial Chaos,Darren Korb,Hades: Original Soundtrack
GameTime-VideoGameOSTs,The Bloodless,Darren Korb,Hades: Original Soundtrack
GameTime-VideoGameOSTs,Scourge of the Furies,Darren Korb,Hades: Original Soundtrack
GameTime-VideoGameOSTs,Field of Souls,Darren Korb,Hades: Original Soundtrack
GameTime-VideoGameOSTs,River of Flame,Darren Korb,Hades: Original Soundtrack
GameTime-VideoGameOSTs,Death and I,Darren Korb,Hades: Original Soundtrack
GameTime-VideoGameOSTs,Rage of the Myrmidons,Darren Korb,Hades: Original Soundtrack
GameTime-VideoGameOSTs,The Exalted,Darren Korb,Hades: Original Soundtrack
GameTime-VideoGameOSTs,Last Words,Darren Korb,Hades: Original Soundtrack
GameTime-VideoGameOSTs,The King and the Bull,Darren Korb,Hades: Original Soundtrack
GameTime-VideoGameOSTs,Lament of Orpheus (Underworld Mix),Darren Korb,Hades: Original Soundtrack
GameTime-VideoGameOSTs,Gates of Hell,Darren Korb,Hades: Original Soundtrack
GameTime-VideoGameOSTs,God of the Dead,Darren Korb,Hades: Original Soundtrack
GameTime-VideoGameOSTs,Final Expense (Payback Mix),Darren Korb,Hades: Original Soundtrack
GameTime-VideoGameOSTs,On the Coast,Darren Korb,Hades: Original Soundtrack
GameTime-VideoGameOSTs,In the Blood,"Darren Korb, Ashley Barrett",Hades: Original Soundtrack
GameTime-VideoGameOSTs,The Unseen Ones,"Darren Korb, Masahiro Aoki, daisuke kurosawa",Hades: Original Soundtrack
GameTime-VideoGameOSTs,Good Riddance,"Darren Korb, Ashley Barrett",Hades: Original Soundtrack
GameTime-VideoGameOSTs,Nucleus,aivi & surasshu,The Black Box
GameTime-VideoGameOSTs,Shapeshifter,aivi & surasshu,The Black Box
GameTime-VideoGameOSTs,Lonely Rolling Star,aivi & surasshu,The Black Box
GameTime-VideoGameOSTs,Diamond Dove,aivi & surasshu,The Black Box
GameTime-VideoGameOSTs,Here's How!,aivi & surasshu,The Black Box
GameTime-VideoGameOSTs,Mika,aivi & surasshu,The Black Box
GameTime-VideoGameOSTs,38,aivi & surasshu,The Black Box
GameTime-VideoGameOSTs,Distance,aivi & surasshu,The Black Box
GameTime-VideoGameOSTs,Pocket Universe,aivi & surasshu,The Black Box
GameTime-VideoGameOSTs,Exosphere,aivi & surasshu,The Black Box
GameTime-VideoGameOSTs,Judgement,Hot Sugar,Torchlight
GameTime-ChillElectronic,I Feel Good,Ehrling,I Feel Good
GameTime-ChillElectronic,Ellie's Nap,Esseks,Ellie's Nap
GameTime-ChillElectronic,Shortbus - G-Space Remix,"Esseks, G-Space",Esseks - Shortbus (G-Space Remix)
GameTime-ChillElectronic,Overrated,Esseks,Bad Cartoons
GameTime-ChillElectronic,Glass,Blood Cultures,Oh Uncertainty! A Universe Despairs
GameTime-ChillElectronic,Animal - Saint Motel Remix,"ELEL, Saint Motel",Animal (Saint Motel Remix)
GameTime1,Terrible Lie,Nine Inch Nails,Pretty Hate Machine (Remastered)
GameTime1,Holy Ghost,Bent Knee,Land Animal
GameTime1,Hole,Bent Knee,Land Animal
GameTime1,Insides In,Bent Knee,Land Animal
GameTime-InstrumentHeavy,Groove,TORN,Groove
GameTime-InstrumentHeavy,Island In The Sun,Weezer,Weezer
GameTime-InstrumentHeavy,Nasty (feat. Jason Richardson),"Polyphia, Jason Richardson",New Levels New Devils
GameTime-InstrumentHeavy,O.D.,Polyphia,New Levels New Devils
GameTime-InstrumentHeavy,Death Note (feat. Ichika),"Polyphia, Ichika Nito",New Levels New Devils
GameTime-InstrumentHeavy,Bad,Polyphia,New Levels New Devils
GameTime-InstrumentHeavy,Drown (feat. Mateus Asato),"Polyphia, Mateus Asato",New Levels New Devils
GameTime-InstrumentHeavy,Saucy,Polyphia,New Levels New Devils
GameTime-InstrumentHeavy,Yas (feat. Mario Camarena and Erick Hansel),"Polyphia, Mario Camarena, Erick Hansel",New Levels New Devils
GameTime-InstrumentHeavy,So Strange (feat. Cuco),"Polyphia, Cuco",New Levels New Devils
GameTime-InstrumentHeavy,Rich Kids (feat. Yvette Young),"Polyphia, Yvette Young",New Levels New Devils
GameTime-InstrumentHeavy,G.O.A.T.,Polyphia,New Levels New Devils
GameTime-InstrumentHeavy,Old Engine Oil,The Budos Band,The Budos Band V
GameTime-InstrumentHeavy,The Enchanter,The Budos Band,The Budos Band V
GameTime-InstrumentHeavy,"Spider Web, Pt. 1",The Budos Band,The Budos Band V
GameTime-InstrumentHeavy,A Pair of Nines,Scott Hirsch,Lost Time Behind the Moon
GameTime-Rock,didya think,Arlie,Wait
GameTime-Rock,Grow Back,The Happy Fits,Concentrate
GameTime-Rock,San Francisco,The Lonely Biscuits,The Universe in You
GameTime-Rock,Dull,Microwave,Much Love
GameTime-Rock,Grow Back,The Happy Fits,Concentrate
GameTime-Rock,Dirty Imbecile,The Happy Fits,Awfully Apeelin'
GameTime-Rock,Mistakes,Ceramic Animal,The Cart
GameTime-Rock,How You Been?,Harrison Fjord,Puspa in Space
GameTime-Rock,Black Gold,Houndmouth,Little Neon Limelight
GameTime-Rock,Chains of Love,The Arcs,"Yours, Dreamily,"
GameTime-Rock,Younger Days,Mt. Joy,Mt. Joy
GameTime-Rock,Morphine,The Ninjas,Morphine
GameTime-Rock,Longshot,Catfish and the Bottlemen,The Balance
GameTime-Rock,Nek,Psychedelic Porn Crumpets,"High Visceral, Pt. 2"
GameTime-Rock,Gurzle,Psychedelic Porn Crumpets,"High Visceral, Pt. 2"
GameTime-Rock,Lo/Hi,The Black Keys,Lo/Hi
GameTime-Rock,Denmark / Van Gogh & Gone,Psychedelic Porn Crumpets,"High Visceral, Pt. 1"
GameTime-Rock,Mine,Cottonwood Firing Squad,Mine
GameTime-Rock,When You Were Old (El Dorado),Scott Hirsch,Lost Time Behind the Moon
GameTime-Rock,Valley of the Moon,Scott Hirsch,Lost Time Behind the Moon
GameTime-Rock,A Pair of Nines,Scott Hirsch,Lost Time Behind the Moon
GameTime-Rock,Smilers of the Night,Stop Light Observations,Radiation
GameTime-Rock,Stuck On You,Fruition,Watching It All Fall Apart
GameTime-Rock,Zeplike,Slightly Stoopid,Closer To The Sun
GameTime-Rock,Plastic Skeletons,Jealous of the Birds,The Moths Of What I Want Will Eat Me In My Sleep
GameTime-Rock,The Rager,Kyle Craft,Full Circle Nightmare
GameTime-Rock,Big Town Banky Blaine's Rockabilly BBQ,Bear Ghost,Big Town Banky Blaine's Rockabilly BBQ
GameTime-Rock,Cue,Papadosio,T.E.T.I.O.S
GameTime-Rock,Not the End of the World (Even as We Know It),Faded Paper Figures,Relics
GameTime-Rock,Honey,Orchards,Honey
GameTime-Rock,Age Of You,Orchards,Losers/Lovers EP
GameTime-Rock,Darling,Orchards,Losers/Lovers EP
GameTime-Rock,To The Blade,Everything Everything,Get To Heaven (Deluxe)
GameTime-Rock,Oleander,Mother Mother,Eureka
GameTime-Rock,White Is Red,Death From Above 1979,The Physical World
GameTime-Rock,Eye of a Hurricane,Kyle Craft,Dolls of Highland
GameTime-Rock,Lady of the Ark,Kyle Craft,Dolls of Highland
GameTime-Rock,Slick & Delta Queen,Kyle Craft,Full Circle Nightmare
GameTime-Rock,Something on Your Mind,Kyle Craft,Girl Crazy
GameTime-Rock,Every Time the Sun Comes Up,Kyle Craft,Girl Crazy
GameTime-Rock,Mary,The Happy Fits,Concentrate
GameTime-Rock,Hello Cruel World,Dent May,Across The Multiverse
GameTime-Rock,Evergreen,Bendigo Fletcher,Fits Of Laughter
GameTime-Rock,Pali Gap / Hey Baby (New Rising Sun),Lukas Nelson and Promise of the Real,Promise of the Real
GameTime-Rock,Weight of This World,The Kingston Springs,The Kingston Springs
GameTime-Rock,Happy Days,Closure in Moscow,Pink Lemonade
GameTime-Rock,Pacing Like Prince,Ryan Montbleau,Growing Light
GameTime-Rock,Break Them Bad Boys Down,Stop Light Observations,Radiation
GameTime-Rock,No Rain,Blind Melon,Blind Melon
GameTime-Rock,Change,Blind Melon,Blind Melon
GameTime-Rock,Toes Across The Floor,Blind Melon,Soup
GameTime-Rock,Hacienda Motel,Pickwick,Can't Talk Medicine
GameTime-Rock,Where'd All the Time Go?,Dr. Dog,"Shame, Shame (Deluxe Edition)"
Dimick's spin on ClassicRock,Soulshine,Allman Brothers Band,Where It All Begins
Dimick's spin on ClassicRock,Shine,Collective Soul,"Hints, Allegations & Things Left Unsaid"
Dimick's spin on ClassicRock,Banks Of The Deep End,Gov't Mule,The Deep End Vol. 1
Dimick's spin on ClassicRock,The Sun Is Shining Down,"JJ Grey & Mofro, Mofro",Country Ghetto
Dimick's spin on ClassicRock,The Vigil,Blue Öyster Cult,Mirrors
Dimick's spin on ClassicRock,The Man Who Sold The World - Live,Nirvana,MTV Unplugged In New York
Dimick's spin on ClassicRock,Free Bird,Lynyrd Skynyrd,Pronounced' Leh-'Nerd 'Skin-'Nerd
Dimick's spin on ClassicRock,Tuesday's Gone,Lynyrd Skynyrd,Pronounced' Leh-'Nerd 'Skin-'Nerd
Dimick's spin on ClassicRock,That's The Way - Live 1972; Remaster,Led Zeppelin,How the West Was Won (Remaster)
Dimick's spin on ClassicRock,Then Came the Last Days of May,Blue Öyster Cult,Blue Oyster Cult
Dimick's spin on ClassicRock,The Weight - Remastered 2000,The Band,Music From Big Pink (Remastered)
Dimick's spin on ClassicRock,Can't You See,The Marshall Tucker Band,Keeping The Love Alive
Dimick's spin on ClassicRock,Simple Man,Lynyrd Skynyrd,Pronounced' Leh-'Nerd 'Skin-'Nerd
Dimick's spin on ClassicRock,Black Dog - Remaster,Led Zeppelin,Led Zeppelin IV (Remaster)
Dimick's spin on ClassicRock,When the Levee Breaks - Remaster,Led Zeppelin,Led Zeppelin IV (Deluxe Edition)
Dimick's spin on ClassicRock,In the Light - 1990 Remaster,Led Zeppelin,Physical Graffiti (1994 Remaster)
Dimick's spin on ClassicRock,Use Me,Beans & Fatback,With Skin Attached
Dimick's spin on ClassicRock,Cortez The Killer,Gov't Mule,Live...With A Little Help From Our Friends
Dimick's spin on ClassicRock,I'm A Ram,Gov't Mule,Mighty High
Dimick's spin on ClassicRock,Beautifully Broken,Gov't Mule,The Deepest End (Live)
Dimick's spin on ClassicRock,It Hurts Me Too (feat. Little Milton),Gov't Mule,Mulennium
Dimick's spin on ClassicRock,She Talks To Angels,The Black Crowes,Greatest Hits 1990-1999: A Tribute To A Work In Progress...
Dimick's spin on ClassicRock,Sideways,Citizen Cope,Seventeen: The Best New Music (Hear It First)
Dimick's spin on ClassicRock,Get It While You Can,Janis Joplin,Pearl (Legacy Edition)
Dimick's spin on ClassicRock,No Rain,Blind Melon,Blind Melon
Dimick's spin on ClassicRock,"No Woman, No Cry - Live At The Lyceum, London/1975",Bob Marley & The Wailers,Live!
Dimick's spin on ClassicRock,Pali Gap / Hey Baby (New Rising Sun),Lukas Nelson and Promise of the Real,Promise of the Real
2000's Chamber and Alt Pop,Lisztomania,Phoenix,Wolfgang Amadeus Phoenix
2000's Chamber and Alt Pop,Broken,Gorillaz,Plastic Beach
2000's Chamber and Alt Pop,Your Woman,White Town,Women In Technology
2000's Chamber and Alt Pop,Out of My League,Fitz and The Tantrums,Out of My League
2000's Chamber and Alt Pop,Left Hand Free,alt-J,This Is All Yours
2000's Chamber and Alt Pop,A-Punk,Vampire Weekend,Vampire Weekend
2000's Chamber and Alt Pop,Dashboard,Modest Mouse,We Were Dead Before The Ship Even Sank
2000's Chamber and Alt Pop,Stolen Dance,Milky Chance,Stolen Dance
2000's Chamber and Alt Pop,Farrah Fawcett Hair,"Capital Cities, André 3000",In A Tidal Wave Of Mystery (Deluxe Edition)
2000's Chamber and Alt Pop,Tongue Tied,GROUPLOVE,Never Trust a Happy Song
2000's Chamber and Alt Pop,What You Know,Two Door Cinema Club,Tourist History
2000's Chamber and Alt Pop,Undercover Martyn,Two Door Cinema Club,Tourist History
2000's Chamber and Alt Pop,Feels Like We Only Go Backwards,Tame Impala,Lonerism
2000's Chamber and Alt Pop,Rawnald Gregory Erickson the Second,STRFKR,Starfucker
2000's Chamber and Alt Pop,Breezeblocks,alt-J,An Awesome Wave
2000's Chamber and Alt Pop,Electric Feel,MGMT,Oracular Spectacular
2000's Chamber and Alt Pop,Kids,MGMT,Oracular Spectacular
2000's Chamber and Alt Pop,HandClap,Fitz and The Tantrums,Fitz and The Tantrums (Deluxe Edition)
2000's Chamber and Alt Pop,Out of My League,Fitz and The Tantrums,More Than Just a Dream (Deluxe Edition)
2000's Chamber and Alt Pop,Daylight,Matt and Kim,Grand
2000's Chamber and Alt Pop,Sweet Disposition,The Temper Trap,Conditions
2000's Chamber and Alt Pop,Don't Slow Down,Matt and Kim,Grand
2000's Chamber and Alt Pop,Not Alone,Matt and Kim,New Glow
2000's Chamber and Alt Pop,Step,Vampire Weekend,Modern Vampires of the City
2000's Chamber and Alt Pop,The Kids Don't Stand A Chance,Vampire Weekend,Vampire Weekend
2000's Chamber and Alt Pop,Take a Walk,Passion Pit,Gossamer
2000's Chamber and Alt Pop,Animal,Miike Snow,Miike Snow
2000's Chamber and Alt Pop,Pumped Up Kicks,Foster The People,Torches
2000's Chamber and Alt Pop,Burning,The Whitest Boy Alive,Dreams
2000's Chamber and Alt Pop,Golden Cage,The Whitest Boy Alive,Dreams
2000's Chamber and Alt Pop,Loud Pipes,Ratatat,Classics
2000's Chamber and Alt Pop,Young Blood,The Naked And Famous,"Passive Me, Aggressive You"
2000's Chamber and Alt Pop,Punching In A Dream,The Naked And Famous,"Passive Me, Aggressive You"
2000's Chamber and Alt Pop,1901,Phoenix,Wolfgang Amadeus Phoenix
2000's Chamber and Alt Pop,If I Ever Feel Better,Phoenix,United
2000's Chamber and Alt Pop,Lo/Hi,The Black Keys,Lo/Hi
2000's Chamber and Alt Pop,Tighten Up,The Black Keys,Brothers
2000's Chamber and Alt Pop,Two Weeks,Grizzly Bear,Veckatimest
2000's Chamber and Alt Pop,We Come Running,Youngblood Hawke,Youngblood Hawke
2000's Chamber and Alt Pop,San Francisco,The Mowgli's,Waiting For The Dawn
2000's Chamber and Alt Pop,Dog Days Are Over,Florence + The Machine,Lungs (Deluxe Edition)
2000's Chamber and Alt Pop,You've Got The Love,Florence + The Machine,Lungs (Deluxe Edition)
2000's Chamber and Alt Pop,Shake It Out,Florence + The Machine,Ceremonials (Deluxe Edition)
2000's Chamber and Alt Pop,Australia,The Shins,Wincing The Night Away
2000's Chamber and Alt Pop,Phantom Limb,The Shins,Wincing The Night Away
2000's Chamber and Alt Pop,Caring Is Creepy,The Shins,"Oh, Inverted World"
2000's Chamber and Alt Pop,Water,"Ra Ra Riot, Rostam",Need Your Light
2000's Chamber and Alt Pop,West Coast,Coconut Records,Nighttiming
2000's Chamber and Alt Pop,I'm Good,The Mowgli's,Kids In Love
2000's Chamber and Alt Pop,Wake Up,Arcade Fire,Funeral
2000's Chamber and Alt Pop,The Suburbs,Arcade Fire,The Suburbs
2000's Chamber and Alt Pop,The Rifle's Spiral,"The Shins, James Mercer",Port Of Morrow
2000's Chamber and Alt Pop,Can I Call You Tonight?,Dayglow,Fuzzybrain
2000's Chamber and Alt Pop,Longshot (7 Nights),Miike Snow,iii
2000's Chamber and Alt Pop,Tuff Ghost,The Unicorns,Who Will Cut Our Hair When We're Gone? (Remastered)
WhiteStripes/Muse/ThirdEyeBlind,Where Is My Mind?,Pixies,Surfer Rosa (Remastered)
WhiteStripes/Muse/ThirdEyeBlind,Wake Up,Arcade Fire,Funeral
WhiteStripes/Muse/ThirdEyeBlind,Flagpole Sitta,Harvey Danger,Where Have All The Merrymakers Gone?
WhiteStripes/Muse/ThirdEyeBlind,Ghosting,Mother Mother,O My Heart
WhiteStripes/Muse/ThirdEyeBlind,Hayloft,Mother Mother,O My Heart
WhiteStripes/Muse/ThirdEyeBlind,Hotel Yorba,The White Stripes,White Blood Cells
WhiteStripes/Muse/ThirdEyeBlind,Dull,Microwave,Much Love
WhiteStripes/Muse/ThirdEyeBlind,Fell In Love With A Girl,The White Stripes,White Blood Cells
WhiteStripes/Muse/ThirdEyeBlind,Song 2 - 2012 Remaster,Blur,Blur (Special Edition)
WhiteStripes/Muse/ThirdEyeBlind,Buttons,The Weeks,Comeback Cadillac
WhiteStripes/Muse/ThirdEyeBlind,Semi-Charmed Life,Third Eye Blind,Third Eye Blind
WhiteStripes/Muse/ThirdEyeBlind,Never Let You Go - 2008 Remaster,Third Eye Blind,Blue
WhiteStripes/Muse/ThirdEyeBlind,Starlight,Muse,Black Holes and Revelations
WhiteStripes/Muse/ThirdEyeBlind,Supermassive Black Hole,Muse,Black Holes and Revelations
WhiteStripes/Muse/ThirdEyeBlind,Lazy Eye,Silversun Pickups,Carnavas
WhiteStripes/Muse/ThirdEyeBlind,Short Skirt / Long Jacket,CAKE,Comfort Eagle
WhiteStripes/Muse/ThirdEyeBlind,Kiss With A Fist,Florence + The Machine,Lungs (Deluxe Edition)
WhiteStripes/Muse/ThirdEyeBlind,No Rain,Blind Melon,Blind Melon
Gorillaz/Strokes/ArcticMonkeys,Only Ones Who Know,Arctic Monkeys,Favourite Worst Nightmare (Standard Version)
Gorillaz/Strokes/ArcticMonkeys,On Melancholy Hill,Gorillaz,Plastic Beach
Gorillaz/Strokes/ArcticMonkeys,Last Nite,The Strokes,Is This It
Gorillaz/Strokes/ArcticMonkeys,No. 1 Party Anthem,Arctic Monkeys,AM
Gorillaz/Strokes/ArcticMonkeys,Someday,The Strokes,Is This It
Gorillaz/Strokes/ArcticMonkeys,Australia,The Shins,Wincing The Night Away
Gorillaz/Strokes/ArcticMonkeys,Phantom Limb,The Shins,Wincing The Night Away
Gorillaz/Strokes/ArcticMonkeys,The Adults Are Talking,The Strokes,The New Abnormal
Gorillaz/Strokes/ArcticMonkeys,Human,The Killers,Day & Age (Bonus Tracks)
Gorillaz/Strokes/ArcticMonkeys,Read My Mind,The Killers,Sam's Town
Gorillaz/Strokes/ArcticMonkeys,Starlight,Muse,Black Holes and Revelations
Gorillaz/Strokes/ArcticMonkeys,Madness,Muse,The 2nd Law
Gorillaz/Strokes/ArcticMonkeys,Wake Up,Arcade Fire,Funeral
Gorillaz/Strokes/ArcticMonkeys,Eternal Summer,The Strokes,The New Abnormal
Gorillaz/Strokes/ArcticMonkeys,At The Door,The Strokes,The New Abnormal
Gorillaz/Strokes/ArcticMonkeys,Miss Atomic Bomb,The Killers,Battle Born
Gorillaz/Strokes/ArcticMonkeys,Believe,The Bravery,The Sun And The Moon
Gorillaz/Strokes/ArcticMonkeys,Your Woman,White Town,Women In Technology
Gorillaz/Strokes/ArcticMonkeys,1979,New Shack,Eingang
sweeter sound,Big Sis,SALES,SALES LP
sweeter sound,Ropa de Bazar,"Ed Maverick, Bratty",Ropa de Bazar
sweeter sound,Overthinking,Acid Ghost,I Want to Hide My Face & Die
sweeter sound,One Last Time,Summer Salt,One Last Time
sweeter sound,Different State of Mind,Kid Bloom,A Different State of Mind
sweeter sound,Lovers Rock,TV Girl,French Exit
sweeter sound,Hot Rod,Dayglow,Fuzzybrain
sweeter sound,Needs,Verzache,Needs
sweeter sound,Saw You In A Dream,The Japanese House,Saw You In A Dream
sweeter sound,I Love You So,The Walters,Songs for Dads
sweeter sound,A Little While,Yellow Days,Harmless Melodies
sweeter sound,Can I Call You Tonight?,Dayglow,Fuzzybrain
sweeter sound,Sweet FA,Peach Pit,Sweet FA
sweeter sound,Gap in the Clouds,Yellow Days,Harmless Melodies
sweeter sound,Violet Days,Tommy Newport,Violet Days
sweeter sound,Buttercup,Jack Stauber,Pop Food
sweeter sound,Oh Klahoma,Jack Stauber,Pop Food
sweeter sound,Corduroy Dreams,Rex Orange County,Bcos U Will Never B Free
sweeter sound,These Days,Wallows,Spring EP
sweeter sound,Dull,Microwave,Much Love
sweeter sound,Babydoll,Dominic Fike,"Don't Forget About Me, Demos"
sweeter sound,Lonely Boy,The Black Keys,El Camino
sweeter sound,Goodie Bag,Still Woozy,Goodie Bag
sweeter sound,Cool with You,Her's,Songs of Her's
sweeter sound,HEADY,Reaper,heady
sweeter sound,She Wants My Money,Dominic Fike,"Don't Forget About Me, Demos"
sweeter sound,Tommy's Party,Peach Pit,Being So Normal
sweeter sound,Falling,My Friend Alan,Falling
sweeter sound,Lover Is a Day,Cuco,wannabewithu
sweeter sound,New Flesh,Current Joys,Wild Heart
sweeter sound,Imagination,Foster The People,Imagination
sweeter sound,Cooks,Still Woozy,Cooks
sweeter sound,Be Your Boy,Medium Build,Be Your Boy
sweeter sound,Parking Lot,Genevieve Stokes,Swimming Lessons
sweeter sound,Drop the Guillotine,Peach Pit,Sweet FA
sweeter sound,Dead Weight,Jack Stauber,HiLo
sweeter sound,In My Room,Chance Peña,In My Room
sweeter sound,Ms,alt-J,An Awesome Wave
sweeter sound,When You Can't Sleep At Night,Of Mice & Men,The Flood (Deluxe Reissue)
sweeter sound,Pleaser,Wallows,Pleaser
sweeter sound,Morning Dove,Genevieve Stokes,Swimming Lessons
Nalick Favorites,At Now,Anna Nalick,At Now
Future Me Hates Me,Great No One,The Beths,Future Me Hates Me
Future Me Hates Me,Future Me Hates Me,The Beths,Future Me Hates Me
Future Me Hates Me,Uptown Girl,The Beths,Future Me Hates Me
Future Me Hates Me,You Wouldn't Like Me,The Beths,Future Me Hates Me
Future Me Hates Me,Not Running,The Beths,Future Me Hates Me
Future Me Hates Me,Little Death,The Beths,Future Me Hates Me
Future Me Hates Me,Happy Unhappy,The Beths,Future Me Hates Me
Future Me Hates Me,River Run: Lvl 1,The Beths,Future Me Hates Me
Future Me Hates Me,Whatever,The Beths,Future Me Hates Me
Future Me Hates Me,Less Than Thou,The Beths,Future Me Hates Me
Jump Rope Gazers,I'm Not Getting Excited,The Beths,Jump Rope Gazers
Jump Rope Gazers,Dying to Believe,The Beths,Jump Rope Gazers
Jump Rope Gazers,Jump Rope Gazers,The Beths,Jump Rope Gazers
Jump Rope Gazers,Acrid,The Beths,Jump Rope Gazers
Jump Rope Gazers,Do You Want Me Now,The Beths,Jump Rope Gazers
Jump Rope Gazers,Out of Sight,The Beths,Jump Rope Gazers
Jump Rope Gazers,Don't Go Away,The Beths,Jump Rope Gazers
Jump Rope Gazers,"Mars, the God of War",The Beths,Jump Rope Gazers
Jump Rope Gazers,You Are a Beam of Light,The Beths,Jump Rope Gazers
Jump Rope Gazers,Just Shy of Sure,The Beths,Jump Rope Gazers
Lun,The Build Up,Destiny Potato,Lun
Lun,Indifferent,Destiny Potato,Lun
Lun,Take a Picture,Destiny Potato,Lun
Lun,Machine,Destiny Potato,Lun
Lun,Love Song,Destiny Potato,Lun
Lun,Lunatic,Destiny Potato,Lun
Lun,Walls of Thought,Destiny Potato,Lun
Lun,Blue Sun,Destiny Potato,Lun
Lun,U.Y.M.,Destiny Potato,Lun
Lun,Lost Dream,Destiny Potato,Lun
Lun,House of Lies,Destiny Potato,Lun
Lun,Addict,Destiny Potato,Lun
Close the blinds,This Night Has Opened My Eyes - 2011 Remaster,The Smiths,Hatful of Hollow
Close the blinds,Tumbling Lights,The Acid,Liminal
Close the blinds,Sweet Jane,Cowboy Junkies,Best Of Cowboy Junkies
Close the blinds,Apocalypse,Cigarettes After Sex,Cigarettes After Sex
Close the blinds,Space Song,Beach House,Depression Cherry
Close the blinds,Sweetest Kill,Broken Social Scene,Forgiveness Rock Record
Close the blinds,Wolves,Phosphorescent,Pride
Close the blinds,I Don't Know,Nick Hakim,"Where Will We Go, Pt. 2"
Close the blinds,Wish You Were Here,Pink Floyd,Wish You Were Here
Close the blinds,Sea of Love,Cat Power,The Covers Record
Close the blinds,The Fall,Rhye,Woman
Close the blinds,K.,Cigarettes After Sex,Cigarettes After Sex
Close the blinds,It's Late,A Beacon School,Cola
Close the blinds,Taste,Rhye,Blood
Close the blinds,Getting It On,SALES,SALES - EP
Close the blinds,Big Sis,SALES,SALES LP
Close the blinds,Nothing's Gonna Hurt You Baby,Cigarettes After Sex,I.
Close the blinds,Sleep Apnea,Beach Fossils,Clash the Truth
Close the blinds,Open,Rhye,Woman
Close the blinds,Dreams Tonite,Alvvays,Antisocialites
Close the blinds,3 Days,Rhye,Woman
Close the blinds,Sweet,Cigarettes After Sex,Cigarettes After Sex
Close the blinds,Please,Rhye,Blood
Close the blinds,Freshmen,S. Fidelity,A Safe Place to Be Naked
Close the blinds,Sweetie,Devin Morrison,"Altogether, Part One"
Close the blinds,Float (feat. Mélat),"Savon, Melat",Float (feat. Mélat)
Close the blinds,Swell,"Ian Ewing, Virginia Palms",Swell
Close the blinds,Better,Shaqdi,Better
Close the blinds,Love Is Weakness,C Y G N,Chillhop Essentials Summer 2018
Close the blinds,Smart Gurl In A Skort,"Ian Ewing, Philanthrope",Chillhop Essentials Summer 2018
Close the blinds,Own2,April + VISTA,Own2
Close the blinds,Micro Orgy,"Mister Carver, Serpico",Sangre
Close the blinds,Lost in a Sea of Pillows and Blankets,.anxious.,Inhale/Exhale/Disappear
Close the blinds,Souvenirs,Dream Koala,Blur
Close the blinds,Choices,B-Side,Journey To Badlands
Close the blinds,bitches broken hearts,Billie Eilish,bitches broken hearts
Close the blinds,Nights,Frank Ocean,Blonde
Close the blinds,Pretty Little Fears (feat. J. Cole),"6LACK, J. Cole",East Atlanta Love Letter
Work,Ain't No Rest for the Wicked,Cage The Elephant,Cage The Elephant (Expanded Edition)
Work,Makeba,Jain,Zanaka
Work,The Big Bang,Rock Mafia,The Big Bang
Work,Ritual Union,Little Dragon,Ritual Union
Work,Sunshine,Atmosphere,Sad Clown Bad Summer Number 9
Work,I Follow Rivers - The Magician Remix,"Lykke Li, The Magician",I Follow Rivers (The Magician Remix)
Work,Indian Summer,Jai Wolf,Indian Summer
Work,Sushi & Wine,Liam Back,Vacant Sea
Work,Dream Machine - Downtempo Mix,"Mark Farina, Sean Hayes",Hôtel Costes - A Decade
Work,Be Your Girl (Kaytranada Edition),"Teedra Moses, KAYTRANADA",Be Your Girl (Kaytranada Edition)
Undeniably Underrated,My Companjera,Gogol Bordello,Trans-Continental Hustle
Undeniably Underrated,Quiet Little Voices,We Were Promised Jetpacks,These Four Walls
Undeniably Underrated,Don't Wanna Fight,Alabama Shakes,Don't Wanna Fight
Undeniably Underrated,The Rat,The Walkmen,Bows + Arrows
Undeniably Underrated,Kathleen,Catfish and the Bottlemen,The Balcony
Undeniably Underrated,Homesick,Catfish and the Bottlemen,The Balcony
Undeniably Underrated,Heavy Chevy,Alabama Shakes,Boys & Girls
Undeniably Underrated,Start Wearing Purple,Gogol Bordello,Gypsy Punks: Underdog World Strike
Undeniably Underrated,Wonderlust King,Gogol Bordello,Super Taranta!
Undeniably Underrated,Ships With Holes Will Sink,We Were Promised Jetpacks,These Four Walls
Undeniably Underrated,Temple,Kings of Leon,Mechanical Bull (Expanded Edition)
Undeniably Underrated,Pyro,Kings of Leon,Come Around Sundown
Undeniably Underrated,Knocked Up,Kings of Leon,Because Of The Times
Undeniably Underrated,Taper Jean Girl,Kings of Leon,Aha Shake Heartbreak
Undeniably Underrated,It's Thunder and It's Lightning,We Were Promised Jetpacks,These Four Walls
Undeniably Underrated,Coming Back Again,Kings of Leon,Mechanical Bull (Expanded Edition)
Undeniably Underrated,Don't Swallow the Cap,The National,Trouble Will Find Me
Undeniably Underrated,I Need My Girl,The National,Trouble Will Find Me
Undeniably Underrated,Sweet Talk,Dear and the Headlights,"Small Steps, Heavy Hooves"
Undeniably Underrated,Hallelujah,Dear and the Headlights,"Small Steps, Heavy Hooves"
Undeniably Underrated,Hallelujah,The Helio Sequence,Keep Your Eyes Ahead
Undeniably Underrated,Coast of Carolina,Telekinesis,Telekinesis!
Undeniably Underrated,Your English Is Good,Tokyo Police Club,Elephant Shell
Undeniably Underrated,Please Ask for Help,Telekinesis,12 Desperate Straight Lines
Undeniably Underrated,Hello? Goodbye!,Lake Street Dive,Lake Street Dive
Undeniably Underrated,Is This How You Feel?,The Preatures,Blue Planet Eyes
Undeniably Underrated,"Hate, Rain on Me",AJJ,Knife Man
Undeniably Underrated,The Promise,When In Rome,When In Rome
Undeniably Underrated,Requiem For A Tower,London Music Works,Requiem for a Tower | Dream
Undeniably Underrated,I'm Not Gonna Teach Your Boyfriend How to Dance with You,Black Kids,Partie Traumatic
Undeniably Underrated,Dignity,New Politics,New Politics
Undeniably Underrated,Yeah Yeah Yeah,New Politics,New Politics
Undeniably Underrated,Cat Fantastic,TTNG,13.0.0.0.0
Undeniably Underrated,Pot Kettle Black,Tilly And The Wall,o
Undeniably Underrated,Linus Spacehead,Wavves,King Of The Beach
Undeniably Underrated,Stranger to My Happiness,"Sharon Jones & The Dap-Kings, Charles Bradley, Antibalas, Saun & Starr, The Sugarman 3",Daptone Super Soul Revue
Undeniably Underrated,Fader,The Temper Trap,Conditions
Undeniably Underrated,School Friends,"Now, Now",Threads
Undeniably Underrated,La valse d'Amélie - Version piano,Yann Tiersen,Amelie from Montmartre
Undeniably Underrated,"Comptine d'un autre été, l'après-midi",Yann Tiersen,Amelie from Montmartre
Undeniably Underrated,Call Me on Your Way Back Home,Ryan Adams,Heartbreaker
Undeniably Underrated,All Will Be Well,Gabe Dixon,The Gabe Dixon Band
Undeniably Underrated,You Don't Know How Lucky You Are,Keaton Henson,Dear
Undeniably Underrated,Small Hands,Keaton Henson,Dear
Undeniably Underrated,On Your Porch,The Format,Interventions and Lullabies
Undeniably Underrated,A Better Son/Daughter,Rilo Kiley,Rilo Kiley
Undeniably Underrated,All For You - Acoustic,Sister Hazel,Before The Amplifiers...Live Acoustic
Undeniably Underrated,Delicate,Damien Rice,O
Undeniably Underrated,Skeleton Key,Margot & The Nuclear So And So's,The Dust Of Retreat
Undeniably Underrated,Aminals,Baths,Cerulean
Undeniably Underrated,Lovely Bloodflow,Baths,Cerulean
Undeniably Underrated,Mr. November,The National,Alligator
Undeniably Underrated,Take This Waltz - Paris Version,Leonard Cohen,The Essential Leonard Cohen
Undeniably Underrated,Samson,Regina Spektor,Begin to Hope (Special Edition)
Undeniably Underrated,Don't Stop (feat. Tiffany Austin),"Orgone, Tiffany Austin",New You
Undeniably Underrated,Vi to er smeltet sammen,Stoffer & Maskinen,Stoffer & Maskinen
Favorite Tunes,Don't Swallow the Cap,The National,Trouble Will Find Me
Favorite Tunes,Graceless,The National,Trouble Will Find Me
Favorite Tunes,I Need My Girl,The National,Trouble Will Find Me
Favorite Tunes,Small Hands,Keaton Henson,Dear
Favorite Tunes,You Don't Know How Lucky You Are,Keaton Henson,Dear
Favorite Tunes,Lazy Eye,Silversun Pickups,The Singles Collection
Favorite Tunes,Panic Switch,Silversun Pickups,Swoon
Favorite Tunes,Substitution,Silversun Pickups,The Singles Collection
Favorite Tunes,Sex on Fire,Kings of Leon,Only By The Night
Favorite Tunes,Coming Back Again,Kings of Leon,Mechanical Bull (Expanded Edition)
Favorite Tunes,Pyro,Kings of Leon,Come Around Sundown
Favorite Tunes,Taper Jean Girl,Kings of Leon,Aha Shake Heartbreak
Favorite Tunes,Knocked Up,Kings of Leon,Because Of The Times
Favorite Tunes,Revelry,Kings of Leon,Only By The Night
Favorite Tunes,Brother In The Night,The Weeks,Dear Bo Jackson
Favorite Tunes,Buttons,The Weeks,Buttons
Favorite Tunes,Casimir Pulaski Day,Sufjan Stevens,Illinois
Favorite Tunes,It's Thunder and It's Lightning,We Were Promised Jetpacks,These Four Walls
Favorite Tunes,Circles and Squares,We Were Promised Jetpacks,In the Pit of the Stomach
Favorite Tunes,Quiet Little Voices,We Were Promised Jetpacks,These Four Walls
Favorite Tunes,The Rat,The Walkmen,Bows + Arrows
Favorite Tunes,Mr. November,The National,Alligator
Favorite Tunes,Wait,M83,"Hurry Up, We're Dreaming"
Favorite Tunes,Retrograde,James Blake,Retrograde
Favorite Tunes,Fast Car,Tracy Chapman,Tracy Chapman
Favorite Tunes,Claire De Lune,Claire de Lune,Claire De Lune
Favorite Tunes,Sunday Bloody Sunday,U2,U218 Singles
Favorite Tunes,Jesus Christ,Brand New,The Devil And God Are Raging Inside Me
Favorite Tunes,Sic Transit Gloria ... Glory Fades,Brand New,Deja Entendu
Favorite Tunes,The Quiet Things That No One Ever Knows,Brand New,Deja Entendu
Favorite Tunes,"Okay I Believe You, But My Tommy Gun Don't",Brand New,Deja Entendu
Favorite Tunes,The Boy Who Blocked His Own Shot,Brand New,Deja Entendu
Favorite Tunes,Me vs. Maradona vs. Elvis,Brand New,Deja Entendu
Favorite Tunes,Club Meds,Dan Mangan + Blacksmith,Club Meds
Favorite Tunes,Mouthpiece,Dan Mangan + Blacksmith,Club Meds
Favorite Tunes,Hallelujah,The Helio Sequence,Keep Your Eyes Ahead
Favorite Tunes,1969,El Ten Eleven,El Ten Eleven
Favorite Tunes,Hello? Goodbye!,Lake Street Dive,Lake Street Dive
Favorite Tunes,Cocoon,Catfish and the Bottlemen,The Balcony
Favorite Tunes,Wait So Long,Trampled by Turtles,Palomino
Favorite Tunes,Aminals,Baths,Cerulean
Favorite Tunes,Sideways,Citizen Cope,Seventeen: The Best New Music (Hear It First)
Favorite Tunes,Us - 2005 Remaster,Regina Spektor,(500) Days of Summer (Music from the Motion Picture)
Favorite Tunes,Beautiful Girl,William Fitzsimmons,Gold in the Shadow (Deluxe Version)
Favorite Tunes,Come On Get Higher,Matt Nathanson,Some Mad Hope
Favorite Tunes,Rhiannon,Fleetwood Mac,Fleetwood Mac
Favorite Tunes,Requiem For A Tower,London Music Works,Requiem for a Tower | Dream
Favorite Tunes,Always Like This,Bombay Bicycle Club,I Had The Blues But I Shook Them Loose
Favorite Tunes,Samson,Regina Spektor,Begin to Hope (Special Edition)
Favorite Tunes,"Hate, Rain on Me",AJJ,Knife Man
Favorite Tunes,Sweet Talk,Dear and the Headlights,"Small Steps, Heavy Hooves"
Favorite Tunes,Delicate,Damien Rice,O
Favorite Tunes,Bron-Y-Aur Stomp - Remaster,Led Zeppelin,Led Zeppelin III (Deluxe Edition)
Favorite Tunes,"Don't Think Twice, It's All Right",Bob Dylan,The Freewheelin' Bob Dylan
Favorite Tunes,Don't Leave Me (Ne me quitte pas),Regina Spektor,What We Saw from the Cheap Seats (Deluxe Version)
Favorite Tunes,Blister in the Sun - 2002 Remastered Version,Violent Femmes,Violent Femmes
Favorite Tunes,Trojans,Atlas Genius,When It Was Now (Deluxe Edition)
Favorite Tunes,Future People,Alabama Shakes,Future People
Favorite Tunes,To Build A Home,"The Cinematic Orchestra, Patrick Watson",Ma Fleur
Favorite Tunes,Addicted To Love,Florence + The Machine,Lungs (Deluxe Edition)
Favorite Tunes,Vienna,Billy Joel,The Stranger (Legacy Edition)
Favorite Tunes,Satin In A Coffin,Modest Mouse,Good News For People Who Love Bad News
Favorite Tunes,Baba O'Riley,The Who,Greatest Hits
Favorite Tunes,"Winter - Lux Aeterna (From ""Requiem For A Dream"")",The London Ensemble,Requiem for a Tower | Dream
Favorite Tunes,Weight of Love,The Black Keys,Weight of Love
Favorite Tunes,Meet Me In the City,The Black Keys,Chulahoma
Favorite Tunes,Under Cover of Darkness,The Strokes,Angles
Favorite Tunes,Cherry,Ratatat,Ratatat
Favorite Tunes,Come Home,Ryan Adams,Ashes & Fire
Favorite Tunes,People Ii: The Reckoning,AJJ,People Who Can Eat People Are the Luckiest People in the World
Favorite Tunes,"This Is My House, This Is My Home",We Were Promised Jetpacks,These Four Walls
Favorite Tunes,La Vie en rose,Édith Piaf,Edith Piaf - The Best Of
Favorite Tunes,Pursuit Of Happiness - Extended Steve Aoki Remix,"Kid Cudi, MGMT, Ratatat, Steve Aoki",Pursuit Of Happiness [Extended Steve Aoki Remix (Explicit)]
Favorite Tunes,Instant Crush (feat. Julian Casablancas),"Daft Punk, Julian Casablancas",Random Access Memories
Favorite Tunes,Up & Beyond,Wildcat! Wildcat!,No Moon At All
Cool sounds,Just Tell Me,Nico Yaryan,What A Tease
Cool sounds,Overflow,Ghost Loft,Overflow
Cool sounds,Wave(s),Lewis Del Mar,EP
Cool sounds,zZz,DROELOE,zZz
Cool sounds,Slow Down Love (feat. Chelsea Cutler),"Louis The Child, Chelsea Cutler",Love Is Alive EP
Cool sounds,Another Day in Paradise,Quinn XCII,Change of Scenery
Cool sounds,Light,San Holo,Light
Cool sounds,The Enigma of Copyright,Headphone Activist,The Enigma of Copyright
Cool sounds,Haiku,Headphone Activist,Haiku
Cool sounds,ocean eyes,Billie Eilish,dont smile at me
Cool sounds,Ridin Solo - Njomza Remix,Hippie Sabotage,The Sunny Album (Deluxe Edition)
Cool sounds,1940 - AmpLive Remix,"The Submarines, Amp Live",Honeysuckle Remixes
Cool sounds,Go Fuck Yourself,Two Feet,First Steps
Cool sounds,Indian Summer,Jai Wolf,Indian Summer
Cool sounds,High You Are,"What So Not, Branchez",High You Are (Remixes)
Cool sounds,Fantasy,"Alina Baraz, Galimatias",Urban Flora
Cool sounds,Jubel,Klingande,Jubel
Cool sounds,Mellow Out,in the blue shirt,Sensation Of Blueness
Cool sounds,Space Tree,Medium Troy,Space Tree
Cool sounds,Everlasting Sigh,Moses Sumney,Everlasting Sigh
Cool sounds,Earth Island,Crystal Fighters,Star Of Love
Cool sounds,Dreams (feat. Laura Brehm),"Rogue, Laura Brehm",Dreams EP
Cool sounds,Midnight City,M83,"Hurry Up, We're Dreaming"
Cool sounds,Outro,M83,"Hurry Up, We're Dreaming"
Cool sounds,Intro,M83,"Hurry Up, We're Dreaming"
Cool sounds,Strobe,deadmau5,For Lack of a Better Name
Cool sounds,Dorfex Bos - Bassnectar Remix 2015 Version,"Dorfex Bos, Bassnectar",Into the Sun
Cool sounds,Wiseman,Slightly Stoopid,Live & Direct: Acoustic Roots
Cool sounds,This Joint,Slightly Stoopid,Closer To The Sun
Cool sounds,"Show Me Love (feat. Chance The Rapper, Moses Sumney and Robin Hannibal) - Skrillex Remix","Hundred Waters, Chance the Rapper, Moses Sumney, Robin Hannibal, Skrillex","Show Me Love (feat. Chance The Rapper, Moses Sumney and Robin Hannibal) [Skrillex Remix]"
Cool sounds,Young,Vallis Alps,Vallis Alps
Cool sounds,Redbone,Childish Gambino,"""Awaken, My Love!"""
Cool sounds,Thief,Ookay,Thief
Cool sounds,Limelight (NGHTMRE Remix),"Just A Gent, NGHTMRE",Limelight (NGHTMRE Remix)
Cool sounds,Moons,Embee,Moons
Cool sounds,Restraint,Haywyre,Two Fold Pt. 2
Cool sounds,Mirage,Take/Five,Found Footage
Cool sounds,Divide & Conquer,What So Not,Divide & Conquer
Cool sounds,Severance - Interlude,What So Not,Divide & Conquer
Cool sounds,Lone (feat. JOY.),"What So Not, Ganz, JOY.",Divide & Conquer
Cool sounds,Last Kiss,ARTY,Glorious
Cool sounds,Moments,Take/Five,Found Footage
Cool sounds,Vibe,MELVV,Vibe
Cool sounds,GUD VIBRATIONS,"NGHTMRE, SLANDER",GUD VIBRATIONS
Cool sounds,Wounds,Quinn XCII,Change of Scenery
Cool sounds,When I'm Down,"Whethan, Oliver Tree",When I'm Down
Cool sounds,The Future - Wingtip Remix,"San Holo, James Vincent McMorrow, Wingtip",The Future (Remixes)
Cool sounds,Never Go Back,Netherfriends,P3ace
Cool sounds,Upside Down,Sickly,Upside Down
Cool sounds,Last - Moonbase Remix,"Polographia, Moonbase",Natural Remixes EP
Cool sounds,IPlayYouListen,ODESZA,Summer's Gone
Cool sounds,One Day They'll Know (ODESZA Remix),Pretty Lights,A Color Map of the Sun (Remixes)
Cool sounds,Drifter,Hippie Sabotage,Drifter
Cool sounds,Options,Hippie Sabotage,Options
Cool sounds,Can't Hide,"Whethan, Ashe",Can't Hide
Cool sounds,Jungle,Tash Sultana,Notion - EP
Cool sounds,Roses,"The Chainsmokers, ROZES",Roses
Cool sounds,It Won't Kill Ya,"The Chainsmokers, Louane",Memories...Do Not Open
Cool sounds,All The Time,Bahamas,Bahamas is Afie
Cool sounds,Constant Conversations,Passion Pit,Gossamer
Cool sounds,Sleigh Bells,Trap City,"Christmas Trap, Vol. 2"
Cool sounds,Android Porn,Kraddy,Android Porn / Steppin' Razor
Cool sounds,Takillya,Vinnie Maniscalco,Takillya
Cool sounds,Brighton,Swelo,Escalator Music
Cool sounds,Woodstock (Psychedelic Fiction),Jon Bellion,Woodstock (Psychedelic Fiction)
Cool sounds,Twinbow,"Slushii, Marshmello",Twinbow
Cool sounds,Genghis Khan - Louis the Child Remix,"Miike Snow, Louis The Child",Genghis Khan (Remixes)
Cool sounds,Don't Harsh My Mellow,Kids These Days,Don't Harsh My Mellow
Cool sounds,#SELFIE,The Chainsmokers,#SELFIE
Cool sounds,Sunburn,DROELOE,Sunburn
Cool sounds,Fistful Of Silence,The Glitch Mob,Drink the Sea
Cool sounds,Way Up (feat. Ava Re),"Floduxe, Ava Re",Way Up (feat. Ava Re)
Cool sounds,Find Your Cloud,Papadosio,T.E.T.I.O.S.
Cool sounds,LA 97',The Geek x Vrv,Origami (Deluxe EP)
Cool sounds,Habit,The Movement,Set Sail
Cool sounds,Skyline,FKJ,French Kiwi Juice
Cool sounds,For The Love (Big Wild Remix),"GRiZ, Big Wild, Talib Kweli",For The Love (Remixes) - EP
Cool sounds,Your Soul,Hippie Sabotage,The Sunny Album (Deluxe Edition)
Cool sounds,Malt Liquor,Lewis Del Mar,Lewis Del Mar
Cool sounds,It's Strange (feat. K.Flay),"Louis The Child, K.Flay",It's Strange (feat. K.Flay)
Cool sounds,By My Side,smle,Deadbeats Compilation (Vol. 1)
Cool sounds,feel good,"jamvvis, Lord Apex",celebration
Cool sounds,Vampire Again,Marlon Williams,Vampire Again
Cool sounds,Gold,Caye,Gold
Cool sounds,Red Red Wine,UB40,Labour Of Love
Cool sounds,Geisha,Ghastly,Geisha
Cool sounds,NEW BREED (feat. Darnell Williams),"JOYRYDE, Darnell, Darnell Williams",HOWSLA
Cool sounds,Chasing Heaven,"Bassnectar, Levit∆te",Into the Sun
Cool sounds,Make You Feel,"Alina Baraz, Galimatias",Urban Flora
Cool sounds,Midnight Terrain,Hermitude,Dark Night Sweet Light
Cool sounds,Lilith (feat. Apashe & Madi),"Dabin, Apashe",Lilith (feat. Apashe & Madi)
Cool sounds,waves - Tame Impala Remix,"Miguel, Tame Impala",Rogue Waves
Cool sounds,Good Times Roll,"Big Gigantic, GRiZ",Good Times Roll
Cool sounds,Bloom,ODESZA,In Return
Cool sounds,Rap Music Is Beneath Me,Milkman,Circle of Fifths
Cool sounds,Get It Right,"Diplo, MØ",Major Lazer Presents: Give Me Future (Music From & Inspired By the Film)
Cool sounds,Fire,"Louis The Child, Evalyn",Fire
Cool sounds,Gotta Push On,"GRiZ, Eric Krasno, Brasstracks",Good Will Prevail
Cool sounds,XO Tour Llif3,Brasstracks,XO Tour Llif3
Cool sounds,Jaigantic - Galimatias Remix,"Tora, Galimatias",High Enough
Cool sounds,Fembot,Robyn,Body Talk
Cool sounds,Read My Mind,Geographer,Read My Mind
Cool sounds,STFD,TeZATalks,STFD
Cool sounds,Find Me,TeZATalks,Chaos
Cool sounds,Interlude,TeZATalks,Chaos
Cool sounds,Sweet n Sour,Waterbed,Forever
Cool sounds,Zombies,Childish Gambino,"""Awaken, My Love!"""
Cool sounds,Alien Workshop,Blended Babies,1
Cool sounds,Your Hand In Mine,Explosions In The Sky,The Earth Is Not a Cold Dead Place
Cool sounds,To Stay,Great Dane,Lost & Loved EP
Cool sounds,Loud(y),Lewis Del Mar,Loud(y)
Cool sounds,Hey Mami,Sylvan Esso,Sylvan Esso
Cool sounds,Sorcererz,Gorillaz,The Now Now
Cool sounds,Magic City,Gorillaz,The Now Now
Cool sounds,Idaho,Gorillaz,The Now Now
Cool sounds,Fire Flies,Gorillaz,The Now Now
Cool sounds,One Percent,Gorillaz,The Now Now
Cool sounds,Souk Eye,Gorillaz,The Now Now
Cool sounds,November Has Come,"Gorillaz, MF DOOM",Demon Days
Cool sounds,Jessica,Allman Brothers Band,Dreams
Cool sounds,Trojans - Xaphoon Jones Remix,"Atlas Genius, Xaphoon Jones",So Electric: When It Was Now (The Remixes)
Cool sounds,Drugs,Adam Jensen,Drugs
Cool sounds,Water - Recorded at Spotify Studios NYC,Earl St. Clair,Spotify Singles
Cool sounds,Symphony,"Flux Pavilion, Layna",Symphony
Cool sounds,That Groove,Westpark,That Groove
Cool sounds,Runnin' (feat. Busty and the Bass),"Free n Losh, Busty and the Bass",Runnin' (feat. Busty and the Bass)
Cool sounds,Abusive,The O'My's,Potty Mouth EP
Cool sounds,Just a Little,SunSquabi,Just a Little
Cool sounds,Back 2 U,Joey Gatto,Back 2 U
Cool sounds,It Gets Better,"GRiZ, DRAM",It Gets Better / Can't Get Enough
Cool sounds,LOCK,"Abhi The Nomad, Foster Cazz, Schama Noel",LOCK
Cool sounds,The Drugs,The Holdup,Still Gold
Cool sounds,High Tea (feat. Jordan Miller),"Dirty Heads, Jordan Miller",SWIM TEAM
Cool sounds,Theatre,Iris Temple,Theatre
Cool sounds,Ain't No Sunshine - Lido Remix,"Bill Withers, Lido",Ain't No Sunshine (Lido Remix)
Cool sounds,Once in a While,"Break Science, Sonya Kitchell",Seven Bridges
Cool sounds,Moreland Ave Blues,Daily Bread,Big Beat Ignition: Denver
Cool sounds,Another Miracle,Feed The Biirds,Another Miracle
Cool sounds,Packing Bags,BOOGIE T.RIO,Three For All EP
Cool sounds,BonBon,omniboi,Nice Dream
Cool sounds,Bamboo Disco (feat. TORIENA),"Yunomi, TORIENA",Oedo Controller
Cool sounds,All In My Head,Matt and Kim,ALMOST EVERYDAY
Cool sounds,bury a friend,Billie Eilish,bury a friend
Cool sounds,Lemon Soda,"Tenkitsune, NGC",Little Fox Adventure
Cool sounds,No One - Kayge Calypso & DUNN Remix,MOTHICA,Majestic Casual - Chapter 3
Cool sounds,Give It to Me,HOMESHAKE,Midnight Snack
Cool sounds,bad guy,Billie Eilish,"WHEN WE ALL FALL ASLEEP, WHERE DO WE GO?"
Cool sounds,8,Billie Eilish,"WHEN WE ALL FALL ASLEEP, WHERE DO WE GO?"
Cool sounds,my strange addiction,Billie Eilish,"WHEN WE ALL FALL ASLEEP, WHERE DO WE GO?"
Cool sounds,ilomilo,Billie Eilish,"WHEN WE ALL FALL ASLEEP, WHERE DO WE GO?"
Cool sounds,Hope (feat. Winona Oak) - Parker Remix,"The Chainsmokers, Winona Oak, Parker",Hope - Remixes (feat. Winona Oak)
Cool sounds,Horizon,Pigeons Playing Ping Pong,Psychology
Cool sounds,Let It Be (feat. Veela),"Blackmill, Veela",Miracle
Cool sounds,Journey's End,Blackmill,Reach for Glory
Cool sounds,Spirit of Life,Blackmill,Miracle
Cool sounds,Miracle,Blackmill,Miracle
Cool sounds,The Drift,Blackmill,Miracle
Cool sounds,Evil Beauty,Blackmill,Reach for Glory
Cool sounds,Bridges,BROODS,Evergreen
Cool sounds,Redbone,Childish Gambino,"""Awaken, My Love!"""
Cool sounds,Raise Your Weapon,deadmau5,5 Years of mau5
Cool sounds,Drop The Game,"Flume, Chet Faker",Lockjaw
Cool sounds,Ezra,Flume,Flume: Deluxe Edition
Cool sounds,O Green World,Gorillaz,Demon Days
Cool sounds,On Melancholy Hill,Gorillaz,Plastic Beach
Cool sounds,Funky Dealer,Hideki Naganuma,Jet Set Radio Future SEGA Original Tracks
Cool sounds,Pursuit Of Happiness - Extended Steve Aoki Remix,"Kid Cudi, MGMT, Ratatat, Steve Aoki",Pursuit Of Happiness [Extended Steve Aoki Remix (Explicit)]
Cool sounds,Sweet Talk,Kito & Reija Lee,Sweet Talk EP
Cool sounds,It’s Only,"ODESZA, Zyra",In Return
Cool sounds,Say My Name,"ODESZA, Zyra",In Return
Cool sounds,Smack My Bitch Up,The Prodigy,The Fat of the Land - Expanded Edition
Cool sounds,Go Fuck Yourself,Two Feet,First Steps
Cool sounds,Tap Dance,"Octave Minds, Chance The Rapper and The Social Experiment",Octave Minds
Cool sounds,Mine,Cottonwood Firing Squad,Mine
Cool sounds,Me and Your Mama,Childish Gambino,"""Awaken, My Love!"""
Cool sounds,2099 (feat. Troye Sivan),"Charli xcx, Troye Sivan",Charli
Cool sounds,Green,Eventide,Swells EP
Cool sounds,Rushing Back,"Flume, Vera Blue",Rushing Back
Cool sounds,Push Through,DROELOE,A Promise Is Made
Cool sounds,Grind & Hustle,DROELOE,A Promise Is Made
Cool sounds,"Rise Above, Get Loud",STS9,"Rise Above, Get Loud"
Cool sounds,Look@Ugo,Mosie,Tangerine
Cool sounds,OOGAHDAM!,"What So Not, Diablo",OOGAHDAM!
Cool sounds,Blowin' Smoke,"Misfit, Urbanstep, Peter Piffen",Blowin' Smoke
Cool sounds,Umbilical Moonrise,Lotus ,Germination
Cool sounds,Indigo Plateau,Psychic Type,Indigo Plateau
Cool sounds,Heard Em Say,Leikeli47,Leikeli47
Cool sounds,Blood In The Cut,K.Flay,Every Where Is Some Where
Cool sounds,Advanced Placement,Watsky,Placement
Cool sounds,The Baddest,GRiZ,Bangers[5].Zip
Cool sounds,The Journey,Tom Misch,Beat Tape 2
Cool sounds,I Can Change,LCD Soundsystem,This Is Happening
Cool sounds,Free (with Drew Love),"Louis The Child, Drew Love",Here For Now
Cool sounds,Fade Away,Louis The Child,Here For Now
Cool sounds,Big Love (with EARTHGANG & MNDR),"Louis The Child, EARTHGANG, MNDR",Here For Now
Cool sounds,Enemy,Kai Straw,Enemy
Cool sounds,Wilted Colors,Blackmill,Wilted Colors
Cool sounds,New Heights,Ellie Goulding,Brightest Blue
Cool sounds,Flux,Ellie Goulding,Brightest Blue
Cool sounds,Init,Virtual Riot,Throw Back
Cool sounds,My High,"Disclosure, slowthai",ENERGY (Deluxe)
Cool sounds,Douha (Mali Mali),"Disclosure, Fatoumata Diawara",ENERGY (Deluxe)
Cool sounds,The Buzz (feat. Mataya & Young Tapz),"Hermitude, Mataya, Young Tapz",Dark Night Sweet Light
Cool sounds,So Strange (feat. Cuco),"Polyphia, Cuco",New Levels New Devils
Cool sounds,Therefore I Am,Billie Eilish,Therefore I Am
Cool sounds,The Build Up,Destiny Potato,Lun
Cool sounds,All I Want - Manila Killa Remix,"Dawn Golden, Manila Killa",Still Life (Remixes)
Cool sounds,Cut Me Out,"Flux Pavilion, Turin Brakes",Pull the Trigger / Cut Me Out
Cool sounds,Children,"LISTENBEE, Cosmos & Creature",Children
Cool sounds,Rush Over Me,"Seven Lions, ILLENIUM, Said The Sky, HALIENE",Rush Over Me
Cool sounds,Ether,We Are All Astronauts,Ether
Cool sounds,Medicine,Daughter,Wild Youth
Cool sounds,Something,Azedia,Isolation
Cool sounds,Requiem for the New World,Azedia,Requiem for the New World
Cool sounds,Do It,Tuxedo,Tuxedo
Cool sounds,Watch The Dance,Tuxedo,Tuxedo
Cool sounds,Seconds,Ghost Loft,Seconds
Cool sounds,Sad Machine,Porter Robinson,Worlds
Cool sounds,VOX,"Our Psych, Clarx",VOX
Cool sounds,Carol of the Bells,"Trap City, Goblins from Mars",Christmas Trap
Cool sounds,Batshit,SOFI TUKKER,Treehouse
Cool sounds,Sleepyhead,Passion Pit,Manners
Cool sounds,Disarm You (feat. Ilsey) - Grey Remix,"Kaskade, Ilsey, Grey",Disarm You (feat. Ilsey) [Grey Remix]
Cool sounds,Fire In Your New Shoes (feat. Dragonette),"Kaskade, Dragonette",Dynasty
Cool sounds,Lost Cause,Billie Eilish,Lost Cause
Cool sounds,My Name Isn't Katherine,K.Flay,Inside Voices
Cool sounds,Legends,"Razihel, TeamMate",Legends
Cool sounds,Sideways,"ILLENIUM, Valerie Broussard, NURKO",Sideways
Cool sounds,Bad Things,Alison Wonderland,Bad Things
Cool sounds,Tie-Dye Sky,GRiZ,Rainbow Brain
Cool sounds,Rainbow Brain,"GRiZ, ProbCause, Chrishira Perrier",Rainbow Brain
Cool sounds,Daily Routine,"GRiZ, Big Gigantic, ProbCause",Rainbow Brain
Cool sounds,Infinite,GRiZ,Rainbow Brain
Cool sounds,Feel Good Inc.,"Gorillaz, De La Soul",Demon Days
Cool sounds,Clint Eastwood,"Gorillaz, Del The Funky Homosapien",Gorillaz
Cool sounds,I'm Afraid Of The Internet,K.Flay,Inside Voices / Outside Voices
Cool sounds,The Last Goodbye,"ODESZA, Bettye LaVette",The Last Goodbye
Cool sounds,You've Got To Let Go If You Want To Be Free,"Disclosure, Zedd",You've Got To Let Go If You Want To Be Free
Cool sounds,Stanley,"Jerry Folk, Tommellie, WoodzSTHLM",Stanley
Cool sounds,Open Your Mind,"Big Gigantic, GRiZ",Open Your Mind
Cool sounds,i should probably get moving,boxboys,together
Cool sounds,Saturday Night,NÄM,Umlaut
Cool sounds,Numb,"Marshmello, Khalid",Numb
Cool sounds,Sleepyhead,Young & Sick,Sleepyhead
Cool sounds,Playing God,Polyphia,Playing God
Cool sounds,Satisfaction,"David Guetta, Benny Benassi",Satisfaction
Cool sounds,Yellow Brick Road,Dylan Cartlidge,Hope Above Adversity
Cool sounds,Armageddon,Kai Straw,Armageddon
Cool sounds,Everything's Sweet,Kai Straw,Everything's Sweet
Cool sounds,Is It What It Feels Like to Feel Like This? - Myd Remix Radio Edit,"The Wombats, Myd",Is This What It Feels Like to Feel Like This? (Myd Remix)
Cool sounds,"WE LOVE, PT. 2",Caye,WE LOVE
Cool sounds,Skinny Ape,Gorillaz,Cracker Island
Cool sounds,Wild Out (feat. Waka Flocka Flame & Paige),"Borgore, Waka Flocka Flame, Paige",Wild Out (feat. Waka Flocka Flame & Paige)
Cool sounds,Oumuamua,Armin van Buuren,Feel Again
Cool sounds,I Can Dream,"Manatee Commune, Effee",PDA
Cool sounds,MONEY ON THE DASH - Diplo Remix,"Elley Duhé, Whethan, Diplo",MONEY ON THE DASH - Diplo Remix
Cool sounds,The Drama,Kesha,Eat The Acid
Cool sounds,Live Good,Kai Straw,To Dream Beneath the Scorpion
Cool sounds,Stars Tonight,"Zeds Dead, DROELOE",We Are Deadbeats (Vol. 4)
Cool sounds,Dandelion,Kai Straw,To Dream Beneath the Scorpion
Cool sounds,New Drugs Freestyle,Kai Straw,To Dream Beneath the Scorpion
Cool sounds,Mr. Rocket Shoes,Kai Straw,To Dream Beneath the Scorpion
Cool sounds,I Trust My Feet,Kai Straw,To Dream Beneath the Scorpion
Cool sounds,Pressure,Kai Straw,To Dream Beneath the Scorpion
Cool sounds,Morocco - D33pSoul Remix,"Moon Taxi, D33pSoul",Morocco (D33pSoul Remix)
Cool sounds,Better Not (with Wafia),"Louis The Child, Wafia",Kids At Play- EP
Cool sounds,We Were In Love - Narciss Remix,"Disclosure, Narciss",We Were In Love (Narciss Remix)
Cool sounds,Bonebreaker,Gustavo Coutinho,PAYDAY 2: Tijuana Music Pack
Cool sounds,Brighter Me,Kai Straw,Illuminarium
Cool sounds,Club classics,Charli xcx,Club classics / B2b
Cool sounds,Sweet Disposition,The Temper Trap,Conditions
Cool sounds,Classical Dragon (feat. Tim Henson),"Marcin, Tim Henson",Classical Dragon (feat. Tim Henson)
Cool sounds,Tom's Diner,"AnnenMayKantereit, Giant Rooks",Tom's Diner
Cool sounds,Andromeda (feat. DRAM),"Gorillaz, DRAM",Humanz (Deluxe)
Cool sounds,Better Off Alone - Slowed + Reverb,"MELON, Shift K3Y",Better Off Alone
Cool sounds,Runaway (U & I),"MELON, Dance Fruits Music","This Is MELON, Vol. 1 (Dance)"
Cool sounds,One Of These Mornings,Zeds Dead,One Of These Mornings
Cool sounds,Calabria 2008 (feat. Natasja),"Enur, Natasja",Raggatronic
Cool sounds,Calabria (feat. Lunis & Lujavo),"Dance Fruits Music, DMNDS, dnvn, Lunis, Lujavo",Calabria (feat. Lunis & Lujavo)
Cool sounds,Family Affair - HÄWK & BEYGE Remix,"Disco Fries, BEYGE, HÄWK",Family Affair (HÄWK & BEYGE Remix)
Cool sounds,Ma Meilleure Ennemie (from the series Arcane League of Legends),"Arcane, Stromae, Pomme",Arcane League of Legends: Season 2 (Soundtrack from the Animated Series)
Cool sounds,With a Smile (What So Not & Synergy's 'Dreamer' Dub),"Maiah Manser, What So Not, Synergy",With a Smile (What So Not & Synergy's 'Dreamer' Dub)
Cool sounds,Colorful,"The Crowd, Qualia, Caye",Colorful
Cool sounds,Can’t Get Enough,GRiZ,Ride Waves
Cool sounds,Deep Clear Water,"Gryffin, GRiZ",Deep Clear Water
Cool sounds,Warriors,Too Many Zooz,Subway Gawdz
Cool sounds,Phospholipid,Blood Cultures,Happy Birthday
Cool sounds,Fuck Your Sunshine,Łaszewo,Fuck Your Sunshine
Cool sounds,It's Hostile.,Blood Cultures,Skate Story: Vol. I
Cool sounds,Overlord,Blood Cultures,Skate Story: Vol. I
Hip Hop,Wasting Time,Kids These Days,Traphouse Cuts
Hip Hop,September 7th,T.F,No Hooks
Hip Hop,Summertime,kamau,Summertime
Hip Hop,Glory,Hodgy,Fireplace: TheNotTheOtherSide
Hip Hop,Guv'nor (feat. BADBADNOTGOOD) - BADBADNOTGOOD Version,"JJ DOOM, BADBADNOTGOOD",Bookhead EP
Hip Hop,Jungle,Drake,If You're Reading This It's Too Late
Hip Hop,You & The 6,Drake,If You're Reading This It's Too Late
Hip Hop,Pound Cake / Paris Morton Music 2,"Drake, JAŸ-Z",Nothing Was The Same (Deluxe)
Hip Hop,Broad Shoulders (feat. Chance the Rapper),"Taylor Bennett, Ludlow, Chance the Rapper",Broad Shoulders
Hip Hop,No Tellin',Drake,If You're Reading This It's Too Late
Hip Hop,Worst Behavior,Drake,Nothing Was The Same
Hip Hop,The Language,Drake,Nothing Was The Same
Hip Hop,"Bitch, Don’t Kill My Vibe",Kendrick Lamar,"good kid, m.A.A.d city"
Hip Hop,"Shadow Man (feat. Phoelix, Smino & Saba)","Noname, Phoelix, Smino, Saba",Telefone
Hip Hop,Shaush,Biskwiq,Buttermilk - EP
Hip Hop,Silkk da Shocka (feat. Syd),"Isaiah Rashad, Syd",The Sun's Tirade
Hip Hop,Pink Cocaine,Myke Bogan,Casino Carpet
Hip Hop,Venezuela Trains,Ravyn Lenae,Moon Shoes EP
Hip Hop,Calm Down (feat. Eminem),Busta Rhymes,Calm Down (feat. Eminem) - Single
Hip Hop,Love Yourz,J. Cole,2014 Forest Hills Drive
Hip Hop,G.O.M.D.,J. Cole,2014 Forest Hills Drive
Hip Hop,Work Out,J. Cole,Cole World: The Sideline Story
Hip Hop,Power Trip (feat. Miguel),"J. Cole, Miguel",Born Sinner
Hip Hop,Fire Squad,J. Cole,2014 Forest Hills Drive
Hip Hop,everybody dies,J. Cole,everybody dies
Hip Hop,Lights Please,J. Cole,Lights Please (Explicit Version)
Hip Hop,3005,Childish Gambino,Because The Internet
Hip Hop,Smoke Break (feat. Future),"Chance the Rapper, Future",Coloring Book
Hip Hop,Sex & Super Smash Bros.,KYLE,Beautiful Loser
Hip Hop,A Milli,Lil Wayne,Tha Carter III
Hip Hop,Right Above It,"Lil Wayne, Drake",I Am Not A Human Being
Hip Hop,Wowzerz,"Lil Wayne, Trina",I Am Not A Human Being II
Hip Hop,Love Me,"Lil Wayne, Drake, Future",I Am Not A Human Being II
Hip Hop,Rich As Fuck,"Lil Wayne, 2 Chainz",I Am Not A Human Being II
Hip Hop,No Worries,"Lil Wayne, Detail",I Am Not A Human Being II
Hip Hop,Blunt Blowin,Lil Wayne,Tha Carter IV
Hip Hop,I'm Single,"Lil Wayne, Drake",I Am Not A Human Being
Hip Hop,Mrs. Officer,"Lil Wayne, Bobby V., Kidd Kidd",Tha Carter III
Hip Hop,Portland,"Drake, Quavo, Travis Scott",More Life
Hip Hop,Sacrifices,"Drake, 2 Chainz, Young Thug",More Life
Hip Hop,Feel No Ways,Drake,Views
Hip Hop,Weston Road Flows,Drake,Views
Hip Hop,Scholarships,"Drake, Future",What A Time To Be Alive
Hip Hop,Legend,Drake,If You're Reading This It's Too Late
Hip Hop,Energy,Drake,If You're Reading This It's Too Late
Hip Hop,Hype,Drake,Views
Hip Hop,Headlines,Drake,Take Care (Deluxe)
Hip Hop,HYFR (Hell Ya Fucking Right),"Drake, Lil Wayne",Take Care (Deluxe)
Hip Hop,Marvins Room,Drake,Take Care (Deluxe)
Hip Hop,Over,Drake,Thank Me Later
Hip Hop,Best I Ever Had,Drake,So Far Gone
Hip Hop,Summer Sixteen,Drake,Summer Sixteen
Hip Hop,Back To Back,Drake,Back To Back
Hip Hop,0 To 100 / The Catch Up,Drake,0 To 100 / The Catch Up
Hip Hop,The Motto,"Drake, Lil Wayne",The Motto (Explicit Version)
Hip Hop,Miss Me,"Drake, Lil Wayne",Thank Me Later
Hip Hop,"Young, Wild & Free (feat. Bruno Mars)","Snoop Dogg, Wiz Khalifa, Bruno Mars","Young, Wild & Free (feat. Bruno Mars)"
Hip Hop,No Sleep,Wiz Khalifa,Rolling Papers
Hip Hop,Say Yeah,Wiz Khalifa,Say Yeah
Hip Hop,Steady Mobbin,"Young Money, Gucci Mane",We Are Young Money
Hip Hop,I Fall Apart,Post Malone,Stoney (Deluxe)
Hip Hop,Young Dumb & Broke,Khalid,American Teen
Hip Hop,goosebumps,Travis Scott,Birds In The Trap Sing McKnight
Hip Hop,Medication,"Juicy J, Wiz Khalifa, Tm88",TGOD Mafia: Rude Awakening
Hip Hop,Rooftops (feat. Curren$y),"Wiz Khalifa, Curren$y",Rolling Papers
Hip Hop,Studio Lovin’,Wiz Khalifa,Deal Or No Deal
Hip Hop,King of Everything,Wiz Khalifa,King of Everything
Hip Hop,Uoeno - Remix,Young Money,Trappin Aint Eazy Vol 1
Hip Hop,Hypnotized (feat. Akon),"Plies, Akon",The Real Testament
Hip Hop,A.D.H.D,Kendrick Lamar,Section.80
Hip Hop,I Guess I'll Smoke (feat. Dizzy Wright & Layzie Bone),"Futuristic, Dizzy Wright, Layzie Bone",Traveling Local
Hip Hop,"Trouble on My Mind (feat. Tyler, The Creator)","Pusha T, Tyler, The Creator",Fear of God II
Hip Hop,Hell Of A Night,ScHoolboy Q,Oxymoron (Deluxe)
Hip Hop,Mask Off (feat. Kendrick Lamar) - Remix,"Future, Kendrick Lamar",FUTURE
Hip Hop,Man Of The Year,ScHoolboy Q,Oxymoron (Deluxe)
Hip Hop,Hands On The Wheel,"ScHoolboy Q, A$AP Rocky",Hands On The Wheel
Hip Hop,Collard Greens,"ScHoolboy Q, Kendrick Lamar",Oxymoron (Deluxe)
Hip Hop,How Much A Dollar Cost,"Kendrick Lamar, James Fauntleroy, Ronald Isley",To Pimp A Butterfly
Hip Hop,Faking It (feat. Kehlani & Lil Yachty) - Radio Edit,"Calvin Harris, Kehlani, Lil Yachty",Faking It (feat. Kehlani & Lil Yachty) [Radio Edit]
Hip Hop,Church,"BJ The Chicago Kid, Chance the Rapper, Buddy",In My Mind
Hip Hop,Lately,WebsterX,Lately
Hip Hop,"Work Hard, Play Hard",Wiz Khalifa,O.N.I.F.C. (Deluxe)
Hip Hop,Springtime in New York,Watsky,x Infinity
Hip Hop,Don't Be Nice,Watsky,x Infinity
Hip Hop,Little Slice (feat. Danny Skyhigh McClain),"Watsky, Danny Skyhigh McClain",x Infinity
Hip Hop,Stick to Your Guns (feat. Julia Nunes),"Watsky, Julia Nunes",x Infinity
Hip Hop,Yeah! (feat. Lil Jon & Ludacris),"USHER, Lil Jon, Ludacris",Confessions (Expanded Edition)
Hip Hop,Gold Digger,"Kanye West, Jamie Foxx",Late Registration
Hip Hop,Nikki,Logic,Under Pressure (Deluxe)
Hip Hop,Tick Tock,"WebsterX, Dem Yuut",Daymares
Hip Hop,Make Sense,Skizzy Mars,Make Sense
Hip Hop,Baby Blue (feat. Chance the Rapper),"Action Bronson, Chance the Rapper",Mr. Wonderful
Hip Hop,White Iverson,Post Malone,Stoney (Deluxe)
Hip Hop,Weekend (feat. Miguel),"Mac Miller, Miguel",GO:OD AM
Hip Hop,90210,Wale,Attention Deficit
Hip Hop,Sunday Candy,Nico Segal,Surf
Hip Hop,Angels (feat. Saba),"Chance the Rapper, Saba",Angels (feat. Saba)
Hip Hop,Swimming Pools (Drank) - Extended Version,Kendrick Lamar,"good kid, m.A.A.d city (Deluxe)"
Hip Hop,Wings,"VIC MENSA, Pharrell Williams, Saul Williams",The Autobiography
Hip Hop,Break Ya Neck,Busta Rhymes,R'n'B Allstars
Hip Hop,Fight Night,Migos,No Label II
Hip Hop,Freak No More,Migos,No Label II
Hip Hop,Out of My Mind (feat. Nicki Minaj),"B.o.B, Nicki Minaj",Strange Clouds
Hip Hop,Pop That,"French Montana, Rick Ross, Drake, Lil Wayne",Excuse My French
Hip Hop,Trophies,"Young Money, Drake",Rise Of An Empire (Deluxe Edition)
Hip Hop,Planez,"Jeremih, J. Cole",Late Nights: The Album
Hip Hop,Rico Story,Speaker Knockerz,Rico Story Trilogy
Hip Hop,R.I.C.O. (feat. Drake),"Meek Mill, Drake",Dreams Worth More Than Money
Hip Hop,"Spaceship II (feat. Chance The Rapper, GLC)","Alex Wiley, Chance the Rapper, GLC",Club Wiley
Hip Hop,iSpy (feat. Lil Yachty),"KYLE, Lil Yachty",iSpy (feat. Lil Yachty)
Hip Hop,Don't Don't Do It!,"N.E.R.D, Kendrick Lamar",Don't Don't Do It!
Hip Hop,Long Hair,The Last Mr. Bigg,The Mask is Off
Hip Hop,Gimme the Light,Sean Paul,Dutty Rock
Hip Hop,Feeling Inside,Paranoid Castle,Champagne Nightmares
Hip Hop,Poppin' Pockets - Remix,"Grip Grand, A.G.",Brokelore
Hip Hop,Really Really,Kevin Gates,Islah (Deluxe)
Hip Hop,Jazz,Mick Jenkins,The Water (S)
Hip Hop,Sheesh,"Josh Sallee, Blev",Sheesh
Hip Hop,Bomb $hit,Connor Gilbert,Vol. 1
Hip Hop,Wet The Bed (feat. Ludacris),"Chris Brown, Ludacris",F.A.M.E.
Hip Hop,Sex Room,"Ludacris, Trey Songz",Battle Of The Sexes (Deluxe)
Hip Hop,WWYD,Rich Homie Quan,I Promise I Will Never Stop Going In (Deluxe Edition)
Hip Hop,IV. Sweatpants,Childish Gambino,Because The Internet
Hip Hop,Goodbye,Russ,Pink Elephant
Hip Hop,Type of Way,Rich Homie Quan,Still Goin In - Reloaded
Hip Hop,Breakfast (Intro),Mic Kellogg,Breakfast
Hip Hop,Childs Play (feat. Chance the Rapper),"SZA, Chance the Rapper",Z
Hip Hop,Stupefied,Wax,Continue
Hip Hop,Sunrise (Intro) [feat. Rosy],"Caye, Rosy","Shades, Pt. 1"
Hip Hop,"Bout a Dolla (feat. Chuck Inglish, Chance the Rapper, Chip tha Ripper & Twista)","The O'My's, Blended Babies, Chuck Inglish, Chance the Rapper, Chip Tha Ripper, Twista","Bout a Dolla (feat. Chuck Inglish, Chance the Rapper, Chip tha Ripper & Twista)"
Hip Hop,Sauce,Manwolves,Sauce
Hip Hop,God's Plan,Drake,Scary Hours
Hip Hop,Diplomatic Immunity,Drake,Scary Hours
Hip Hop,Show Money!?,HDBeenDope,Pheace Be the Journey
Hip Hop,Ziggy Starfish (Anxiety Raps) [feat. Gold Panda],"Open Mike Eagle, Gold Panda",A Special Episode - EP
Hip Hop,Folk-Metaphysics,Milo,things that happen at day // things that happen at night
Hip Hop,I Get the Bag (feat. Migos),"Gucci Mane, Migos",Mr. Davis
Hip Hop,Red Coat (2012 Version),Sincerely Collins,The Legend Of The Phoenix
Hip Hop,Hitchcock,Jack Harlow,Hitchcock
Hip Hop,Where Do We Go from Here (feat. Kool A.D.),"Pool Cosby, KOOL A.D.",Blind Gold
Hip Hop,Slaughterhouse,Kai Straw,The Tragedian's Decoupage
Hip Hop,Vibration (Extended Version),Alex Wiley,Vibration (Extended Version)
Hip Hop,28 Grams,Kai Straw,The Tragedian's Decoupage
Hip Hop,High You Are Remix - Branchez Mix,Ev Vinyls,YAOML
Hip Hop,I Love College,Asher Roth,Asleep In The Bread Aisle
Hip Hop,City Livin' (feat. Mike Irving),Aziz,City Livin' (feat. Mike Irving)
Hip Hop,Blasé (feat. Future & Rae Sremmurd) - Louis the Child Remix,"Ty Dolla $ign, Future, Rae Sremmurd, Louis The Child",Blasé (feat. Future & Rae Sremmurd) [Remixes]
Hip Hop,Feel Good,Chip Tha Ripper,Feel Good
Hip Hop,Constant Conversations,Kao Bay Bay,Coolius
Hip Hop,Too Easy,Futuristic,The Rise
Hip Hop,Slip Slide,Nico Segal,Surf
Hip Hop,These Days,mike.,This Isn't The Album
Hip Hop,100 (feat. Drake),"The Game, Drake",100 (feat. Drake)
Hip Hop,State Of Emergency,"Logic, 2 Chainz",Bobby Tarantino II
Hip Hop,Contra,Logic,Bobby Tarantino II
Hip Hop,Wassup,"Logic, Big Sean",Bobby Tarantino II
Hip Hop,U With Me?,Drake,Views
Hip Hop,Overnight,Logic,Bobby Tarantino II
Hip Hop,Know Yourself,Drake,If You're Reading This It's Too Late
Hip Hop,First Day Out,Tee Grizzley,My Moment
Hip Hop,Hard in Da Paint,Waka Flocka Flame,Flockaveli
Hip Hop,Big Homie (feat. Rick Ross & French Montana),"Diddy, Rick Ross, French Montana",Big Homie (feat. Rick Ross & French Montana)
Hip Hop,15th and the 1st (feat. YG Hootie),"Gucci Mane, Waka Flocka Flame",Ferrari Boyz (Deluxe)
Hip Hop,Fuck Up Some Commas,Future,DS2 (Deluxe)
Hip Hop,Yonkers,"Tyler, The Creator",Goblin
Hip Hop,The Wildfire,Aubrey,Drank
Hip Hop,Gasoline,Prof,Liability
Hip Hop,u,Kendrick Lamar,To Pimp A Butterfly
Hip Hop,Familiar,Nico Segal,Surf
Hip Hop,Still Here,Drake,Views
Hip Hop,Fleece,Quentin Miller,Hey! Thanks a Lot 3
Hip Hop,Visions,"Danrell, Alec King",Visions
Hip Hop,The Anthem,Myke Bogan,Silk Jockstrap
Hip Hop,Wrong Man (feat. Ariana Deboo & Dave B),"Sam Lachow, Dave B., Ariana DeBoo","Friends, Funk & Liquor"
Hip Hop,679 (feat. Remy Boyz),"Fetty Wap, Remy Boyz",679 (feat. Remy Boyz)
Hip Hop,Find Me (prod. by Lege Kale),Khary,Find Me (prod. by Lege Kale)
Hip Hop,Paved With Gold (feat. Pell),"Packy, Pell",Same Difference
Hip Hop,Lord Willin',Logic,The Incredible True Story
Hip Hop,Real Things,"Alex Wiley, Hippie Sabotage",Real Things
Hip Hop,Angels Freestyle,2 Chainz,Codeine Withdrawal
Hip Hop,Creflo Almighty Dollar (feat. Twista & ChuchPeople),"Sir the Baptist, Twista, ChuchPeople",Creflo Almighty Dollar (feat. Twista & ChuchPeople)
Hip Hop,Suede,"NxWorries, Anderson .Paak, Knxwledge",Yes Lawd!
Hip Hop,A Million Miles,mansionz,Mansionz
Hip Hop,DSFM,OnCue,Leftovers 2.1
Hip Hop,Happy Place,"Sam Stan, Asaiah Ziv",Happy Raps
Hip Hop,Tour Music (feat. B Skeez & Magik),"Sam Lachow, B Skeez, Magik",Motels & Minivans
Hip Hop,God of Joy,ANTHM,Joy & Pain
Hip Hop,Do or Die (feat. Childish Gambino),"Joshua Steele, Childish Gambino",Blow the Roof
Hip Hop,Vanilla Skies (feat. Taylor Bennett),"Kweku Collins, Taylor Bennett",Nat Love
Hip Hop,Wow Freestyle (feat. Kendrick Lamar),"Jay Rock, Kendrick Lamar",Redemption
Hip Hop,Emotionless,Drake,Scorpion
Hip Hop,Sandra’s Rose,Drake,Scorpion
Hip Hop,Is There More,Drake,Scorpion
Hip Hop,Blue Tint,Drake,Scorpion
Hip Hop,March 14,Drake,Scorpion
Hip Hop,November Has Come,"Gorillaz, MF DOOM",Demon Days
Hip Hop,Favorite Colors (feat. Kyle),"Taylor Bennett, Luke Tennyson, KYLE",Restoration of an American Idol
Hip Hop,Palm Springs Beach House,Doc Hollywood & Ya Boy,Doc Hollywood & Ya Boy
Hip Hop,Born 2 Be Great,Stupid Kids,Stupid Kids - EP
Hip Hop,Water - Recorded at Spotify Studios NYC,Earl St. Clair,Spotify Singles
Hip Hop,Bringin Me Home,Warm Brew,Ghetto Beach Boyz
Hip Hop,Nothin' at All,Common Market,Tobacco Road
Hip Hop,Hold Up,The Kaleidoscope Kid,Hold Up
Hip Hop,Isombard - clipping. Float On Remix,"Declan McKenna, clipping.",Isombard (clipping. Float On Remix)
Hip Hop,Amanda Bynes,"Kidd Upstairs, XO",Amanda Bynes
Hip Hop,Chloraseptic (feat. 2 Chainz & Phresher) - Remix,"Eminem, 2 Chainz, PHresher",Chloraseptic (feat. 2 Chainz & Phresher) [Remix]
Hip Hop,I Might Need Security,Chance the Rapper,I Might Need Security
Hip Hop,AMBiVALENT (feat. Wilson Luxurious),"Sam Lachow, Wilson Luxurious",AMBiVALENT (feat. Wilson Luxurious)
Hip Hop,Deception,"Macntaj, TeZATalks, Donte Peace",Deception
Hip Hop,Wave,"Troop Brand, LV Baby, Eli Lefty",Wave
Hip Hop,Rewind,"Louis Futon, Ashe, Armani White",Rewind
Hip Hop,Song3,"Abhi The Nomad, Foster",Beginning EP (Alternative Hip Hop)
Hip Hop,Death of a Salesman,Kweku Collins,Nat Love
Hip Hop,The Wonder Years (feat. Chance the Rapper & Nico Segal),"The O'My's, Chance the Rapper, Nico Segal",Chicago Style
Hip Hop,After Dark,"Sam Lachow, Watsky, Ariana DeBoo",Huckleberry
Hip Hop,Feel Right (feat. Mystikal),"Mark Ronson, Mystikal",Uptown Special
Hip Hop,Need To Know (feat. Chance The Rapper),"Macklemore & Ryan Lewis, Macklemore, Ryan Lewis, Chance the Rapper",This Unruly Mess I've Made
Hip Hop,Action Figures,"Sam Lachow, Gifted Gab, Mario Sweet",Huckleberry
Hip Hop,Intuition,WebsterX,Daymares
Hip Hop,Build,EARTHGANG,Royalty
Hip Hop,Escargot,Jarv,"Jarvage, Vol. 1"
Hip Hop,Cherry Blossom,Horrorshow,Bardo State
Hip Hop,All Fall Down,Eazy Mac,Music for the Visually Impaired
Hip Hop,#itsEazy,Eazy Mac,Music for the Lyrically Impaired
Hip Hop,Rain Man,Eminem,Encore (Deluxe Version)
Hip Hop,Long Night (feat. Chance the Rapper),"Hoodie Allen, Chance the Rapper",Crew Cuts
Hip Hop,Normal,Eminem,Kamikaze
Hip Hop,Not Alike (feat. Royce Da 5'9),"Eminem, Royce Da 5'9""",Kamikaze
Hip Hop,Lucky You (feat. Joyner Lucas),"Eminem, Joyner Lucas",Kamikaze
Hip Hop,The Ringer,Eminem,Kamikaze
Hip Hop,Kamikaze,Eminem,Kamikaze
Hip Hop,Fall,Eminem,Kamikaze
Hip Hop,So Long,The Palmer Squares,Finna
Hip Hop,Cold Hearted,"Blu, Exile, Miguel",Below the Heavens
Hip Hop,Spice Girl,Aminé,Good For You
Hip Hop,REEL IT IN,Aminé,ONEPOINTFIVE
Hip Hop,Caroline,Aminé,Good For You
Hip Hop,No Way,Futuristic,The Rise
Hip Hop,All You Can Do,"Watsky, Jimetta Rose",All You Can Do
Hip Hop,Mona Lisa (feat. Kendrick Lamar),"Lil Wayne, Kendrick Lamar",Tha Carter V
Hip Hop,Open Letter,Lil Wayne,Tha Carter V
Hip Hop,Used 2,Lil Wayne,Tha Carter V
Hip Hop,Dedicate,Lil Wayne,Tha Carter V
Hip Hop,Uproar,"Lil Wayne, Swizz Beatz",Tha Carter V
Hip Hop,100 Miles and Running (ft. Wale & John Lindahl),"Logic, Wale, John Lindahl",YSIV
Hip Hop,Slack-Jaw,Jarv & Thief,The Boiler Room
Hip Hop,Talking to Myself,Watsky,x Infinity
Hip Hop,HUMBLE.,Kendrick Lamar,DAMN.
Hip Hop,Killshot,Eminem,Killshot
Hip Hop,Calcutta,"Abhi The Nomad, Foster Cazz",Where Are My Friends?
Hip Hop,Yellow,"Aminé, Nelly",Good For You
Hip Hop,Mixtape (feat. Young Thug & Lil Yachty),"Chance the Rapper, Young Thug, Lil Yachty",Coloring Book
Hip Hop,Pink Lemonade,Watsky,x Infinity
Hip Hop,SWITCH IT UP | ZWITCH 1T UP,Denzel Curry,TA13OO
Hip Hop,MAD I GOT IT | MAD 1 GOT 1T,Denzel Curry,TA13OO
Hip Hop,Tinder Samurai,Samsa,Tinder Samurai
Hip Hop,Morning Sex,Joey Purp,iiiDrops
Hip Hop,Petty,Seth Sentry,Petty
Hip Hop,Dead Albatross (feat. Chester Watson),"Psymun, Chester Watson",Heartsick
Hip Hop,Honest,Kidd Upstairs,KVSHMIR II
Hip Hop,Wraith (feat. Yo Gotti),"T.I., Yo Gotti",DIME TRAP
Hip Hop,Leave It,"UZ, Rome Fortune",Leave It
Hip Hop,Tried to Be Nice,Witt Lowry,Dreaming With Our Eyes Open
Hip Hop,"Baby, I'm Bad Weather",Toussaint Morrison,Toussaint Morrison Is Not My Boyfriend
Hip Hop,All Due Respect,"Run The Jewels, Travis Barker",Run The Jewels 2
Hip Hop,Tired Boy,"Concept Collective, Coolin' Cal","Concept Collective, Vol. 2"
Hip Hop,Runnin,"Smino, Jay2AintShit",blkjuptr
Hip Hop,GOLD,BROCKHAMPTON,SATURATION
Hip Hop,STAR,BROCKHAMPTON,SATURATION
Hip Hop,HEAT,BROCKHAMPTON,SATURATION
Hip Hop,Stay Right Here,"Saba, Xavier Omär, Mick Jenkins",Stay Right Here
Hip Hop,Preach (feat. Lil Wayne & 2 Chainz),"Young Dolph, 2 Chainz, Lil Wayne",Preach (feat. Lil Wayne & 2 Chainz)
Hip Hop,HËÂT RŌČK.,Tobe Nwigwe,HËÂT RŌČK.
Hip Hop,Living Like (feat. Skeme),"$kinny, Skeme",1999 Parachutes
Hip Hop,151 Rum,JID,DiCaprio 2
Hip Hop,Hot Box (feat. Method Man & Joey Bada$$),"JID, Method Man, Joey Bada$$",DiCaprio 2
Hip Hop,Mounted Up,JID,DiCaprio 2
Hip Hop,Hasta Luego - Bonus,JID,DiCaprio 2
Hip Hop,Workin Out,JID,DiCaprio 2
Hip Hop,Despacito Too,JID,DiCaprio 2
Hip Hop,Innamission,Smino,blkswn
Hip Hop,Off Deez (with J. Cole),"JID, J. Cole",DiCaprio 2
Hip Hop,I. The Worst Guys,"Childish Gambino, Chance the Rapper",Because The Internet
Hip Hop,Napkins,RIZ LA VIE,Napkins
Hip Hop,Girls Love Toast,The Holdup,Girls Love Toast
Hip Hop,The Whip,"PHFAT, Mikhaela Faye",The Whip
Hip Hop,This Is America,Childish Gambino,This Is America
Hip Hop,Control,King Kendrick,King Kendrick Diss
Hip Hop,Riot,Jon Waltz,Riot
Hip Hop,FLUSH,Abhi The Nomad,FLUSH
Hip Hop,Red Pill,Alex Wiley,Tangerine Dream
Hip Hop,Sriracha,"Tech N9ne, Logic, Joyner Lucas",The Storm (Deluxe Edition)
Hip Hop,MIDDLE CHILD,J. Cole,MIDDLE CHILD
Hip Hop,Album of the Year - Freestyle,J. Cole,Album of the Year (Freestyle)
Hip Hop,Love Me,Steven Moses,Love Me // Leave Me
Hip Hop,Fatal Outro. (feat. Floreyyyy),"Lord Bones, Floreyyyy",End a Life.
Hip Hop,Hibachi,Futuristic,Hibachi
Hip Hop,BLACKJACK (feat. YBN Cordae) - Remix,"Aminé, Cordae",BLACKJACK (Remix)
Hip Hop,JOAN OF ARC,"Night Lovell, $uicideboy$",GOODNIGHT LOVELL
Hip Hop,Do It Like Me (feat. JID),"Higher Brothers, JID",Five Stars
Hip Hop,Malcom Interlude,"Thelonious Martin, Mac Miller",Wünderkid
Hip Hop,DNA.,Kendrick Lamar,DAMN.
Hip Hop,Money Trees,"Kendrick Lamar, Jay Rock","good kid, m.A.A.d city"
Hip Hop,untitled 02 | 06.23.2014.,Kendrick Lamar,untitled unmastered.
Hip Hop,Maraca,Smino,blkswn
Hip Hop,Flea Flicka,"Smino, Young Pink",blkswn
Hip Hop,Netflix & Dusse,Smino,blkswn
Hip Hop,Anita,Smino,blkswn
Hip Hop,B Role,Smino,blkswn
Hip Hop,blkswn,Smino,blkswn
Hip Hop,Silk Pillows,"Smino, Akenya",blkswn
Hip Hop,Bucket List (feat. Matthew Santos),"Saba, Matthew Santos",Bucket List Project
Hip Hop,Pretty Life,"Terrell Morris, Free n Losh",Molasses
Hip Hop,Doubt It,KYLE,Doubt It
Hip Hop,Boss,Little Simz,GREY Area
Hip Hop,The Lost Angels Anthem,"Blu, Oh No, Kezia",A Long Red Hot Los Angeles Summer Night
Hip Hop,How To Build A Relationship,"Flume, JPEGMAFIA",Hi This Is Flume (Mixtape)
Hip Hop,"Pop, Lock & Drop It",Huey,"Pop, Lock & Drop It (Main Version)"
Hip Hop,Living Single,"Big Sean, Chance the Rapper, Jeremih",Living Single
Hip Hop,Halfway Off The Balcony,Big Sean,I Decided.
Hip Hop,Blessings,"Big Sean, Drake",Dark Sky Paradise
Hip Hop,No Problem (feat. Lil Wayne & 2 Chainz),"Chance the Rapper, Lil Wayne, 2 Chainz",Coloring Book
Hip Hop,Juke Jam (feat. Justin Bieber & Towkio),"Chance the Rapper, Justin Bieber, Towkio",Coloring Book
Hip Hop,Freaks And Geeks,Childish Gambino,EP (2011 Re-Release)
Hip Hop,IV. Sweatpants,Childish Gambino,Because the Internet
Hip Hop,Cash Machine,DRAM,Big Baby DRAM
Hip Hop,My Band,D12,D-12 World
Hip Hop,Party Up,DMX,...And Then There Was X
Hip Hop,X Gon' Give It To Ya,DMX,The Definition Of X: Pick Of The Litter
Hip Hop,What's The Difference,"Dr. Dre, Eminem, Xzibit",2001
Hip Hop,6 God,Drake,If You're Reading This It's Too Late
Hip Hop,Madonna,Drake,If You're Reading This It's Too Late
Hip Hop,Best I Ever Had,Drake,Thank Me Later (Int'l Version)
Hip Hop,All Me,"Drake, 2 Chainz, Big Sean",Nothing Was The Same (Deluxe)
Hip Hop,Hive (feat. Vince Staples & Casey Veggies),"Earl Sweatshirt, Vince Staples, Casey Veggies",Doris
Hip Hop,My Name Is,Eminem,The Slim Shady LP
Hip Hop,Till I Collapse,"Eminem, Nate Dogg",The Eminem Show
Hip Hop,We Made You,Eminem,Relapse: Refill
Hip Hop,Foldin Clothes,J. Cole,4 Your Eyez Only
Hip Hop,Immortal,J. Cole,4 Your Eyez Only
Hip Hop,Neighbors,J. Cole,4 Your Eyez Only
Hip Hop,4 Your Eyez Only,J. Cole,4 Your Eyez Only
Hip Hop,Money Baby,"K CAMP, Kwony Ca$h",In Due Time
Hip Hop,Ultralight Beam,Kanye West,The Life Of Pablo
Hip Hop,The Way (feat. Chance the Rapper),"Kehlani, Chance the Rapper",You Should Be Here
Hip Hop,Get up on My Level,Kevin Gates,By Any Means
Hip Hop,I Don't Get Tired (#IDGT) (feat. August Alsina),"Kevin Gates, August Alsina",Luca Brasi 2: Gangsta Grillz
Hip Hop,Surfin',"Kid Cudi, Pharrell Williams",Surfin'
Hip Hop,FUN,KYLE,Beautiful Loser
Hip Hop,Fruit Snacks & Cups of Patron,KYLE,Beautiful Loser
Hip Hop,Crazy,Boosie Badazz,Crazy
Hip Hop,O Lord,Boosie Badazz,Life After Deathrow
Hip Hop,She Will,"Lil Wayne, Drake",Tha Carter IV (Deluxe)
Hip Hop,Break Stuff,Limp Bizkit,Significant Other
Hip Hop,N 2 Gether Now,"Limp Bizkit, Method Man",Significant Other
Hip Hop,Enth E Nd (Kutmasta Kurt Reanimation) [feat. Motion Man],"Linkin Park, Motion Man",Reanimation
Hip Hop,Shots,"LMFAO, Lil Jon",Party Rock
Hip Hop,The Show Goes On,Lupe Fiasco,Lasers
Hip Hop,Everyone Nose (All The Girls Standing In The Line For The Bathroom) - Remix,"N.E.R.D, Kanye West, Lupe Fiasco, Pusha T",Seeing Sounds
Hip Hop,No Flex Zone,Rae Sremmurd,SremmLife
Hip Hop,No Type,Rae Sremmurd,SremmLife
Hip Hop,MOST,Saba,Bucket List Project
Hip Hop,Break The Bank,ScHoolboy Q,Oxymoron (Deluxe)
Hip Hop,Like Glue,Sean Paul,Dutty Rock
Hip Hop,Baby Got Back,Sir Mix-A-Lot,Mack Daddy
Hip Hop,Jump On It,Sir Mix-A-Lot,Return Of The Bumpasaurus
Hip Hop,Dan Bilzerian (feat. Lil Yachty),"T-Pain, Lil Yachty",Dan Bilzerian (feat. Lil Yachty)
Hip Hop,I'm N Luv (Wit a Stripper) (feat. Mike Jones),"T-Pain, Mike Jones",Rappa Ternt Sanga
Hip Hop,Cake,Trey Songz,Trigga Reloaded
Hip Hop,Nasty Freestyle,T-Wayne,Nasty Freestyle
Hip Hop,"Or Nah (feat. The Weeknd, Wiz Khalifa & DJ Mustard) - Remix","Ty Dolla $ign, The Weeknd, Wiz Khalifa, Mustard","Or Nah (feat. The Weeknd, Wiz Khalifa & DJ Mustard) [Remix]"
Hip Hop,Roger That,Young Money,We Are Young Money
Hip Hop,Every Girl,Young Money,Every Girl
Hip Hop,Candy Shop,"50 Cent, Olivia",The Massacre
Hip Hop,The Real Slim Shady,Eminem,The Marshall Mathers LP
Hip Hop,New Freezer (feat. Kendrick Lamar),"Rich The Kid, Kendrick Lamar",New Freezer (feat. Kendrick Lamar)
Hip Hop,Money Made Me Do It,"Post Malone, 2 Chainz",Stoney (Deluxe)
Hip Hop,Used to This (feat. Drake),"Future, Drake",Used to This (feat. Drake)
Hip Hop,Homicide,"Logic, Eminem",Homicide
Hip Hop,Tap Dance,"Octave Minds, Chance The Rapper and The Social Experiment",Octave Minds
Hip Hop,$ (feat. Donnie Trumpet),"DRAM, Donnie Trumpet",Gahdamn!
Hip Hop,Neon Lights (feat. Supa Bwe & Lil Yachty),"Taylor Bennett, ZiG, Supa Bwe, Lil Yachty",Restoration of an American Idol
Hip Hop,No Role Modelz,J. Cole,2014 Forest Hills Drive
Hip Hop,Half Past Twelve,"Sam Lachow, Magik",Huckleberry
Hip Hop,m.A.A.d city,"Kendrick Lamar, MC Eiht","good kid, m.A.A.d city"
Hip Hop,Lil Bit,Futuristic,Lil Bit
Hip Hop,What It Dew,Grieves,Running Wild
Hip Hop,Backseat Freestyle,Kendrick Lamar,"good kid, m.A.A.d city (Deluxe)"
Hip Hop,The Wave,"Commonminds, Myles Cameron",The Wave
Hip Hop,Beachside,"Bazanji, Jackson Breit",Beachside
Hip Hop,In Da Club,50 Cent,00s Anthems
Hip Hop,"1993 (with J. Cole, JID, Cozz & EARTHGANG feat. Smino & Buddy)","Dreamville, J. Cole, JID, Cozz, EARTHGANG, Smino, Buddy",Revenge Of The Dreamers III
Hip Hop,"Down Bad (feat. JID, Bas, J. Cole, EARTHGANG & Young Nudy)","Dreamville, JID, Bas, J. Cole, EARTHGANG, Young Nudy",Revenge Of The Dreamers III
Hip Hop,How Bout Now,Drake,Care Package
Hip Hop,Draft Day,Drake,Care Package
Hip Hop,Darlin',tobi lou,Darlin'
Hip Hop,Spitshine,Smino,blkswn
Hip Hop,"Yours Truly, Austin Post",Post Malone,Stoney (Deluxe)
Hip Hop,Glass Flows,"Smino, Ravyn Lenae",blkswn
Hip Hop,Good Morning,Herrick & Hooley,Herrick & Hooley's Famous Honey
Hip Hop,Oldie,Odd Future,The OF Tape Vol. 2
Hip Hop,Butterflies,Samsa,Butterflies
Hip Hop,Sunset (with J. Cole feat. Young Nudy),"Dreamville, J. Cole, Young Nudy",Revenge Of The Dreamers III
Hip Hop,BOP,DaBaby,KIRK
Hip Hop,Drip Aint Regular,ZeL,Drip Aint Regular
Hip Hop,The Life Of A Troubadour,"mansionz, Snoozegod",Mansionz
Hip Hop,Slave Master,Future,DS2 (Deluxe)
Hip Hop,Many Men (Wish Death),50 Cent,Get Rich Or Die Tryin'
Hip Hop,Awayo (feat. K.a.a.N),"Josh Sallee, K.A.A.N.",Awayo (feat. K.a.a.N)
Hip Hop,Live Your Life,"T.I., Rihanna",Paper Trail
Hip Hop,Potato Salad,"Tyler, The Creator, A$AP Rocky",Potato Salad
Hip Hop,Mama Mia,Lil Wayne,Funeral
Hip Hop,Roses,Outkast,Speakerboxxx/The Love Below
Hip Hop,Disgusted (with Cozz feat. Childish Major),"Dreamville, Cozz, Childish Major",Revenge Of The Dreamers III: Director's Cut
Hip Hop,Riri,Aminé,Riri
Hip Hop,Mahogany,Lil Wayne,Funeral
Hip Hop,Suge,DaBaby,Baby On Baby
Hip Hop,Rembrandt...Run It Back (with JID & J. Cole feat. Vince Staples),"Dreamville, JID, J. Cole, Vince Staples",Revenge Of The Dreamers III
Hip Hop,Definition of a Rap Flow (Albee 3000),"R.A. The Rugged Man, Amalie Bruun",Legends Never Die
Hip Hop,Little Things (with Quinn XCII & Chelsea Cutler),"Louis The Child, Quinn XCII, Chelsea Cutler",Here For Now
Hip Hop,"WHATS POPPIN (feat. DaBaby, Tory Lanez & Lil Wayne) - Remix","Jack Harlow, Tory Lanez, DaBaby, Lil Wayne","WHATS POPPIN (feat. DaBaby, Tory Lanez & Lil Wayne) [Remix]"
Hip Hop,Baguetti (with JID & Kenny Beats),"Smino, JID, Kenny Beats",Baguetti (with JID & Kenny Beats)
Hip Hop,t h e . c l i m b . b a c k,J. Cole,Lewis Street
Hip Hop,Laugh Now Cry Later (feat. Lil Durk),"Drake, Lil Durk",Laugh Now Cry Later (feat. Lil Durk)
Hip Hop,When To Say When,Drake,Dark Lane Demo Tapes
Hip Hop,The Baddest,Big Sean,Detroit 2
Hip Hop,Strap Yourself Down,Busta Rhymes,Extinction Level Event 2: The Wrath of God
Hip Hop,Oh No,Busta Rhymes,Extinction Level Event 2: The Wrath of God
Hip Hop,Look Over Your Shoulder (feat. Kendrick Lamar),"Busta Rhymes, Kendrick Lamar",Extinction Level Event 2: The Wrath of God
Hip Hop,Clean,"J.Lately, The Grouch",Tuesday
Hip Hop,No Glory (feat. M.I.M.E & Drama B),"Skan, Krale, M.I.M.E, Drama B",No Glory (feat. M.I.M.E & Drama B)
Hip Hop,Money To Blow - Street Version,"Birdman, Lil Wayne, Drake",Pricele$$
Hip Hop,Amen (feat. Drake),"Meek Mill, Drake",Dreams and Nightmares (Deluxe Edition)
Hip Hop,Gnat,Eminem,Music To Be Murdered By - Side B (Deluxe Edition)
Hip Hop,Zeus (feat. White Gold),"Eminem, White Gold",Music To Be Murdered By - Side B (Deluxe Edition)
Hip Hop,Book of Rhymes (feat. DJ Premier),"Eminem, DJ Premier",Music To Be Murdered By - Side B (Deluxe Edition)
Hip Hop,Alfred’s Theme,Eminem,Music To Be Murdered By - Side B (Deluxe Edition)
Hip Hop,Cereal (feat. Kenny Mason),"IDK, JID, Kenny Mason",Cereal (feat. Kenny Mason)
Hip Hop,Ballads (with Conway The Machine),"JID, Conway the Machine",Ballads (with Conway The Machine)
Hip Hop,Bruuuh (with Denzel Curry) - Remix,"JID, Denzel Curry",Bruuuh (with Denzel Curry) [Remix]
Hip Hop,Forgot About Dre,"Dr. Dre, Eminem",2001
Hip Hop,Haunt Me,Samsa,Haunt Me
Hip Hop,Mama/Show Love (feat. YBN Cordae),"Logic, Cordae",Confessions of a Dangerous Mind
Hip Hop,BedRock,"Young Money, Lloyd",We Are Young Money
Hip Hop,Cocoa Butter Kisses,"Chance the Rapper, VIC MENSA, Twista",Acid Rap
Hip Hop,Lost,"Chance the Rapper, Noname",Acid Rap
Hip Hop,p r i d e . i s . t h e . d e v i l (with Lil Baby),"J. Cole, Lil Baby",The Off-Season
Hip Hop,i n t e r l u d e,J. Cole,The Off-Season
Hip Hop,9 5 . s o u t h,J. Cole,The Off-Season
Hip Hop,a p p l y i n g . p r e s s u r e,J. Cole,The Off-Season
Hip Hop,Seeing Green (with Drake & Lil Wayne),"Nicki Minaj, Drake, Lil Wayne",Beam Me Up Scotty
Hip Hop,Come Our Way,Karma Knows,Come Our Way
Hip Hop,LEMONHEAD (feat. 42 Dugg),"Tyler, The Creator, 42 Dugg",CALL ME IF YOU GET LOST
Hip Hop,Death Row East,Nas,King's Disease II
Hip Hop,HANDSOMER,Russ,HANDSOMER
Hip Hop,Johnny P's Caddy,"Benny The Butcher, J. Cole",Johnny P's Caddy
Hip Hop,Blind Eyes,"Sam Lachow, Sierra Lorenzini",Blind Eyes
Hip Hop,Stick (with JID & J. Cole feat. Kenny Mason & Sheck Wes),"Dreamville, JID, J. Cole, Kenny Mason, Sheck Wes",D-Day: A Gangsta Grillz Mixtape
Hip Hop,Barry From Simpson (with JID feat. 2 Chainz & Young Nudy),"Dreamville, JID, 2 Chainz, Young Nudy",D-Day: A Gangsta Grillz Mixtape
Hip Hop,Heaven’s EP (with J. Cole),"Dreamville, J. Cole",D-Day: A Gangsta Grillz Mixtape
Hip Hop,Freedom of Speech (with J. Cole),"Dreamville, J. Cole",D-Day: A Gangsta Grillz Mixtape
Hip Hop,Numb Numb Juice,ScHoolboy Q,CrasH Talk
Hip Hop,Los Angeles,Bryce Vine,Night Circus
Hip Hop,N95,Kendrick Lamar,Mr. Morale & The Big Steppers
Hip Hop,Pound Cake / Paris Morton Music 2,"Drake, JAŸ-Z",Nothing Was The Same (Deluxe)
Hip Hop,HOME - Remix,"Mike Dimes, JID",HOME (Remix)
Hip Hop,Ball If I Want To,DaBaby,Ball If I Want To
Hip Hop,Thinkin Bout You,Frank Ocean,channel ORANGE
Hip Hop,LAUDER,JID,The Never Story
Hip Hop,Never Freestyle,Coast Contra,Never Freestyle
Hip Hop,NEVER,JID,The Never Story
Hip Hop,Hoodbooger,JID,The Never Story
Hip Hop,Up All Night,"Drake, Nicki Minaj",Thank Me Later
Hip Hop,Forever,"Drake, Kanye West, Lil Wayne, Eminem",More Than A Game
Hip Hop,Killa Cam / Roll That Skit,Cam'ron,Purple Haze
Hip Hop,Dance Now (with Kenny Mason),"JID, Kenny Mason",Dance Now (with Kenny Mason)
Hip Hop,Ni**as In Paris,"JAŸ-Z, Kanye West",Watch The Throne (Deluxe)
Hip Hop,No Hands (feat. Roscoe Dash & Wale),"Waka Flocka Flame, Roscoe Dash, Wale",Flockaveli
Hip Hop,All Of The Lights,Kanye West,My Beautiful Dark Twisted Fantasy
Hip Hop,Can't Tell Me Nothing,Kanye West,Graduation
Hip Hop,Money,JID,The Forever Story
Hip Hop,Empire State Of Mind,"JAŸ-Z, Alicia Keys",The Blueprint 3
Hip Hop,Good Ass Intro,"Chance the Rapper, BJ The Chicago Kid, Lili K",Acid Rap
Hip Hop,Pyro (leak 2019),"Denzel Curry, Kenny Beats",UNLOCKED
Hip Hop,That's Just Tips - Scaap Remix,"T-Pain, Scaap",That's Just Tips (Remix Pack)
Hip Hop,A Bar About a Bar,Chance the Rapper,A Bar About a Bar
Hip Hop,Foreplay,Jalen Santoy,II Shepherds
Hip Hop,"Lose Yourself - From ""8 Mile"" Soundtrack",Eminem,Curtain Call (Deluxe)
Hip Hop,Without Me,Eminem,The Eminem Show
Hip Hop,YES! (feat. Rich The Kid & K CAMP),"KYLE, K CAMP, Rich The Kid",See You When I am Famous!!!!!!!!!!!!
Hip Hop,Drunk in Love (feat. JAY-Z),"Beyoncé, JAŸ-Z",BEYONCÉ [Platinum Edition]
Hip Hop,Sing For The Moment,Eminem,The Eminem Show
Hip Hop,The Way I Am,Eminem,The Marshall Mathers LP
Hip Hop,You Need Jesus,"BABY GRAVY, Yung Gravy, bbno$",You Need Jesus
Hip Hop,Kostas,"Westside Gunn, Conway the Machine, Benny The Butcher",And Then You Pray For Me
Hip Hop,Touch It,Busta Rhymes,The Big Bang
Hip Hop,3001,J. Cole,Might Delete Later
Hip Hop,Lalala,"Y2K, bbno$",Lalala
Hip Hop,Broke In A Minute,Tory Lanez,The New Toronto 3
Hip Hop,Little Foot Big Foot (feat. Young Nudy),"Childish Gambino, Young Nudy",Atavista
Hip Hop,Stupid Again,Tory Lanez,The New Toronto 3
Hip Hop,Polynesian,Smino,Polynesian
Hip Hop,Buried Alive,Chance the Rapper,Buried Alive
Hip Hop,Can't Hold Me Down,"Doodles, Lil Wayne, Lil Yachty, Kyle Richh, Pharrell Williams",Can't Hold Me Down
Hip Hop,T Pain Remix (Feat. T-Pain),Pete & Bas,T Pain Remix (Feat. T-Pain)
Hip Hop,Balloon (feat. Doechii),"Tyler, The Creator, Doechii",CHROMAKOPIA
Hip Hop,"Sticky (feat. GloRilla, Sexyy Red & Lil Wayne)","Tyler, The Creator, GloRilla, Sexyy Red, Lil Wayne",CHROMAKOPIA
Hip Hop,Noid,"Tyler, The Creator",CHROMAKOPIA
Hip Hop,I Killed You,"Tyler, The Creator",CHROMAKOPIA
Hip Hop,Back On My BS,BigXthaPlug,THE BIGGEST
Hip Hop,Sprinter,"Dave, Central Cee",Sprinter
Hip Hop,Kids in the Summer (REWIND),Kid Quill,Kids in the Summer (REWIND)
Hip Hop,EP. 3 Butter on a Biscuit,Eric Jamal,B.R.O.K.E. (Season 1)
Hip Hop,Behold,JID,GDLU (Preluxe)
Hip Hop,F.I.C.O.,"Clipse, Stove God Cooks, Pusha T, Malice",Let God Sort Em Out
Hip Hop,Yonkers,"Tyler, The Creator",Goblin
Hip Hop,"Community (with Clipse, Pusha T & Malice)","JID, Clipse, Pusha T, Malice",God Does Like Ugly
Hip Hop,Gz,JID,God Does Like Ugly
Hip Hop,Certified,Diverse,One A.M.
Hip Hop,Night Prowler (feat. Slug),Living Legends,Almost Famous
Hip Hop,RULAZ,Coast Contra,THE FIFTH
Hip Hop,Fuck No (feat. Brasstracks & PhiloSofie),"99 Neighbors, Brasstracks, PhiloSofie",Fuck No (feat. Brasstracks & PhiloSofie)
Hip Hop,WHO TF IZ U,J. Cole,The Fall-Off
Hip Hop,Drum n Bass,J. Cole,The Fall-Off
Alt Rock,Coroner,Lando Chill,"For Mark, Your Son"
Alt Rock,For No One,Houndmouth,Little Neon Limelight
Alt Rock,Turn On Me,The Shins,Wincing The Night Away
Alt Rock,Give Me All Your Love,Madaila,The Dance
Alt Rock,Lately,WebsterX,Lately
Alt Rock,Daisy Chain,Cottonwood Firing Squad,Wyoming (And Other Songs to Kill Yourself To)
Alt Rock,Garden Grays,Wildcat! Wildcat!,No Moon At All
Alt Rock,Straight to the Top,Wildcat! Wildcat!,Straight to the Top
Alt Rock,Tower // W.O.H.L.,Wildcat! Wildcat!,No Moon At All
Alt Rock,Days,The Drums,Portamento
Alt Rock,Zombies Ate My Neighbors,Single File,Common Struggles (Std. Release)
Alt Rock,Black Hole Sun,Soundgarden,Superunknown (Deluxe Edition)
Alt Rock,Sedona,Houndmouth,Little Neon Limelight
Alt Rock,Ophelia,The Lumineers,Cleopatra (Deluxe)
Alt Rock,My Body,Young the Giant,Young The Giant (Special Edition)
Alt Rock,Up Against The Wall,Peter Bjorn and John,Writer's Block
Alt Rock,Feel It Still,Portugal. The Man,Woodstock
Alt Rock,Electric Love,BØRNS,Dopamine
Alt Rock,Slow Dancing in a Burning Room,John Mayer,Continuum
Alt Rock,Who Says,John Mayer,Battle Studies
Alt Rock,Dreaming with a Broken Heart,John Mayer,Continuum
Alt Rock,Cleopatra,The Lumineers,Cleopatra
Alt Rock,Something Like Olivia - Acoustic,John Mayer,The Complete 2012 Performances Collection
Alt Rock,Straightjacket,Quinn XCII,Straightjacket
Alt Rock,Flowers in Your Hair,The Lumineers,The Lumineers
Alt Rock,Home,Edward Sharpe & The Magnetic Zeros,Up from Below
Alt Rock,40 Day Dream,Edward Sharpe & The Magnetic Zeros,Up from Below
Alt Rock,Heart It Races - Cover Version,Dr. Dog,Heart It Races
Alt Rock,New Slang,The Shins,"Oh, Inverted World"
Alt Rock,Simple Song,"The Shins, James Mercer",Port Of Morrow
Alt Rock,Sloppy Seconds,Watsky,Cardboard Castles
Alt Rock,Float On,Modest Mouse,Good News For People Who Love Bad News
Alt Rock,Water,"Ra Ra Riot, Rostam",Need Your Light
Alt Rock,Uptown Boys,Netherfriends,P3ace
Alt Rock,Cigarette Daydreams,Cage The Elephant,Melophobia
Alt Rock,Dreaming - The Chainsmokers Remix,"Smallpools, The Chainsmokers",Dreaming Remix EP
Alt Rock,April 29th,The O'My's,Potty Mouth EP
Alt Rock,Atlanta Girls,Trash Panda,Atlanta Girls
Alt Rock,You,Manwolves,You
Alt Rock,Army of Ancients,Dr. Dog,Fate
Alt Rock,All Day All Night,Moon Taxi,Daybreaker
Alt Rock,Guru,Coast Modern,Coast Modern
Alt Rock,Control (Secretly Sorry),JR JR,Control (Secretly Sorry)
Alt Rock,Adderall,Max Frost,Adderall
Alt Rock,Furr,Blitzen Trapper,Furr
Alt Rock,Suitcase,The New Electric Sound,The New Electric Sound
Alt Rock,Plumage,Menomena,Moms
Alt Rock,When I'm Down,"Whethan, Oliver Tree",When I'm Down
Alt Rock,Fire Escape,Andrew McMahon in the Wilderness,Zombies On Broadway
Alt Rock,Grapevine Fires,Death Cab for Cutie,Narrow Stairs
Alt Rock,Absolutely,Ra Ra Riot,Absolutely
Alt Rock,Undercover Martyn,Two Door Cinema Club,Tourist History
Alt Rock,Hey Asshole,"Watsky, Kate Nash",Cardboard Castles
Alt Rock,After the Disco,"Broken Bells, Danger Mouse, James Mercer",After the Disco
Alt Rock,Comin' Round Again,Houndmouth,From the Hills Below the City
Alt Rock,Just Tell Me,Nico Yaryan,What A Tease
Alt Rock,Harlem,New Politics,A Bad Girl In Harlem
Alt Rock,Circadian Rhythms (Dusk),Stop Light Observations,Radiation
Alt Rock,Cocaine,Sleepwalkers,Greenwood Shade
Alt Rock,Tryin',The O'My's,Potty Mouth EP
Alt Rock,Tap Water Drinking,Lewis Del Mar,Lewis Del Mar
Alt Rock,"Puerto Cabezas, NI",Lewis Del Mar,Lewis Del Mar
Alt Rock,Long Strange Trip...,Cisco Adler,Long Strange Trip...
Alt Rock,Suicide Saturday,Hippo Campus,Bashful Creatures
Alt Rock,Helah,Mauno,Tuning
Alt Rock,Floating in the Dark,Palmas,Floating in the Dark
Alt Rock,Wave(s),Lewis Del Mar,EP
Alt Rock,Darlin',Houndmouth,Little Neon Limelight
Alt Rock,Put a Light On,Generationals,Heza
Alt Rock,Bigger Boys and Stolen Sweethearts,Arctic Monkeys,I Bet You Look Good On The Dancefloor
Alt Rock,S.O.B.,Nathaniel Rateliff & The Night Sweats,Nathaniel Rateliff & The Night Sweats
Alt Rock,Oxford Comma,Vampire Weekend,Vampire Weekend
Alt Rock,Turn,The Wombats,Turn
Alt Rock,Anna Sun - Acoustic,The Griswolds,Acoustic EP
Alt Rock,"I'm Still Here (Jim's Theme) - From ""Treasure Planet""/Soundtrack Version",John Rzeznik,Treasure Planet
Alt Rock,Breezeblocks,alt-J,An Awesome Wave
Alt Rock,Sinners,DD LUXZ,"Heartbreak, Sex & Cigarettes"
Alt Rock,Step,Vampire Weekend,Modern Vampires of the City
Alt Rock,Are You Kidding? (40s) (feat. Parrotfish),"Callaway Martin, Parrotfish",Are You Kidding? (40s) [feat. Parrotfish]
Alt Rock,Do You Love Someone,GROUPLOVE,Big Mess
Alt Rock,Silvertongue,Young the Giant,Home of the Strange
Alt Rock,Twin Size Mattress,The Front Bottoms,Talon Of The Hawk
Alt Rock,Boston,Augustana,All The Stars and Boulevards
Alt Rock,Can't Keep,Duncan Fellows,Both Sides of the Ceiling
Alt Rock,I Won't Give Up,Jason Mraz,I Won't Give Up
Alt Rock,Young Fathers,Typhoon,White Lighter
Alt Rock,Level,The Raconteurs,Broken Boy Soldiers
Alt Rock,Freak Caroline,Sterling Fox,Freak Caroline
Alt Rock,Greek Tragedy,The Wombats,Glitterbug (Deluxe Edition)
Alt Rock,Doses And Mimosas - Acoustic,The Griswolds,Acoustic EP
Alt Rock,Put a Flower in Your Pocket,The Arcs,"Yours, Dreamily,"
Alt Rock,Mock Origami,Matthew and the Arrogant Sea,Family Family Family Meets the Magic Christian
Alt Rock,House Party,Sublime With Rome,Sirens
Alt Rock,Mr. Know-It-All,Young the Giant,Home of the Strange
Alt Rock,Jessica,Allman Brothers Band,Dreams
Alt Rock,Whiskey Sunsets,Moon Taxi,Cabaret
Alt Rock,Don't Say a Word,Major and the Monbacks,Major and the Monbacks
Alt Rock,Drugs,Adam Jensen,Drugs
Alt Rock,Come Together,"Gary Clark Jr., Junkie XL",Come Together
Alt Rock,When It Rains It Poors,Twiddle,Somewhere On the Mountain
Alt Rock,Guilty Pleasure,Bryce Vine,Lazy Fair
Alt Rock,Off,Trash Panda,Off
Alt Rock,Black Bear,Black Bear,The Cinnamon Phase
Alt Rock,Im Glad Youre Doing Well,Cottonwood Firing Squad,Wyoming (And Other Songs to Kill Yourself To)
Alt Rock,Seven,Rainbow Kitten Surprise,Seven + Mary
Alt Rock,Buttercup,Hippo Campus,Landmark
Alt Rock,For Elise,Saint Motel,saintmotelevision
Alt Rock,High Tops,Del Water Gap,High Tops
Alt Rock,Amadeus,Family and Friends,XOXO
Alt Rock,"My Life, My Love",Family and Friends,Love You Mean It
Alt Rock,White Lies - EP Version,Max Frost,Low High Low
Alt Rock,Beige,Yoke Lore,Goodpain
Alt Rock,Chasin' Honey,Wild Party,Phantom Pop
Alt Rock,Jack and Blow,Atta Boy,Out of Sorts
Alt Rock,Cecilia And The Satellite,Andrew McMahon in the Wilderness,Andrew McMahon In The Wilderness
Alt Rock,Sticks 'N' Stones,Jamie T,Kings & Queens
Alt Rock,Dogtown,The Fratellis,"Eyes Wide, Tongue Tied (Deluxe)"
Alt Rock,Too Much Wine,The Fratellis,"Eyes Wide, Tongue Tied (Deluxe)"
Alt Rock,Down the Road and Back... Again...,The Fratellis,"Eyes Wide, Tongue Tied (Deluxe)"
Alt Rock,Rose Of Sharon,Mumford & Sons,Delta
Alt Rock,Suit And Jacket,Judah & the Lion,Folk Hop N' Roll (Deluxe)
Alt Rock,"Love, and Other Drugs",Family and Friends,Love You Mean It
Alt Rock,Cocaine Jesus,Rainbow Kitten Surprise,RKS
Alt Rock,No Money (Jetski),Joe Hertler & The Rainbow Seekers,Terra Incognita
Alt Rock,Garden of the Gods,The Bright Light Social Hour,The Bright Light Social Hour
Alt Rock,La Piedra De La Iguana,The Bright Light Social Hour,The Bright Light Social Hour
Alt Rock,Detroit,The Bright Light Social Hour,The Bright Light Social Hour
Alt Rock,Pisces,RIZ LA VIE,Found.
Alt Rock,Poplar St,Glass Animals,How To Be A Human Being
Alt Rock,Treehouse,Fin,Salt
Alt Rock,Where'd All the Time Go?,Dr. Dog,"Shame, Shame (Deluxe Edition)"
Alt Rock,How You Been?,Harrison Fjord,Puspa in Space
Alt Rock,Rollercoaster,Bleachers,Strange Desire
Alt Rock,Crazy Bitch,Buckcherry,15
Alt Rock,Ain't No Rest for the Wicked,Cage The Elephant,Cage The Elephant (Expanded Edition)
Alt Rock,100 Years,Five For Fighting,The Battle for Everything
Alt Rock,Henrietta,The Fratellis,Costello Music
Alt Rock,Flathead,The Fratellis,Costello Music
Alt Rock,Chelsea Dagger,The Fratellis,Costello Music
Alt Rock,Got Ma Nuts From A Hippie,The Fratellis,Costello Music
Alt Rock,Ole Black 'n' Blue Eyes,The Fratellis,Costello Music
Alt Rock,At Least I'm Not as Sad (As I Used to Be),fun.,Aim and Ignite (Deluxe Version)
Alt Rock,Carry On,fun.,Some Nights
Alt Rock,Some Nights,fun.,Some Nights
Alt Rock,We Are Young (feat. Janelle Monáe),"fun., Janelle Monáe",Some Nights
Alt Rock,Beware The Dog,The Griswolds,Be Impressive
Alt Rock,From Eden,Hozier,Hozier (Expanded Edition)
Alt Rock,Pain,Jimmy Eat World,Futures
Alt Rock,The Middle,Jimmy Eat World,Bleed American
Alt Rock,Use Somebody,Kings of Leon,Only By The Night
Alt Rock,Get Closer,Life in Film,Here It Comes
Alt Rock,She Will Be Loved,Maroon 5,Songs About Jane
Alt Rock,Ocean Breathes Salty,Modest Mouse,Good News For People Who Love Bad News
Alt Rock,Little Lion Man,Mumford & Sons,Sigh No More
Alt Rock,Roll Away Your Stone,Mumford & Sons,Sigh No More
Alt Rock,Animal,Neon Trees,Habits
Alt Rock,Text Me In The Morning,Neon Trees,Pop Psychology
Alt Rock,Champagne Supernova (Remastered),Oasis,(What's The Story) Morning Glory? (Deluxe Edition) [Remastered]
Alt Rock,Don't Look Back In Anger (Remastered),Oasis,(What's The Story) Morning Glory? (Deluxe Edition) [Remastered]
Alt Rock,Money,Pink Floyd,The Dark Side of the Moon
Alt Rock,Scar Tissue,Red Hot Chili Peppers,Californication (Deluxe Edition)
Alt Rock,Face Down,The Red Jumpsuit Apparatus,Don't You Fake It
Alt Rock,Sleeping Lessons,The Shins,Wincing The Night Away
Alt Rock,1979 - Remastered 2012,The Smashing Pumpkins,Mellon Collie And The Infinite Sadness (Deluxe Edition)
Alt Rock,"Tonight, Tonight - Remastered 2012",The Smashing Pumpkins,Mellon Collie And The Infinite Sadness (Deluxe Edition)
Alt Rock,Razorblade,The Strokes,First Impressions Of Earth
Alt Rock,The Start Of Something,Voxtrot,Raised By Wolves EP
Alt Rock,What I Got,Sublime,Sublime
Alt Rock,Santeria,Sublime,Sublime
Alt Rock,Under the Sun - Remastered,Sugar Ray,The Best Of Sugar Ray
Alt Rock,Drops of Jupiter (Tell Me),Train,Drops Of Jupiter
Alt Rock,Soft & Warm,Voxtrot,"Mothers, Sisters, Daughters & Wives"
Alt Rock,Caress Me Down,Sublime,Sublime
Alt Rock,Never Let You Go - 2008 Remaster,Third Eye Blind,Blue
Alt Rock,How's It Going to Be,Third Eye Blind,Third Eye Blind
Alt Rock,Blue Blue Blue,Mike Slap,Blue Blue Blue
Alt Rock,didya think,Arlie,Wait
Alt Rock,Break Them Bad Boys Down,Stop Light Observations,Radiation
Alt Rock,Come on Down,Stop Light Observations,Radiation
Alt Rock,The Maze,Stop Light Observations,Radiation
Alt Rock,Bright Blue Whales,Stop Light Observations,Radiation
Alt Rock,Heart,Rainbow Kitten Surprise,Mary (b-sides)
Alt Rock,All That and More (Sailboat),Rainbow Kitten Surprise,Seven + Mary
Alt Rock,Let's Dance to Joy Division,The Wombats,"Proudly Present... A Guide to Love, Loss & Desperation (Special Edition)"
Alt Rock,Medusa in Chains,The Fratellis,"Eyes Wide, Tongue Tied (Deluxe)"
Alt Rock,Someday,The Strokes,Is This It
Alt Rock,Red Hot Lights,Moon Taxi,Daybreaker
Alt Rock,Your Soul,Coasts,Coasts
Alt Rock,Cherry Wine,Born Ruffians,Birthmarks (Deluxe)
Alt Rock,Wavy Gravy,Okey Dokey,"Love You, Mean It"
Alt Rock,Low Rent / Blue Skies,Okey Dokey,"Love You, Mean It"
Alt Rock,Raspberry,GROUPLOVE,Spreading Rumours
Alt Rock,I'll Take Another,The Main Squeeze,The Main Squeeze
Alt Rock,Hands Down,The Greeting Committee,It’s Not All That Bad
Alt Rock,Light Speed,Kai Straw,Light Speed
Alt Rock,A Better Son/Daughter,Rilo Kiley,The Execution Of All Things
Alt Rock,1000 Boys,Matt Duncan,Beacon
Alt Rock,Mr. Redundant,Rainbow Kitten Surprise,Seven + Mary
Alt Rock,Southern Comforting,Hotel Mira,Circulation
Alt Rock,Butch,Saint Motel,ForPlay
Alt Rock,It's Called: Freefall,Rainbow Kitten Surprise,"How to: Friend, Love, Freefall"
Alt Rock,Lady Lie,Rainbow Kitten Surprise,RKS
Alt Rock,No Vacancy,Rainbow Kitten Surprise,Mary (b-sides)
Alt Rock,Warm Animal,Sure Sure,What's It Like?
Alt Rock,Peaches,Family and Friends,Felix Culpa
Alt Rock,Fast Talk,"Dawn Golden, Houses",Drugstore Heaven
Alt Rock,Winter,Yabadum,Careful Kid
Alt Rock,The Stand,Mother Mother,Eureka
Alt Rock,Ghosting,Mother Mother,O My Heart
Alt Rock,Dull,Microwave,Much Love
Alt Rock,Buttons,The Weeks,Comeback Cadillac
Alt Rock,Zen (with K.Flay & grandson),"X Ambassadors, K.Flay, grandson",Zen (with K.Flay & grandson)
Alt Rock,Freakin' Out On the Interstate,Briston Maroney,Carnival
Alt Rock,Lisztomania,Phoenix,Wolfgang Amadeus Phoenix
Alt Rock,If I Had A Tail,Queens of the Stone Age,...Like Clockwork
Alt Rock,Come With Me,Mt. Joy,Rearrange Us
Alt Rock,ARIEL ARIEL - Stripped,The Griswolds,ARIEL ARIEL (Stripped)
Alt Rock,Girls Like You,The Weeks,Two Moons
Alt Rock,Salute Your Solution,The Raconteurs,Consolers of the Lonely
Alt Rock,Queenstown,Passenger,Patchwork
Alt Rock,Mona Lisas And Mad Hatters,Elton John,Honky Chateau
Alt Rock,Brother In The Night,The Weeks,Dear Bo Jackson
Alt Rock,Slips,The Weeks,Slips
Alt Rock,Bottle Rocket,The Weeks,Easy
Alt Rock,The Garden,The Happy Fits,What Could Be Better
Alt Rock,"Out of My Mind - Live at the House of Blues, Chicago, Illinois, September 22, 2005",John Mayer,TRY! - Live In Concert
Alt Rock,Your Body Is a Wonderland,John Mayer,Room For Squares
Alt Rock,Lemon Sun,Grady Strange,Lemon Sun
Alt Rock,Dependant on Mary,Psychedelic Porn Crumpets,"High Visceral, Pt. 2"
Alt Rock,Our Song,Rainbow Kitten Surprise,Our Song
Alt Rock,American Pie,Don McLean,American Pie
Alt Rock,Australia,The Shins,Wincing The Night Away
Alt Rock,Kill the Director,The Wombats,"Proudly Present... A Guide to Love, Loss & Desperation (Special Edition)"
Alt Rock,Dashboard,Modest Mouse,We Were Dead Before The Ship Even Sank
Alt Rock,The Underdog,Spoon,Ga Ga Ga Ga Ga
Alt Rock,Reptilia,The Strokes,Room On Fire
Alt Rock,Icky Thump,The White Stripes,Icky Thump
Alt Rock,Last Nite,The Strokes,Is This It
Alt Rock,Strangers in the Street,The Fratellis,Half Drunk Under a Full Moon
Alt Rock,Six Days in June,The Fratellis,Half Drunk Under a Full Moon
Alt Rock,big fat mouth,Arlie,Wait
Alt Rock,too long,Arlie,Wait
Alt Rock,Kilby Girl,The Backseat Lovers,When We Were Friends
Alt Rock,Passenger Side,Smallpools,Passenger Side
Alt Rock,Good For You,Houndmouth,Cool Jam/Good For You
Alt Rock,The Hounds,The Protomen,Act II: The Father Of Death
Alt Rock,Honeybee,The Head And The Heart,Living Mirage
Alt Rock,Last Train Home - Ballad Version,John Mayer,Last Train Home (Ballad Version)
Alt Rock,Spinach,Honey Hounds,No Sleep
Alt Rock,Jarmin in the Dark,Young Monks,Jarmin in the Dark
Alt Rock,Summertime Singalong Vibe,The 502s,Could It Get Better Than This
Alt Rock,2young,Stop Light Observations,oRANGE.
Alt Rock,Sweet Disposition,The Temper Trap,(500) Days of Summer (Music from the Motion Picture)
Alt Rock,Shark Attack,GROUPLOVE,Spreading Rumours (Deluxe)
Alt Rock,Down to Ride,Honey Hounds,No Sleep
Alt Rock,Goon Squad,Ripe,Hey Hello
Alt Rock,Dancin' Around My Grave,"Andy Frasco & The U.N., Susto, Doom Flamingo","Wash, Rinse, Repeat."
Alt Rock,With A Little Help From My Friends - Remastered 2009,The Beatles,Sgt. Pepper's Lonely Hearts Club Band (Remastered)
Alt Rock,I Want You (She's So Heavy) - Remastered 2009,The Beatles,Abbey Road (Remastered)
Alt Rock,Revolution 1 - Remastered 2009,The Beatles,The Beatles (Remastered)
Alt Rock,Jackie and Wilson,Hozier,Hozier (Expanded Edition)
Alt Rock,We Used To Vacation,Cold War Kids,Robbers & Cowards
Alt Rock,Them Shoes,Patrick Sweany,Every Hour Is A Dollar Gone
Alt Rock,Lousy Connection,Ezra Furman,Perpetual Motion People
Alt Rock,Slick & Delta Queen,Kyle Craft,Full Circle Nightmare
Alt Rock,Exile Rag,Kyle Craft,Full Circle Nightmare
Alt Rock,Pentecost,Kyle Craft,Dolls of Highland
Alt Rock,Future Midcity Massacre,Kyle Craft,Dolls of Highland
Alt Rock,Lady of the Ark,Kyle Craft,Dolls of Highland
Alt Rock,The Dress,The Dudes,Barbers Thieves and Bartenders
Alt Rock,Gold Calf Moan,Kyle Craft,Full Circle Nightmare
Alt Rock,The Rager,Kyle Craft,Full Circle Nightmare
Alt Rock,First Time Feeling,Ripe,First Time Feeling
Alt Rock,Favorite Liar,The Wrecks,We Are The Wrecks
Alt Rock,Dirty Love,Mt. Joy,Mt. Joy
Alt Rock,Iris,The Goo Goo Dolls,Dizzy up the Girl
Alt Rock,End of It,Friday Pilots Club,End of It
Alt Rock,South,Hippo Campus,South - Single
Alt Rock,Eat Your Young,Hozier,Francesca
Alt Rock,Check Yes Juliet,We The Kings,We The Kings
Alt Rock,Electric Feel,MGMT,Oracular Spectacular
Alt Rock,Under Cover of Darkness,The Strokes,Angles
Alt Rock,Lydia,Highly Suspect,Mister Asylum
Alt Rock,Inertia,AJR,The Maybe Man
Alt Rock,Northern Attitude,Noah Kahan,Stick Season (We'll All Be Here Forever)
Alt Rock,Romeo & Juliet,Peter McPoland,Romeo & Juliet
Alt Rock,You're Somebody Else,flora cash,You're Somebody Else
Alt Rock,Helena Beat,Foster The People,Torches
Alt Rock,Mountain Sound,Of Monsters and Men,My Head Is An Animal
Alt Rock,Dirty Paws,Of Monsters and Men,My Head Is An Animal
Alt Rock,Show Me What I'm Looking For,Carolina Liar,Coming To Terms
Alt Rock,Semi-Charmed Life,Third Eye Blind,Third Eye Blind
Alt Rock,My Own Worst Enemy,Lit,A Place In The Sun
Alt Rock,Maybe Man,AJR,The Maybe Man
Alt Rock,White Winter Hymnal,Fleet Foxes,Fleet Foxes
Alt Rock,Skinny Love,Bon Iver,"For Emma, Forever Ago"
Alt Rock,Stick Season,Noah Kahan,Stick Season
Alt Rock,Look@Ugo,Mosie,Tangerine
Alt Rock,hometown,cleopatrick,hometown
Alt Rock,Ice Cream Piano,Vampire Weekend,Only God Was Above Us
Alt Rock,I Don't Wanna Be In Love (Dance Floor Anthem),Good Charlotte,Good Morning Revival
Alt Rock,Beverly Blues,Opia,Beverly Blues
Alt Rock,Ode to Sleep,Twenty One Pilots,Vessel
Alt Rock,Tom's Diner,"AnnenMayKantereit, Giant Rooks",Tom's Diner
Alt Rock,Same Old Song,The Lumineers,Same Old Song
Alt Rock,Wannabe Friends,Phrases,Wannabe Friends
Alt Rock,It Ends Tonight,The All-American Rejects,Move Along
Alt Rock,Open Vein,Thorn Haze,Open Vein
Alt Rock,Blood On The Hospital Floor,The Wombats,Oh! The Ocean
Alt Rock,Youth,Glass Animals,How To Be A Human Being
Alt Rock,deadman,Souly Had,sounds like you're still here
Alt Rock,Why Is It Light Out?,The Kilans,Why Is It Light Out?
Alt Rock,Casual Crying,Family and Friends,Kid Spirit
Alt Rock,Could Be Love,Poolhouse,Could Be Love
Alt Rock,Out Tonight,Penelope Road,Out Tonight
Alt Rock,Long Nights,moondoggy,Mad and Noisy
Alt Rock,Let Em' Out,PERSONA 749,Let Em' Out
Alt Rock,ozymandias,Stop Light Observations,oRANGE.
Alt Rock,Planet X,Calimossa,Habaneros
Alt Rock,Gold on the Ceiling - 2021 Remaster,The Black Keys,El Camino (2021 Remaster)
Alt Rock,Downward,Ripe,Joy in the Wild Unknown
Alt Rock,Cringe,Matt Maeson,Bank On The Funeral
Alt Rock,Escapism.,Father Of Peace,The Year Of Madness
Alt Rock,Rock & Roll,Oliver Malcolm,Rock & Roll
Alt Rock,Headsick (feat. Manchester Orchestra),"USERx, Matt Maeson, Rozwell, Manchester Orchestra",USERx
Alt Rock,Selfless,The Strokes,The New Abnormal
Alt Rock,Mayonaise - 2011 Remaster,The Smashing Pumpkins,Siamese Dream (Deluxe Edition)
Alt Rock,RUN!,Daniyel,RUN!
Alt Rock,The Banjo Song,Mumford & Sons,The Banjo Song
Alt Rock,Shameful Company,Rainbow Kitten Surprise,Seven + Mary
Alt Rock,Beggar's Song,Matt Maeson,Bank On The Funeral
Oldies,"Take Me Home, Country Roads - Rerecorded",John Denver,"The John Denver Collection, Vol. 1: Take Me Home Country Roads"
Oldies,American Pie,Don McLean,American Pie
Oldies,Lean on Me,Bill Withers,Still Bill
Oldies,I'm a Believer - 2006 Remaster,The Monkees,More of The Monkees (Deluxe Edition)
Oldies,Free Fallin',Tom Petty,Full Moon Fever
Oldies,Brown Eyed Girl,Van Morrison,Blowin' Your Mind!
Oldies,You're My Best Friend - Remastered 2011,Queen,A Night At The Opera (Deluxe Remastered Version)
Oldies,Hotel California - 2013 Remaster,Eagles,Hotel California (2013 Remaster)
Oldies,The Times They Are A-Changin',Bob Dylan,The Times They Are A-Changin'
Oldies,The Boys Are Back In Town,Thin Lizzy,Jailbreak (Deluxe Edition)
Oldies,I Got A Name,Jim Croce,I Got A Name
Oldies,Blinded by the Light - Single Edit,Manfred Mann's Earth Band,The Roaring Silence
Oldies,Ain't No Sunshine,Bill Withers,Just As I Am
Oldies,Good Vibrations - Remastered 2001,The Beach Boys,Smiley Smile (Remastered)
Oldies,Easy,Commodores,Commodores
Oldies,Ain't No Mountain High Enough,"Marvin Gaye, Tammi Terrell",United
Oldies,My Girl,The Temptations,The Temptations Sing Smokey
Oldies,Walking On Sunshine,Katrina & The Waves,Katrina & The Waves
Oldies,Twist And Shout - Remastered 2009,The Beatles,Please Please Me (Remastered)
Oldies,Wake Me Up Before You Go-Go,Wham!,Make It Big
Oldies,What I Like About You,The Romantics,The Romantics
Oldies,Build Me Up Buttercup,The Foundations,The Foundations
Oldies,Jessie's Girl,Rick Springfield,Working Class Dog
Oldies,Spirit In The Sky,Norman Greenbaum,Spirit In The Sky
Oldies,Don't Worry Be Happy,Bobby McFerrin,Simple Pleasures
Oldies,With A Little Help From My Friends - Remix,The Beatles,With A Little Help From My Friends (Remix)
Oldies,"Rocket Man (I Think It's Going To Be A Long, Long Time)",Elton John,Honky Chateau
Oldies,Piano Man,Billy Joel,Piano Man
Oldies,The Streak,Ray Stevens,Greatest Hits - Original Recordings
Oldies,Sweet Caroline,Neil Diamond,Sweet Caroline
Oldies,Sweet Home Alabama,Lynyrd Skynyrd,Second Helping (Expanded Edition)
Oldies,Three Little Birds,Bob Marley & The Wailers,Exodus
Oldies,Free Bird,Lynyrd Skynyrd,Pronounced' Leh-'Nerd 'Skin-'Nerd
Oldies,Tennessee Whiskey,Chris Stapleton,
Oldies,Easy,Commodores,Commodores
Oldies,The Night They Drove Old Dixie Down - Remastered 2000,The Band,The Band (Expanded Edition)
Oldies,Jump in the Line,Harry Belafonte,The Best Of
Oldies,Red Red Wine,UB40,The Very Best Of
Oldies,All We Are,TiRon & Ayomari,The Great New Wonderful
Oldies,Jessica,Allman Brothers Band,Dreams
Oldies,Feeling Good,Nina Simone,I Put A Spell On You
Oldies,September,"Earth, Wind & Fire",The Eternal Dance
Oldies,Lemonade,Iris Temple,Lemonade
Oldies,One Week,Barenaked Ladies,Stunt (20th Anniversary Edition)
Oldies,Eleanor Rigby - Remastered 2009,The Beatles,Revolver (Remastered)
Oldies,Lucy In The Sky With Diamonds - Remastered 2009,The Beatles,Sgt. Pepper's Lonely Hearts Club Band (Remastered)
Oldies,Hey Jealousy,Gin Blossoms,Outside Looking In: The Best Of The Gin Blossoms
Oldies,No Rain,Blind Melon,Blind Melon
Oldies,Wanted Dead Or Alive,Bon Jovi,Slippery When Wet
Oldies,Mr. Jones,Counting Crows,August And Everything After
Oldies,Colorblind,Counting Crows,This Desert Life
Oldies,Round Here,Counting Crows,August And Everything After
Oldies,Play That Funky Music,Wild Cherry,Wild Cherry
Oldies,Tiny Dancer,Elton John,Madman Across The Water
Oldies,Mambo No. 5 (a Little Bit of...),Lou Bega,A Little Bit of Mambo
Oldies,The Ballad Of Curtis Loew,Lynyrd Skynyrd,Second Helping (Expanded Edition)
Oldies,Bohemian Rhapsody - Remastered 2011,Queen,A Night At The Opera (Deluxe Remastered Version)
Oldies,"Paint It, Black",The Rolling Stones,Aftermath
Oldies,The Joker,Steve Miller Band,The Joker
Oldies,Ramblin' Man,Allman Brothers Band,Dreams
Oldies,Blue Sky,Allman Brothers Band,Eat A Peach
Oldies,Only the Good Die Young,Billy Joel,The Stranger (Legacy Edition)
Oldies,Folsom Prison Blues (2017 Remaster),Johnny Cash,Greatest Hits
Oldies,American Girl,Tom Petty and the Heartbreakers,Tom Petty & The Heartbreakers
Oldies,One (Remastered),Metallica,...And Justice for All (Remastered Deluxe Box Set)
Oldies,God's Gonna Cut You Down,Johnny Cash,American V: A Hundred Highways
Oldies,Take It to the Limit - 2013 Remaster,Eagles,One of These Nights (2013 Remaster)
Blues,Darkwater,Sam Williams,Darkwater
Blues,No Sugar In My Coffee,Caught A Ghost,Human Nature
Blues,Little Lady Blues,Daniel Bachman,Orange Co. Serenade
Blues,Catfish Blues - Live,Gary Clark Jr.,Gary Clark Jr. Live
Blues,Darlin',Houndmouth,Little Neon Limelight
Blues,Blue Devil Jump,Jay McShann,The Last Of The Blue Devils
Blues,I’m Getting Better (And I’m Feeling It Right Now),The Record Company,I’m Getting Better (And I’m Feeling It Right Now)
Blues,No Good,KALEO,A/B
Blues,Lemonade,Iris Temple,Lemonade
Blues,No Complaints No Conversation,Watsky,No Complaints No Conversation
Blues,Yellow Eyes,Rayland Baxter,Imaginary Man
Blues,What It's Like,Everlast,Whitey Ford Sings The Blues
Blues,Where'd You Go (feat. Holly Brook & Jonah Matranga),"Fort Minor, Holly Brook, Jonah Matranga",The Rising Tied
Blues,Let Her Cry,Hootie & The Blowfish,Cracked Rear View
Blues,Hurt,Johnny Cash,American IV: The Man Comes Around
Blues,Liability,Lorde,Melodrama
Blues,Shane's Song,Houndmouth,"California Voodoo, Pt. II"
Blues,Call It Stormy Monday,"Albert King, Stevie Ray Vaughan",In Session
Blues,Time > Breathe Reprise >,Greensky Bluegrass,All Access: Volume One
Blues,T.I.B.W.F.,The Budos Band,The Budos Band
Blues,Bloody Well Right,Supertramp,Cruella (Original Motion Picture Soundtrack)
Blues,Them Shoes,Patrick Sweany,Every Hour Is A Dollar Gone
Blues,Waikiki - Original Mix,Deep Chills,Waikiki
Blues,Water - Recorded at Spotify Studios NYC,Earl St. Clair,Spotify Singles
Arctic monkeys,Baby I'm Yours,Arctic Monkeys,Leave Before The Lights Come On
Arctic monkeys,Crying Lightning,Arctic Monkeys,Humbug
Arctic monkeys,Do I Wanna Know?,Arctic Monkeys,AM
Arctic monkeys,Fluorescent Adolescent,Arctic Monkeys,Favourite Worst Nightmare (Standard Version)
Arctic monkeys,R U Mine?,Arctic Monkeys,AM
Arctic monkeys,I Bet You Look Good On The Dancefloor,Arctic Monkeys,"Whatever People Say I Am, That's What I'm Not"
Arctic monkeys,Cornerstone,Arctic Monkeys,Humbug
Arctic monkeys,She's Thunderstorms,Arctic Monkeys,Suck It and See
Arctic monkeys,Black Treacle,Arctic Monkeys,Suck It and See
Arctic monkeys,Brick By Brick,Arctic Monkeys,Suck It and See
Arctic monkeys,The Hellcat Spangled Shalalala,Arctic Monkeys,Suck It and See
Arctic monkeys,Reckless Serenade,Arctic Monkeys,Suck It and See
Arctic monkeys,Piledriver Waltz,Arctic Monkeys,Suck It and See
Arctic monkeys,Love is a Laserquest,Arctic Monkeys,Suck It and See
Arctic monkeys,Suck It and See,Arctic Monkeys,Suck It and See
Arctic monkeys,Teddy Picker,Arctic Monkeys,Favourite Worst Nightmare (Standard Version)
Arctic monkeys,D Is for Dangerous,Arctic Monkeys,Favourite Worst Nightmare (Standard Version)
Arctic monkeys,Balaclava,Arctic Monkeys,Favourite Worst Nightmare (Standard Version)
Arctic monkeys,Only Ones Who Know,Arctic Monkeys,Favourite Worst Nightmare (Standard Version)
Arctic monkeys,Do Me a Favour,Arctic Monkeys,Favourite Worst Nightmare (Standard Version)
Arctic monkeys,This House Is a Circus,Arctic Monkeys,Favourite Worst Nightmare (Standard Version)
Arctic monkeys,"If You Were There, Beware",Arctic Monkeys,Favourite Worst Nightmare (Standard Version)
Arctic monkeys,The Bad Thing,Arctic Monkeys,Favourite Worst Nightmare (Standard Version)
Arctic monkeys,Old Yellow Bricks,Arctic Monkeys,Favourite Worst Nightmare (Standard Version)
Arctic monkeys,505,Arctic Monkeys,Favourite Worst Nightmare (Standard Version)
Arctic monkeys,Fake Tales Of San Francisco,Arctic Monkeys,"Whatever People Say I Am, That's What I'm Not"
Arctic monkeys,Dancing Shoes,Arctic Monkeys,"Whatever People Say I Am, That's What I'm Not"
Arctic monkeys,You Probably Couldn't See For The Lights But You Were Staring Straight At Me,Arctic Monkeys,"Whatever People Say I Am, That's What I'm Not"
Arctic monkeys,Riot Van,Arctic Monkeys,"Whatever People Say I Am, That's What I'm Not"
Arctic monkeys,Mardy Bum,Arctic Monkeys,"Whatever People Say I Am, That's What I'm Not"
Arctic monkeys,Perhaps Vampires Is A Bit Strong But…,Arctic Monkeys,"Whatever People Say I Am, That's What I'm Not"
Arctic monkeys,When The Sun Goes Down,Arctic Monkeys,"Whatever People Say I Am, That's What I'm Not"
Arctic monkeys,From The Ritz To The Rubble,Arctic Monkeys,"Whatever People Say I Am, That's What I'm Not"
Arctic monkeys,A Certain Romance,Arctic Monkeys,"Whatever People Say I Am, That's What I'm Not"
Arctic monkeys,One For The Road,Arctic Monkeys,AM
Arctic monkeys,Arabella,Arctic Monkeys,AM
Arctic monkeys,I Want It All,Arctic Monkeys,AM
Arctic monkeys,No. 1 Party Anthem,Arctic Monkeys,AM
Arctic monkeys,Mad Sounds,Arctic Monkeys,AM
Arctic monkeys,Fireside,Arctic Monkeys,AM
Arctic monkeys,Why'd You Only Call Me When You're High?,Arctic Monkeys,AM
Arctic monkeys,Snap Out Of It,Arctic Monkeys,AM
Arctic monkeys,Knee Socks,Arctic Monkeys,AM
Arctic monkeys,I Wanna Be Yours,Arctic Monkeys,AM
Arctic monkeys,The Hellcat Spangled Shalalala,Arctic Monkeys,The Hellcat Spangled Shalalala
Arctic monkeys,Stop The World I Wanna Get Off With You,Arctic Monkeys,Why'd You Only Call Me When You're High?
Arctic monkeys,Bigger Boys and Stolen Sweethearts,Arctic Monkeys,I Bet You Look Good On The Dancefloor
Arctic monkeys,No Buses,Arctic Monkeys,Who The F*** Are Arctic Monkeys?
Arctic monkeys,Calm Like You,"The Last Shadow Puppets, Alex Turner, Miles Kane",The Age Of The Understatement
Arctic monkeys,The Ultracheese,Arctic Monkeys,Tranquility Base Hotel & Casino
Arctic monkeys,"Sweet Dreams, TN",The Last Shadow Puppets,Everything You've Come To Expect (Deluxe Edition)
Arctic monkeys,Leave Before The Lights Come On,Arctic Monkeys,Leave Before The Lights Come On
Arctic monkeys,The View From The Afternoon,Arctic Monkeys,"Whatever People Say I Am, That's What I'm Not"
zac brown beach,Toes,Zac Brown Band,The Foundation
zac brown beach,Homegrown,Zac Brown Band,JEKYLL + HYDE
zac brown beach,Knee Deep (feat. Jimmy Buffett),"Zac Brown Band, Jimmy Buffett",You Get What You Give (Deluxe)
zac brown beach,Whatever It Is,Zac Brown Band,The Foundation
zac brown beach,Keep Me in Mind,Zac Brown Band,You Get What You Give (Deluxe)
zac brown beach,Island Song,Zac Brown Band,Uncaged
zac brown beach,Jump Right In,Zac Brown Band,Uncaged
zac brown beach,Loving You Easy,Zac Brown Band,JEKYLL + HYDE
zac brown beach,Flying Kites,Jeremy Zucker,Beach Island
zac brown beach,Good Directions,Billy Currington,Doin' Somethin' Right
Sax,Happy Endings,Faul,Happy Endings
Sax,Uitzicht,Bakermat,Uitzicht
Sax,Hvar (feat. MSP) - Radio Edit,"Kiso, MSP",Hvar (feat. MSP) [Radio Edit]
Sax,Jubel,Klingande,Jubel EP
Sax,Abusive,The O'My's,Potty Mouth EP
Sax,Waikiki - Original Mix,Deep Chills,Waikiki
Sax,Pschabango,Cbdb,Joyfunk Is Dead
Sax,Thank You for Tonight (feat. Eliza Young),"Sam Lachow, Eliza Young",Brand New Bike
Sax,Baianá,Bakermat,Baianá
Sax,Verona,Klingande,The Album
Sax,T.I.B.W.F.,The Budos Band,The Budos Band
Haydens Greatest Hits,Painted Yellow Lines,DISPATCH,"America, Location 12"
Haydens Greatest Hits,Awake,Tycho,Awake
Haydens Greatest Hits,Sold,Dan Mangan,"Nice, Nice, Very Nice"
Haydens Greatest Hits,Buttons,The Weeks,Comeback Cadillac
Haydens Greatest Hits,Past Life,House of Harm,Coming of Age
Haydens Greatest Hits,Sunder,Hibou,Hibou
Haydens Greatest Hits,Put Your Money on Me,Arcade Fire,Everything Now
Haydens Greatest Hits,Tints (feat. Kendrick Lamar),"Anderson .Paak, Kendrick Lamar",Oxnard
Haydens Greatest Hits,Triangle,BADBADNOTGOOD,III
Haydens Greatest Hits,A Wonderful Life,Brian Fallon,Painkillers
Haydens Greatest Hits,If Your Prayers Don't Get To Heaven,Brian Fallon,Sleepwalkers
Haydens Greatest Hits,Strawberry Letter 23,The Brothers Johnson,Right On Time
Haydens Greatest Hits,Goin' Against Your Mind,Built To Spill,You in Reverse
Haydens Greatest Hits,The Prowl,Dan Auerbach,Keep It Hid
Haydens Greatest Hits,Mouthpiece,Dan Mangan + Blacksmith,Club Meds
Haydens Greatest Hits,Sugar,Editors,The Weight of Your Love
Haydens Greatest Hits,The '59 Sound,The Gaslight Anthem,The '59 Sound
Haydens Greatest Hits,The Diamond Church Street Choir,The Gaslight Anthem,American Slang
Haydens Greatest Hits,Brand New Kind Of Blue,Gold Motel,Gold Motel
Haydens Greatest Hits,Resonance,Home,Odyssey
Haydens Greatest Hits,Behold the Hurricane,The Horrible Crowes,Elsie
Haydens Greatest Hits,Flight of Fancy,Interpol,Marauder
Haydens Greatest Hits,Buttercup,Jack Stauber,Pop Food
Haydens Greatest Hits,Virtual Insanity - Remastered 2006,Jamiroquai,High Times: Singles 1992-2006 (Remastered)
Haydens Greatest Hits,Disorder - 2007 Remaster,Joy Division,Unknown Pleasures
Haydens Greatest Hits,Joy Ride,The Killers,Day & Age (Bonus Tracks)
Haydens Greatest Hits,Bad Self Portraits,Lake Street Dive,Bad Self Portraits
Haydens Greatest Hits,Gimme Sympathy,Metric,Fantasies
Haydens Greatest Hits,Buena,Morphine,Cure for Pain
Haydens Greatest Hits,Age of Consent - 2015 Remaster,New Order,Power Corruption and Lies
Haydens Greatest Hits,Such Great Heights,The Postal Service,Give Up
Haydens Greatest Hits,I Appear Missing,Queens of the Stone Age,...Like Clockwork
Haydens Greatest Hits,Feet Don't Fail Me,Queens of the Stone Age,Villains
Haydens Greatest Hits,"Welcome Home, Son",Radical Face,Ghost
Haydens Greatest Hits,Boomerang,Rozwell Kid,Precious Art
Haydens Greatest Hits,2am on Pike Street (feat. Wilson Luxurious),"Sam Lachow, Wilson Luxurious",Motels & Minivans
Haydens Greatest Hits,Dragonaut,Sleep,Sleep's Holy Mountain
Haydens Greatest Hits,Golden Light,STRFKR,Miracle Mile
Haydens Greatest Hits,While I'm Alive,STRFKR,Miracle Mile
Haydens Greatest Hits,Everybody Wants To Rule The World,Tears For Fears,Songs From The Big Chair
Haydens Greatest Hits,Shout,Tears For Fears,Songs From The Big Chair
Haydens Greatest Hits,Can I Kick It?,A Tribe Called Quest,People's Instinctive Travels and the Paths of Rhythm (25th Anniversary Edition)
Haydens Greatest Hits,Sloop Jay D,Twin Peaks,Wild Onion
Haydens Greatest Hits,I'll Cut You Down,Uncle Acid & The Deadbeats,Blood Lust
Haydens Greatest Hits,Luck of Lucien,A Tribe Called Quest,People's Instinctive Travels and the Paths of Rhythm (25th Anniversary Edition)
Haydens Greatest Hits,Rainbow Demon,Uriah Heep,Demons and Wizards
Haydens Greatest Hits,Red Eyes,The War On Drugs,Lost In The Dream
Haydens Greatest Hits,Inflation,The Whitest Boy Alive,Dreams
Haydens Greatest Hits,Odyssey,Zoroaster,Matador
Haydens Greatest Hits,Caring Is Creepy,The Shins,"Oh, Inverted World"
Haydens Greatest Hits,Such Great Heights,Iron & Wine,Around The Well
Haydens Greatest Hits,You,Bad Religion,Punk-O-Rama 3
Haydens Greatest Hits,Bullet,Franz Ferdinand,"Right Thoughts, Right Words, Right Action (Deluxe Edition)"
Haydens Greatest Hits,Closer to the Sun,Slightly Stoopid,Closer to the Sun
Haydens Greatest Hits,The Impression That I Get,The Mighty Mighty Bosstones,Let's Face It
Haydens Greatest Hits,FloriDada,Animal Collective,Painting With
Haydens Greatest Hits,Stay Alive,José González,The Secret Life Of Walter Mitty (Music From And Inspired By The Motion Picture)
Haydens Greatest Hits,Remembering a Beginning,Elephant Revival,These Changing Skies
Haydens Greatest Hits,Mother Earth Father Thunder,Bathory,Nordland I
Haydens Greatest Hits,Summer Reign,Coastal Cities,Summer Reign
Haydens Greatest Hits,Girls Just Want to Have Fun,STRFKR,Jupiter (2012)
Haydens Greatest Hits,Feel It All Around,Washed Out,Life Of Leisure
Haydens Greatest Hits,Genesis,Justice,Justice
Haydens Greatest Hits,Out of Touch,Daryl Hall & John Oates,The Very Best of Daryl Hall / John Oates
Haydens Greatest Hits,Balrog Boogie,Diablo Swing Orchestra,The Butcher's Ballroom
Haydens Greatest Hits,Jigsaw Hustle,Diablo Swing Orchestra,Pacifisticuffs
Haydens Greatest Hits,Rich Girls,The Virgins,The Virgins
Haydens Greatest Hits,Prima Materia,The Virgins,Strike Gently
Haydens Greatest Hits,Wheel of Fortune,The Virgins,Strike Gently
Haydens Greatest Hits,Satellite,Guster,Ganging Up On The Sun
Haydens Greatest Hits,You Worry Me,Nathaniel Rateliff & The Night Sweats,Tearing at the Seams (Deluxe Edition)
Haydens Greatest Hits,Instant Crush (feat. Julian Casablancas),"Daft Punk, Julian Casablancas",Random Access Memories
Haydens Greatest Hits,Give Life Back to Music,Daft Punk,Random Access Memories
Haydens Greatest Hits,The Heinrich Maneuver,Interpol,Our Love To Admire
Haydens Greatest Hits,Evil,Interpol,Antics
Haydens Greatest Hits,If You Really Love Nothing,Interpol,Marauder
Haydens Greatest Hits,The Rover,Interpol,Marauder
Haydens Greatest Hits,In Cold Blood,alt-J,RELAXER
Haydens Greatest Hits,When You Were Old (El Dorado),Scott Hirsch,Lost Time Behind the Moon
Haydens Greatest Hits,Sober,Childish Gambino,Kauai
Haydens Greatest Hits,3005,Childish Gambino,Because The Internet
Haydens Greatest Hits,First,Cold War Kids,Hold My Home
Haydens Greatest Hits,Flies,Death Grips,Year Of The Snitch
Haydens Greatest Hits,Bang Bang,DISPATCH,Bang Bang
Haydens Greatest Hits,Here We Go,DISPATCH,Bang Bang
Haydens Greatest Hits,The General,DISPATCH,Bang Bang
Haydens Greatest Hits,Land & Sea (Feat. Molly Parti),Emancipator,Seven Seas
Haydens Greatest Hits,Satanic Rites of Drugula,Electric Wizard,Witchcult Today
Haydens Greatest Hits,We're Finally Landing,Home,Before the Night
Haydens Greatest Hits,Fortunes,Home,Hold
Haydens Greatest Hits,Two Time,Jack Stauber's Micropop,Inchman / Two Time
Haydens Greatest Hits,Canned Heat,Jamiroquai,Synkronized
Haydens Greatest Hits,Wet Dreamz,J. Cole,2014 Forest Hills Drive
Haydens Greatest Hits,G.O.M.D.,J. Cole,2014 Forest Hills Drive
Haydens Greatest Hits,No Role Modelz,J. Cole,2014 Forest Hills Drive
Haydens Greatest Hits,EdEddnEddy,JID,The Never Story
Haydens Greatest Hits,151 Rum,JID,DiCaprio 2
Haydens Greatest Hits,Sanctuary,Joji,Sanctuary
Haydens Greatest Hits,Gimme Love,Joji,Gimme Love
Haydens Greatest Hits,TEST DRIVE,Joji,BALLADS 1
Haydens Greatest Hits,Nightcall,Kavinsky,Nightcall
Haydens Greatest Hits,These Walls,"Kendrick Lamar, Bilal, Anna Wise, Thundercat",To Pimp A Butterfly
Haydens Greatest Hits,Son of a Gun,KMFDM,XTORT
Haydens Greatest Hits,Stop Your Crying,Lake Street Dive,Bad Self Portraits
Haydens Greatest Hits,It's Called: Freefall,Rainbow Kitten Surprise,"How to: Friend, Love, Freefall"
Haydens Greatest Hits,When It Lands,Rainbow Kitten Surprise,"How to: Friend, Love, Freefall"
Haydens Greatest Hits,Winged Hussars,Sabaton,The Last Stand
Haydens Greatest Hits,Lazy Eye,Silversun Pickups,Carnavas
Haydens Greatest Hits,This Charming Man - 2011 Remaster,The Smiths,The Smiths
Haydens Greatest Hits,The Promise,Sturgill Simpson,Metamodern Sounds in Country Music
Haydens Greatest Hits,Head Over Heels,Tears For Fears,Songs From The Big Chair
Haydens Greatest Hits,Sunflower - Spider-Man: Into the Spider-Verse,"Post Malone, Swae Lee",Spider-Man: Into the Spider-Verse (Soundtrack From & Inspired by the Motion Picture)
Haydens Greatest Hits,Blinding Lights,The Weeknd,After Hours
Haydens Greatest Hits,TEMPTATION,Joey Bada$$,ALL-AMERIKKKAN BADA$$
Haydens Greatest Hits,Karma Chameleon,Culture Club,At Worst...The Best Of Boy George And Culture Club
Haydens Greatest Hits,Come On Eileen,Dexys Midnight Runners,Too Rye Ay
Haydens Greatest Hits,Tubthumping,Chumbawamba,Tubthumper
Haydens Greatest Hits,La vie en rose - Single Version,Louis Armstrong,The Best Of The Decca Years Volume One: The Singer
Dark Souls,Spirit,Ghost,Meliora
Dark Souls,From The Pinnacle To The Pit,Ghost,Meliora
Dark Souls,Cirice,Ghost,Meliora
Dark Souls,Spöksonat,Ghost,Meliora
Dark Souls,He Is,Ghost,Meliora
Dark Souls,Mummy Dust,Ghost,Meliora
Dark Souls,Majesty,Ghost,Meliora
Dark Souls,Devil Church,Ghost,Meliora
Dark Souls,Absolution,Ghost,Meliora
Dark Souls,Deus In Absentia,Ghost,Meliora
Dark Souls,Infestissumam,Ghost,Infestissumam (Deluxe Version)
Dark Souls,Per Aspera Ad Inferi,Ghost,Infestissumam (Deluxe Version)
Dark Souls,SECULAR HAZE,Ghost,Infestissumam (Deluxe Version)
Dark Souls,Jigolo Har Megiddo,Ghost,Infestissumam (Deluxe Version)
Dark Souls,Ghuleh / Zombie Queen,Ghost,Infestissumam (Deluxe Version)
Dark Souls,Year Zero,Ghost,Infestissumam (Deluxe Version)
Dark Souls,Body And Blood,Ghost,Infestissumam (Deluxe Version)
Dark Souls,Idolatrine,Ghost,Infestissumam (Deluxe Version)
Dark Souls,Depth Of Satan's Eyes,Ghost,Infestissumam (Deluxe Version)
Dark Souls,Monstrance Clock,Ghost,Infestissumam (Deluxe Version)
Dark Souls,La Mantra Mori,Ghost,Infestissumam (Deluxe Version)
Dark Souls,I'm A Marionette,Ghost,Infestissumam (Deluxe Version)
Dark Souls,Deus Culpa,Ghost,Opus Eponymous
Dark Souls,Con Clavi Con Dio,Ghost,Opus Eponymous
Dark Souls,Ritual,Ghost,Opus Eponymous
Dark Souls,Elizabeth,Ghost,Opus Eponymous
Dark Souls,Stand By Him,Ghost,Opus Eponymous
Dark Souls,Satan Prayer,Ghost,Opus Eponymous
Dark Souls,Death Knell,Ghost,Opus Eponymous
Dark Souls,Prime Mover,Ghost,Opus Eponymous
Dark Souls,Genesis,Ghost,Opus Eponymous
Dark Souls,Invilible Hate,Witchfinder General,Death Penalty
Dark Souls,Free Country,Witchfinder General,Death Penalty
Dark Souls,Death Penalty,Witchfinder General,Death Penalty
Dark Souls,No Stayer,Witchfinder General,Death Penalty
Dark Souls,Witchfinder General,Witchfinder General,Death Penalty
Dark Souls,Burning A Sinner,Witchfinder General,Death Penalty
Dark Souls,R.I.P.,Witchfinder General,Death Penalty
Dark Souls,Upon Wings of Black,Skeletonwitch,Beyond the Permafrost
Dark Souls,Beyond the Permafrost,Skeletonwitch,Beyond the Permafrost
Dark Souls,Baptized in Flames,Skeletonwitch,Beyond the Permafrost
Dark Souls,Sacrifice for the Slaughtergod,Skeletonwitch,Beyond the Permafrost
Dark Souls,Vengeance Will Be Mine,Skeletonwitch,Beyond the Permafrost
Dark Souls,Limb from Limb,Skeletonwitch,Beyond the Permafrost
Dark Souls,Cast into the Open Sea,Skeletonwitch,Beyond the Permafrost
Dark Souls,Fire from the Sky,Skeletonwitch,Beyond the Permafrost
Dark Souls,Soul Thashing Black Sorcery,Skeletonwitch,Beyond the Permafrost
Dark Souls,Remains of the Defeated,Skeletonwitch,Beyond the Permafrost
Dark Souls,Feast Upon Flesh,Skeletonwitch,Beyond the Permafrost
Dark Souls,Within My Blood,Skeletonwitch,Beyond the Permafrost
Dark Souls,Get Got,Death Grips,The Money Store
Dark Souls,The Fever (Aye Aye),Death Grips,The Money Store
Dark Souls,Lost Boys,Death Grips,The Money Store
Dark Souls,Blackjack,Death Grips,The Money Store
Dark Souls,Hustle Bones,Death Grips,The Money Store
Dark Souls,I've Seen Footage,Death Grips,The Money Store
Dark Souls,Double Helix,Death Grips,The Money Store
Dark Souls,System Blower,Death Grips,The Money Store
Dark Souls,The Cage,Death Grips,The Money Store
Dark Souls,Punk Weight,Death Grips,The Money Store
Dark Souls,Fuck That,Death Grips,The Money Store
Dark Souls,Bitch Please,Death Grips,The Money Store
Dark Souls,Hacker,Death Grips,The Money Store
Dark Souls,Up My Sleeves,Death Grips,The Powers That B
Dark Souls,Billy Not Really,Death Grips,The Powers That B
Dark Souls,Black Quarterback,Death Grips,The Powers That B
Dark Souls,Say Hey Kid,Death Grips,The Powers That B
Dark Souls,Have A Sad Cum BB,Death Grips,The Powers That B
Dark Souls,Fuck Me Out,Death Grips,The Powers That B
Dark Souls,Voila,Death Grips,The Powers That B
Dark Souls,Big Dipper,Death Grips,The Powers That B
Dark Souls,I Break Mirrors With My Face In The United States,Death Grips,The Powers That B
Dark Souls,Inanimate Sensation,Death Grips,The Powers That B
Dark Souls,Turned Off,Death Grips,The Powers That B
Dark Souls,Why A Bitch Gotta Lie,Death Grips,The Powers That B
Dark Souls,Pss Pss,Death Grips,The Powers That B
Dark Souls,The Powers That B,Death Grips,The Powers That B
Dark Souls,Beyond Alive,Death Grips,The Powers That B
Dark Souls,Centuries Of Damn,Death Grips,The Powers That B
Dark Souls,On GP,Death Grips,The Powers That B
Dark Souls,Death Grips 2.0,Death Grips,The Powers That B
Southern Revelry Setlist,Brother In The Night,The Weeks,Dear Bo Jackson
Southern Revelry Setlist,The House We Grew Up In,The Weeks,Gutter Gaunt Gangster
Southern Revelry Setlist,Buttons,The Weeks,Buttons
Southern Revelry Setlist,Like Gypsies Do,The Weeks,Rumspringa
Southern Revelry Setlist,Lawman's Daughter,The Weeks,Rumspringa
Southern Revelry Setlist,Heard It All,The Weeks,Rumspringa
Southern Revelry Setlist,Wishin' My Week Away,The Weeks,Comeback Cadillac
Southern Revelry Setlist,Black Top Sunrise (feat. Spooner Oldham),"Dallas Dorsey and the Rails, Spooner Oldham",Come On
Southern Revelry Setlist,Trouble,Dallas Dorsey and the Rails,Come On
Southern Revelry Setlist,On and On,Dallas Dorsey and the Rails,Come On
Southern Revelry Setlist,Broke in Birmingham,Dallas Dorsey and the Rails,Come On
Southern Revelry Setlist,Blame,Dallas Dorsey and the Rails,Come On
Southern Revelry Setlist,"My Life, My Love",Family and Friends,Love You Mean It
Southern Revelry Setlist,Rust and Bone,Family and Friends,Love You Mean It
Southern Revelry Setlist,Of Lovers and Liars,Family and Friends,Love You Mean It
Southern Revelry Setlist,"Love, and Other Drugs",Family and Friends,Love You Mean It
Southern Revelry Setlist,Family and Friends,Family and Friends,Love You Mean It
Southern Revelry Setlist,Fairground Girl,Dana Swimmer,Veloce
Southern Revelry Setlist,Oh Sista Oh,Dana Swimmer,Veloce
Southern Revelry Setlist,I'm Still Your Man,Dana Swimmer,Veloce
Southern Revelry Setlist,Signs of Symmetry,Dana Swimmer,Veloce
Southern Revelry Setlist,Stardust Babies,Dana Swimmer,Veloce
Southern Revelry Setlist,Thin Line,honeyhoney,Billy Jack
Southern Revelry Setlist,Turn that Finger Around,honeyhoney,Billy Jack
Southern Revelry Setlist,Angel of Death,honeyhoney,Billy Jack
Southern Revelry Setlist,Don't Know How,honeyhoney,Billy Jack
Southern Revelry Setlist,Ohio,honeyhoney,Billy Jack
To be sorted ,Bang Bang You're Dead,Dirty Pretty Things,Waterloo To Anywhere
To be sorted ,Non Photo-Blue,Pinback,Summer in Abaddon
To be sorted ,Covered in Chrome,Violent Soho,Hungry Ghost
To be sorted ,Get Closer,Life in Film,Here It Comes
To be sorted ,The Rat,The Walkmen,Bows + Arrows
To be sorted ,Never Meant,American Football,American Football
To be sorted ,Come Alive,Doomriders,Darkness Come Alive
To be sorted ,Cherub Rock - 2011 Remaster,The Smashing Pumpkins,Siamese Dream (2011 - Remaster)
To be sorted ,"Something Bigger, Something Brighter",Pretty Girls Make Graves,The New Romance
To be sorted ,Tell It How It Is,The Growlers,Gilded Pleasures
To be sorted ,Ebb and Flow,Larry and His Flask,All That We Know
To be sorted ,Gathering Of Ancient Tribes,Goat,Commune
To be sorted ,Berlin Chair,You Am I,Sound As Ever
To be sorted ,Goin' Against Your Mind,Built To Spill,You in Reverse
E'rting,Four Days Straight,Scattered Trees,Four Days Straight - Single
E'rting,Fortress,Pinback,Summer in Abaddon
E'rting,Good To Sea,Pinback,Autumn of the Seraphs
E'rting,Penelope,Pinback,Blue Screen Life
E'rting,From Nothing To Nowhere,Pinback,Autumn of the Seraphs
E'rting,Heartbeats,The Knife,Deep Cuts
E'rting,Baptism,Crystal Castles,(II)
E'rting,Untrust Us,Crystal Castles,Crystal Castles
E'rting,Vanished,Crystal Castles,Crystal Castles
E'rting,Radioactive,Imagine Dragons,Continued Silence EP
E'rting,Demons,Imagine Dragons,Continued Silence EP
E'rting,On Top Of The World,Imagine Dragons,Continued Silence EP
E'rting,Round And Round,Imagine Dragons,Continued Silence EP
E'rting,It's Time,Imagine Dragons,Continued Silence EP
E'rting,My Fault,Imagine Dragons,Continued Silence EP
E'rting,Radioactive,Imagine Dragons,Night Visions
E'rting,Tiptoe,Imagine Dragons,Night Visions
E'rting,It's Time,Imagine Dragons,Night Visions
E'rting,Demons,Imagine Dragons,Night Visions
E'rting,On Top Of The World,Imagine Dragons,Night Visions
E'rting,Amsterdam,Imagine Dragons,Night Visions
E'rting,Hear Me,Imagine Dragons,Night Visions
E'rting,Every Night,Imagine Dragons,Night Visions
E'rting,Bleeding Out,Imagine Dragons,Night Visions
E'rting,Underdog,Imagine Dragons,Night Visions
E'rting,Nothing Left To Say / Rocks,Imagine Dragons,Night Visions
E'rting,Sail,AWOLNATION,Megalithic Symphony
E'rting,Kill Your Heroes,AWOLNATION,Megalithic Symphony
E'rting,Not Your Fault,AWOLNATION,Megalithic Symphony
E'rting,Crosses,José González,Imperial Recordings Best Of
E'rting,Heartbeats,José González,Imperial Recordings Best Of
E'rting,Skinny Love,Bon Iver,"For Emma, Forever Ago"
E'rting,Holocene,Bon Iver,Bon Iver
E'rting,Perth,Bon Iver,Bon Iver
E'rting,Blood Bank,Bon Iver,Blood Bank
E'rting,Towers,Bon Iver,Bon Iver
E'rting,Lake Michigan,Rogue Wave,Asleep At Heaven's Gate
E'rting,Eyes,Rogue Wave,Eyes
E'rting,Sometimes,The Rifles,Great Escape
E'rting,The Great Escape,The Rifles,Great Escape
E'rting,Science in Violence,The Rifles,Great Escape
E'rting,Zorbing,Stornoway,Beachcomber's Windowsill
E'rting,I Saw You Blink,Stornoway,Beachcomber's Windowsill
E'rting,Fuel Up,Stornoway,Beachcomber's Windowsill
E'rting,The Coldharbour Road,Stornoway,Beachcomber's Windowsill
E'rting,Boats and Trains,Stornoway,Beachcomber's Windowsill
E'rting,The Wrote & The Writ,Johnny Flynn,A Larum
E'rting,Lost and Found,Johnny Flynn,Been Listening
E'rting,Nantes,Beirut,The Flying Club Cup
E'rting,A Sunday Smile,Beirut,The Flying Club Cup
E'rting,Guyamas Sonora,Beirut,The Flying Club Cup
E'rting,Cliquot,Beirut,The Flying Club Cup
E'rting,The Penalty,Beirut,The Flying Club Cup
E'rting,The Flying Club Cup,Beirut,The Flying Club Cup
E'rting,The Gulag Orkestar,Beirut,Gulag Orkestar
E'rting,Postcards From Italy,Beirut,Gulag Orkestar
E'rting,The Canals Of Our City,Beirut,Gulag Orkestar
E'rting,How It Ends,DeVotchKa,How it Ends
E'rting,All the Sand in all the Sea,DeVotchKa,100 Lovers
E'rting,The Underdog,Spoon,Ga Ga Ga Ga Ga
E'rting,I Turn My Camera On,Spoon,Gimme Fiction
E'rting,Don't You Evah,Spoon,Ga Ga Ga Ga Ga
E'rting,I Summon You,Spoon,Gimme Fiction
E'rting,Wake Up,Arcade Fire,Funeral
E'rting,Abraham's Daughter,Arcade Fire,The Hunger Games: Songs From District 12 And Beyond
E'rting,Ready to Start,Arcade Fire,The Suburbs Deluxe
E'rting,The Suburbs,Arcade Fire,The Suburbs Deluxe
E'rting,Rebellion (Lies),Arcade Fire,Funeral
E'rting,New Slang,The Shins,"Oh, Inverted World"
E'rting,Simple Song,"The Shins, James Mercer",Port Of Morrow
E'rting,The Rifle's Spiral,"The Shins, James Mercer",Port Of Morrow
E'rting,Australia,The Shins,Wincing The Night Away
E'rting,It's Only Life,"The Shins, James Mercer",Port Of Morrow
E'rting,Sleeping Lessons,The Shins,Wincing The Night Away
E'rting,Phantom Limb,The Shins,Wincing The Night Away
E'rting,Kissing The Lipless,The Shins,Chutes Too Narrow
E'rting,Underdog,Kasabian,West Ryder Pauper Lunatic Asylum
E'rting,Fire,Kasabian,West Ryder Pauper Lunatic Asylum
E'rting,Re-Wired,Kasabian,Velociraptor!
E'rting,Days Are Forgotten,Kasabian,Velociraptor!
E'rting,Goodbye Kiss,Kasabian,Velociraptor!
E'rting,Empire,Kasabian,Empire
E'rting,Club Foot,Kasabian,Kasabian
E'rting,Processed Beats,Kasabian,Kasabian
E'rting,Set My Baby Free,Ian Brown,Golden Greats
E'rting,Stellify - A Tribute to Ian Brown,A Tributer,Stellify (A Tribute to Ian Brown)
E'rting,Golden Gaze,Ian Brown,Golden Greats
E'rting,Getting High,Ian Brown,Golden Greats
E'rting,Billie Jean,Ian Brown,Golden Greats
E'rting,Dolphins Were Monkeys,Ian Brown,Golden Greats
E'rting,Bitter Sweet Symphony,The Verve,This Is Music: The Singles 92-98
E'rting,Song 2,Blur,Blur: The Best Of
E'rting,Girls & Boys,Blur,Blur: The Best Of
E'rting,Parklife,Blur,Blur: The Best Of
E'rting,Under the Westway,Blur,Under the Westway - Single
E'rting,Space Oddity - 2009 Remastered Version,David Bowie,Space Oddity [Space Oddity 40th Anniversary Edition]
E'rting,Under Pressure - Remastered 2011,"Queen, David Bowie",Greatest Hits II
E'rting,Let's Dance - 1999 Remaster,David Bowie,Let's Dance (1999 Remaster)
E'rting,Names,Radical Face,The Family Tree: The Roots
E'rting,A Pound of Flesh,Radical Face,The Family Tree: The Roots
E'rting,Family Portrait,Radical Face,The Family Tree: The Roots
E'rting,Black Eyes,Radical Face,The Family Tree: The Roots
E'rting,Severus and Stone,Radical Face,The Family Tree: The Roots
E'rting,The Moon Is Down,Radical Face,The Family Tree: The Roots
E'rting,Ghost Towns,Radical Face,The Family Tree: The Roots
E'rting,Kin,Radical Face,The Family Tree: The Roots
E'rting,The Dead Waltz,Radical Face,The Family Tree: The Roots
E'rting,Always Gold,Radical Face,The Family Tree: The Roots
E'rting,Mountains,Radical Face,The Family Tree: The Roots
E'rting,All Is Well (It's Only Blood) [Bonus Track],Radical Face,The Family Tree: The Roots (Deluxe Edition)
E'rting,"All Is Well (Goodbye, Goodbye) [Bonus Track]",Radical Face,The Family Tree: The Roots (Deluxe Edition)
E'rting,We're On Our Way [Bonus Track],Radical Face,The Family Tree: The Roots (Deluxe Edition)
E'rting,Asleep On A Train,Radical Face,Ghost
E'rting,"Welcome Home, Son",Radical Face,Ghost
E'rting,Let The River In,Radical Face,Ghost
E'rting,Glory,Radical Face,Ghost
E'rting,The Strangest Things,Radical Face,Ghost
E'rting,Wrapped In Piano Strings,Radical Face,Ghost
E'rting,Along The Road,Radical Face,Ghost
E'rting,Haunted,Radical Face,Ghost
E'rting,Winter Is Coming,Radical Face,Ghost
E'rting,Sleepwalking,Radical Face,Ghost
E'rting,Homesick,Radical Face,Ghost
E'rting,Welcome Home - EP Version,Radical Face,Touch The Sky
E'rting,Glory - Acoustic,Radical Face,Touch The Sky
E'rting,Doorways,Radical Face,Touch The Sky
E'rting,A Little Hell,Radical Face,Touch The Sky
E'rting,The Deserter's Song,Radical Face,Touch The Sky
E'rting,Welcome Home - Reprise,Radical Face,Touch The Sky
E'rting,Five Minutes,Scattered Trees,Sympathy
E'rting,Where You Came From,Scattered Trees,Sympathy
E'rting,Love and Leave,Scattered Trees,Sympathy
E'rting,Take a Walk,Passion Pit,Gossamer
E'rting,I'll Be Alright,Passion Pit,Gossamer
E'rting,Carried Away,Passion Pit,Gossamer
E'rting,Constant Conversations,Passion Pit,Gossamer
E'rting,Mirrored Sea,Passion Pit,Gossamer
E'rting,Cry Like A Ghost,Passion Pit,Gossamer
E'rting,On My Way,Passion Pit,Gossamer
E'rting,Hideaway,Passion Pit,Gossamer
E'rting,Two Veils To Hide My Face,Passion Pit,Gossamer
E'rting,Love Is Greed,Passion Pit,Gossamer
E'rting,"It's Not My Fault, I'm Happy",Passion Pit,Gossamer
E'rting,Where We Belong,Passion Pit,Gossamer
E'rting,Make Light,Passion Pit,Manners
E'rting,Little Secrets,Passion Pit,Manners
E'rting,Moth's Wings,Passion Pit,Manners
E'rting,The Reeling,Passion Pit,Manners
E'rting,Eyes As Candles,Passion Pit,Manners
E'rting,Swimming In The Flood,Passion Pit,Manners
E'rting,Folds In Your Hands,Passion Pit,Manners
E'rting,To Kingdom Come,Passion Pit,Manners
E'rting,Sleepyhead,Passion Pit,Manners
E'rting,Let Your Love Grow Tall,Passion Pit,Manners
E'rting,Seaweed Song,Passion Pit,Manners
E'rting,Sleepyhead - Stripped Down Version,Passion Pit,Manners
E'rting,Moth's Wings - Stripped Down Version,Passion Pit,Manners
E'rting,Dreams,Passion Pit,Manners
E'rting,Cameras,Matt and Kim,Sidewalks
E'rting,Let's Go,Matt and Kim,Lightning
E'rting,Block After Block,Matt and Kim,Sidewalks
E'rting,Good Ol' Fashion Nightmare,Matt and Kim,Grand
E'rting,Young Blood,The Naked And Famous,"Passive Me, Aggressive You"
E'rting,Punching In A Dream,The Naked And Famous,"Passive Me, Aggressive You"
E'rting,All Of This,The Naked And Famous,"Passive Me, Aggressive You"
E'rting,Album Inspiration - Spotify,M83,Hurry Up We're Dreaming Spotify Interview
E'rting,Album Intro - Spotify,M83,Hurry Up We're Dreaming Spotify Interview
E'rting,Favourite Track Splendor - Spotify,M83,Hurry Up We're Dreaming Spotify Interview
E'rting,Listening To Music On The Road - Spotify,M83,Hurry Up We're Dreaming Spotify Interview
E'rting,On Midnight City - Spotify,M83,Hurry Up We're Dreaming Spotify Interview
E'rting,Reflecting On The Album - Spotify,M83,Hurry Up We're Dreaming Spotify Interview
E'rting,The Album Concept - Spotify,M83,Hurry Up We're Dreaming Spotify Interview
E'rting,The Influence of Movies - Spotify,M83,Hurry Up We're Dreaming Spotify Interview
E'rting,The Making of Hurry Up We're Dreaming - Spotify,M83,Hurry Up We're Dreaming Spotify Interview
E'rting,Working with Zola Jesus - Spotify,M83,Hurry Up We're Dreaming Spotify Interview
E'rting,Intro,M83,Hurry Up We're Dreaming
E'rting,Midnight City,M83,Hurry Up We're Dreaming
E'rting,Reunion,M83,Hurry Up We're Dreaming
E'rting,Where the Boats Go,M83,Hurry Up We're Dreaming
E'rting,Wait,M83,Hurry Up We're Dreaming
E'rting,Raconte-Moi Une Histoire,M83,Hurry Up We're Dreaming
E'rting,Train to Pluton,M83,Hurry Up We're Dreaming
E'rting,Claudia Lewis,M83,Hurry Up We're Dreaming
E'rting,This Bright Flash,M83,Hurry Up We're Dreaming
E'rting,When Will You Come Home?,M83,Hurry Up We're Dreaming
E'rting,"Soon, My Friend",M83,Hurry Up We're Dreaming
E'rting,My Tears Are Becoming a Sea,M83,Hurry Up We're Dreaming
E'rting,New Map,M83,Hurry Up We're Dreaming
E'rting,OK Pal,M83,Hurry Up We're Dreaming
E'rting,Another Wave from You,M83,Hurry Up We're Dreaming
E'rting,Splendor,M83,Hurry Up We're Dreaming
E'rting,"Year One, One UFO",M83,Hurry Up We're Dreaming
E'rting,Fountains,M83,Hurry Up We're Dreaming
E'rting,Steve McQueen,M83,Hurry Up We're Dreaming
E'rting,Echoes of Mine,M83,Hurry Up We're Dreaming
E'rting,Klaus I Love You,M83,Hurry Up We're Dreaming
E'rting,Outro,M83,Hurry Up We're Dreaming
E'rting,You Appearing,M83,Saturdays = Youth
E'rting,Kim & Jessie,M83,Saturdays = Youth
E'rting,Skin Of The Night,M83,Saturdays = Youth
E'rting,Graveyard girl,M83,Saturdays = Youth
E'rting,Couleurs,M83,Saturdays = Youth
E'rting,Up !,M83,Saturdays = Youth
E'rting,We Own The Sky,M83,Saturdays = Youth
E'rting,Highway Of Endless Dreams,M83,Saturdays = Youth
E'rting,Too Late,M83,Saturdays = Youth
E'rting,Dark Moves Of Love,M83,Saturdays = Youth
E'rting,Midnight Souls Still Remain,M83,Saturdays = Youth
E'rting,"Waves, waves, waves",M83,Digital Shades
E'rting,Coloring the void,M83,Digital Shades
E'rting,Sister (Part 1),M83,Digital Shades
E'rting,Strong and wasted,M83,Digital Shades
E'rting,My own strange path,M83,Digital Shades
E'rting,Dancing mountains,M83,Digital Shades
E'rting,Sister (Part 2),M83,Digital Shades
E'rting,By the kiss,M83,Digital Shades
E'rting,Space fertilizer,M83,Digital Shades
E'rting,The highest journey,M83,Digital Shades
E'rting,Bruits de train,M83,Digital Shades
E'rting,Live And Die,The Avett Brothers,The Carpenter
E'rting,The Once And Future Carpenter,The Avett Brothers,The Carpenter
E'rting,I Never Knew You,The Avett Brothers,The Carpenter
E'rting,Pretty Girl From Michigan,The Avett Brothers,The Carpenter
E'rting,Winter In My Heart,The Avett Brothers,The Carpenter
E'rting,Boy With a Coin,Iron & Wine,The Shepherd's Dog
E'rting,"Flightless Bird, American Mouth",Iron & Wine,The Shepherd's Dog
E'rting,Such Great Heights,Iron & Wine,Around The Well
E'rting,Naked As We Came,Iron & Wine,Our Endless Numbered Days
E'rting,The Trapeze Swinger,Iron & Wine,Around The Well
E'rting,Brand New Colony,The Postal Service,Give Up
E'rting,Such Great Heights,The Postal Service,Give Up
E'rting,The District Sleeps Alone Tonight,The Postal Service,Give Up
E'rting,Nothing Better,The Postal Service,Give Up
E'rting,Sleepin In,The Postal Service,Give Up
E'rting,Natural Anthem,The Postal Service,Give Up
E'rting,Love Lust,King Charles,LoveBlood
E'rting,Lady Percy,King Charles,LoveBlood
E'rting,Mississippi Isabel,King Charles,LoveBlood
E'rting,LoveBlood,King Charles,LoveBlood
E'rting,The Girl,City and Colour,Bring Me Your Love (Special Edition)
E'rting,Comin' Home,City and Colour,Sometimes
E'rting,We Found Each Other In The Dark,City and Colour,Little Hell
E'rting,Sleeping Sickness,City and Colour,Bring Me Your Love (Special Edition)
E'rting,Grand Optimist,City and Colour,Little Hell
E'rting,Mr. Pitiful,Matt Costa,Unfamiliar Faces
E'rting,Lilacs,Matt Costa,Unfamiliar Faces
E'rting,Never Looking Back,Matt Costa,Unfamiliar Faces
E'rting,Emergency Call,Matt Costa,Unfamiliar Faces
E'rting,Vienna,Matt Costa,Unfamiliar Faces
E'rting,Unfamiliar Faces,Matt Costa,Unfamiliar Faces
E'rting,Cigarette Eyes,Matt Costa,Unfamiliar Faces
E'rting,Downfall,Matt Costa,Unfamiliar Faces
E'rting,Trying To Lose My Mind,Matt Costa,Unfamiliar Faces
E'rting,Bound,Matt Costa,Unfamiliar Faces
E'rting,Heart Of Stone,Matt Costa,Unfamiliar Faces
E'rting,Miss Magnolia,Matt Costa,Unfamiliar Faces
E'rting,The Season,Matt Costa,Mobile Chateau
E'rting,Johnny's Love Of Majik,Matt Costa,Mobile Chateau
E'rting,Drive,Matt Costa,Mobile Chateau
E'rting,Mobile Chateau,Matt Costa,Mobile Chateau
E'rting,Can You Tell Me,Matt Costa,Mobile Chateau
E'rting,Idol,Matt Costa,Mobile Chateau
E'rting,Witchcraft,Matt Costa,Mobile Chateau
E'rting,Painted Face,Matt Costa,Mobile Chateau
E'rting,Bleeding Hearts,Matt Costa,Mobile Chateau
E'rting,Secret,Matt Costa,Mobile Chateau
E'rting,Strings Of Change,Matt Costa,Mobile Chateau
E'rting,Next Time,Matt Costa,Mobile Chateau
E'rting,Cold December,Matt Costa,Songs We Sing
E'rting,Astair,Matt Costa,Songs We Sing
E'rting,Sweet Thursday,Matt Costa,Songs We Sing
E'rting,Sunshine,Matt Costa,Songs We Sing
E'rting,These Arms,Matt Costa,Songs We Sing
E'rting,Ballad Of Miss Kate,Matt Costa,Songs We Sing
E'rting,Sweet Rose,Matt Costa,Songs We Sing
E'rting,Songs We Sing,Matt Costa,Songs We Sing
E'rting,Yellow Taxi,Matt Costa,Songs We Sing
E'rting,I Tried,Matt Costa,Songs We Sing
E'rting,Behind The Moon,Matt Costa,Songs We Sing
E'rting,Oh Dear,Matt Costa,Songs We Sing
E'rting,Wash Away,Matt Costa,Songs We Sing
E'rting,Old Pine,Ben Howard,Every Kingdom
E'rting,Keep Your Head Up,Ben Howard,Every Kingdom
E'rting,Only Love,Ben Howard,Every Kingdom
E'rting,The Wolves,Ben Howard,Every Kingdom
E'rting,The Fear,Ben Howard,Every Kingdom
E'rting,Celestica,Crystal Castles,(II)
E'rting,Alice Practice,Crystal Castles,Crystal Castles
E'rting,Crimewave,Crystal Castles vs. Health,Crystal Castles
E'rting,Magic Spells,Crystal Castles,Crystal Castles
E'rting,Courtship Dating,Crystal Castles,Crystal Castles
E'rting,Air War,Crystal Castles,Crystal Castles
E'rting,Let's Ride,Ghost Brothers,Reach
E'rting,Just Wana Play,Ghost Brothers,Reach
E'rting,Easy As Walking,Ghost Brothers,Reach
E'rting,Hold Your Hand,Ghost Brothers,Reach
E'rting,She Set Me Up,Ghost Brothers,Reach
E'rting,The Devil,Ghost Brothers,Reach
E'rting,Angel,Ghost Brothers,Reach
E'rting,Rasta Breeze,Ghost Brothers,Reach
E'rting,"Hey You, Hello",Ghost Brothers,Reach
E'rting,Better To Have Loved,Ghost Brothers,Reach
E'rting,Reach Up,Ghost Brothers,Reach
E'rting,Xyz,Ghost Brothers,Reach
E'rting,Ghost Train,Ghost Brothers,Reach
E'rting,We Come Running,Youngblood Hawke,Youngblood Hawke
E'rting,Stars (Hold On),Youngblood Hawke,Youngblood Hawke
E'rting,Forever,Youngblood Hawke,Youngblood Hawke
E'rting,Rootless,Youngblood Hawke,Youngblood Hawke
E'rting,We Come Running - Acoustic,Youngblood Hawke,Youngblood Hawke
E'rting,Keep You,Wild Belle,Keep You
E'rting,Buena Malicia,Carla Morrison,Aprendiendo a Aprender
E'rting,West Coast,Coconut Records,Nighttiming
E'rting,Murder in the City,The Avett Brothers,The Second Gleam
E'rting,The Ballad Of Love And Hate,The Avett Brothers,Emotionalism
E'rting,Sun Giant,Fleet Foxes,Sun Giant
E'rting,Drops In The River,Fleet Foxes,Sun Giant
E'rting,English House,Fleet Foxes,Sun Giant
E'rting,Mykonos,Fleet Foxes,Sun Giant
E'rting,Innocent Son,Fleet Foxes,Sun Giant
E'rting,Sun It Rises,Fleet Foxes,Fleet Foxes
E'rting,White Winter Hymnal,Fleet Foxes,Fleet Foxes
E'rting,Ragged Wood,Fleet Foxes,Fleet Foxes
E'rting,Tiger Mountain Peasant Song,Fleet Foxes,Fleet Foxes
E'rting,Quiet Houses,Fleet Foxes,Fleet Foxes
E'rting,He Doesn't Know Why,Fleet Foxes,Fleet Foxes
E'rting,Heard Them Stirring,Fleet Foxes,Fleet Foxes
E'rting,Your Protector,Fleet Foxes,Fleet Foxes
E'rting,Meadowlarks,Fleet Foxes,Fleet Foxes
E'rting,Blue Ridge Mountains,Fleet Foxes,Fleet Foxes
E'rting,Oliver James,Fleet Foxes,Fleet Foxes
E'rting,Montezuma,Fleet Foxes,Helplessness Blues
E'rting,Bedouin Dress,Fleet Foxes,Helplessness Blues
E'rting,Sim Sala Bim,Fleet Foxes,Helplessness Blues
E'rting,Battery Kinzie,Fleet Foxes,Helplessness Blues
E'rting,The Plains / Bitter Dancer,Fleet Foxes,Helplessness Blues
E'rting,Helplessness Blues,Fleet Foxes,Helplessness Blues
E'rting,The Cascades,Fleet Foxes,Helplessness Blues
E'rting,Lorelai,Fleet Foxes,Helplessness Blues
E'rting,Someone You'd Admire,Fleet Foxes,Helplessness Blues
E'rting,The Shrine / An Argument,Fleet Foxes,Helplessness Blues
E'rting,Blue Spotted Tail,Fleet Foxes,Helplessness Blues
E'rting,Grown Ocean,Fleet Foxes,Helplessness Blues
E'rting,Land of Nod,Trey Anastasio,Traveler
E'rting,Bright Lights,Gary Clark Jr.,Gary Clark Jr.
E'rting,Two Weeks,Grizzly Bear,Veckatimest
E'rting,Is There A Ghost,Band of Horses,Cease To Begin
E'rting,Ode To LRC,Band of Horses,Cease To Begin
E'rting,No One's Gonna Love You,Band of Horses,Cease To Begin
E'rting,Detlef Schrempf,Band of Horses,Cease To Begin
E'rting,The General Specific,Band of Horses,Cease To Begin
E'rting,Lamb on the Lam (in the city),Band of Horses,Cease To Begin
E'rting,Islands On The Coast,Band of Horses,Cease To Begin
E'rting,Marry Song,Band of Horses,Cease To Begin
E'rting,"Cigarettes, Wedding Bands",Band of Horses,Cease To Begin
E'rting,Window Blues,Band of Horses,Cease To Begin
E'rting,Our Swords,Band of Horses,Everything All The Time
E'rting,The Funeral,Band of Horses,Everything All The Time
E'rting,The First Song,Band of Horses,Everything All The Time
E'rting,Wicked Gil,Band of Horses,Everything All The Time
E'rting,Part One,Band of Horses,Everything All The Time
E'rting,The Great Salt Lake,Band of Horses,Everything All The Time
E'rting,Weed Party,Band of Horses,Everything All The Time
E'rting,I Go to the Barn Because I Like The,Band of Horses,Everything All The Time
E'rting,Monsters,Band of Horses,Everything All The Time
E'rting,St. Augustine,Band of Horses,Everything All The Time
E'rting,Knock Knock,Band of Horses,Mirage Rock
E'rting,How To Live,Band of Horses,Mirage Rock
E'rting,Slow Cruel Hands Of Time,Band of Horses,Mirage Rock
E'rting,A Little Biblical,Band of Horses,Mirage Rock
E'rting,Shut-In Tourist,Band of Horses,Mirage Rock
E'rting,Dumpster World,Band of Horses,Mirage Rock
E'rting,Electric Music,Band of Horses,Mirage Rock
E'rting,Everything's Gonna Be Undone,Band of Horses,Mirage Rock
E'rting,Feud,Band of Horses,Mirage Rock
E'rting,Long Vows,Band of Horses,Mirage Rock
E'rting,Heartbreak On The 101,Band of Horses,Mirage Rock
E'rting,Knock Knock - Live from Jackson Hole,Band of Horses,Mirage Rock
E'rting,Don't Owe You a Thang,Gary Clark Jr.,Gary Clark Jr.
E'rting,Things Are Changin' - Solo Acoustic; Live,Gary Clark Jr.,The Bright Lights EP
E'rting,When My Train Pulls In - Solo Acoustic; Live,Gary Clark Jr.,The Bright Lights EP
E'rting,The Life,Gary Clark Jr.,Gary Clark Jr.
E'rting,My Delirium,Ladyhawke,Ladyhawke
E'rting,He's A Pirate - Tiësto Remix,"Hans Zimmer, Klaus Badelt, Geoff Zanelli, Tiësto",Pirates of the Caribbean: Dead Man's Chest (Original Motion Picture Soundtrack)
E'rting,Take Me Away,Wild Belle,Keep You
E'rting,Backslider,Wild Belle,Wild Belle
E'rting,I'm In Love,Wild Belle,It's Too Late EP
E'rting,Hold Me Now,Thompson Twins,The Best of Thompson Twins Greatest Mixes
E'rting,Doctor! Doctor! (Original Mix),Thompson Twins,Dance Vault Remixes
E'rting,If You Were Here,Thompson Twins,"Love, Lies And Other Strange Things: Greatest Hits"
E'rting,Lay Your Hands On Me,Thompson Twins,The Best of Thompson Twins Greatest Mixes
E'rting,Lies,Thompson Twins,Platinum & Gold Collection
E'rting,Breezeblocks,alt-J,An Awesome Wave
E'rting,Fitzpleasure,alt-J,An Awesome Wave
E'rting,Something Good,alt-J,An Awesome Wave
E'rting,Tessellate,alt-J,An Awesome Wave
E'rting,Dissolve Me,alt-J,An Awesome Wave
E'rting,Jump in the Line,Harry Belafonte,Greatest Hits
E'rting,Hang Me Up To Dry,Cold War Kids,Robbers & Cowards
E'rting,The High Road,"Broken Bells, Danger Mouse, James Mercer",Broken Bells
E'rting,The Ghost Inside,"Broken Bells, Danger Mouse",Broken Bells
E'rting,October,"Broken Bells, Danger Mouse, James Mercer",Broken Bells
E'rting,Vaporize,"Broken Bells, Danger Mouse, James Mercer",Broken Bells
E'rting,Your Head Is On Fire,"Broken Bells, Danger Mouse, James Mercer",Broken Bells
E'rting,Naive,The Kooks,Naïve
E'rting,Seaside,The Kooks,Inside In / Inside Out
E'rting,Always Where I Need To Be,The Kooks,Konk
E'rting,Mr. Maker,The Kooks,Konk
E'rting,See The Sun,The Kooks,Konk
E'rting,"Tick, Tick, Boom",The Hives,Taken
E'rting,Walk Idiot Walk,The Hives,Tyrannosaurus Hives
E'rting,Main Offender,The Hives,Your New Favourite Band
E'rting,Shout,Tears For Fears,Shout: The Very Best Of Tears For Fears
E'rting,Everybody Wants To Rule The World,Tears For Fears,Shout: The Very Best Of Tears For Fears
E'rting,Mad World,Tears For Fears,The Hurting
E'rting,"Sowing The Seeds Of Love - 7"" Version",Tears For Fears,Shout: The Very Best Of Tears For Fears
E'rting,Tarzan Boy,Baltimora,so80s (So Eighties) - Pres. By Blank & Jones
E'rting,Just Can't Get Enough - 2006 Remaster,Depeche Mode,"The Best of Depeche Mode, Volume 1"
E'rting,People Are People,Depeche Mode,People Are People
E'rting,Everything Counts,Depeche Mode,Construction Time Again
E'rting,New Life,Depeche Mode,Speak & Spell
E'rting,"Love, in Itself",Depeche Mode,Construction Time Again
E'rting,Friday I'm In Love,The Cure,Greatest Hits
E'rting,Lovesong - 2010 Remaster,The Cure,Disintegration (Deluxe Edition)
E'rting,Always on My Mind - 2003 Remaster,Pet Shop Boys,PopArt: The Hits
E'rting,Bizarre Love Triangle,New Order,Brotherhood (Collector's Edition)
E'rting,Blue Monday,New Order,"Power, Corruption & Lies [Collector's Edition]"
E'rting,Hungry Like the Wolf,Duran Duran,Decade
E'rting,Come Undone,Duran Duran,Duran Duran
E'rting,I Ran (So Far Away),A Flock of Seagulls - Tribute,I Ran (So Far Away)
E'rting,Space Age Love Song,A Flock Of Seagulls,Playlist: The Very Best of A Flock of Seagulls
E'rting,"The More You Live, The More You Love",A Flock Of Seagulls,Playlist: The Very Best of A Flock of Seagulls
E'rting,Wishing (If I Had a Photograph of You),A Flock Of Seagulls,Playlist: The Very Best of A Flock of Seagulls
E'rting,Telecommunication,A Flock Of Seagulls,The Best Of
E'rting,The Killing Moon,Echo & the Bunnymen,Songs to Learn & Sing
E'rting,The Cutter,Echo & the Bunnymen,Songs to Learn & Sing
E'rting,Lips Like Sugar,Echo & the Bunnymen,Echo & The Bunnymen
E'rting,Sunglasses At Night,Corey Hart,The Singles
E'rting,(I Just) Died In Your Arms,Cutting Crew,The Best Of Cutting Crew
E'rting,Take My Breath Away,Berlin,Take My Breath Away
E'rting,Burning Down the House,Talking Heads,Burning Down the House / I Get Wild / Wild Gravity
E'rting,Once in a Lifetime - 2003 Remaster,Talking Heads,The Best of Talking Heads
E'rting,Psycho Killer - 2005 Remaster,Talking Heads,Talking Heads '77 (Deluxe Version)
E'rting,Psycho Killer - Live,Talking Heads,Stop Making Sense (Live)
E'rting,Wild Wild Life,Talking Heads,Popular Favorites 1976 - 1992 / Sand in the Vaseline
E'rting,I Got You (I Feel Good),"James Brown, James Brown & The Famous Flames",Golden Moments
E'rting,Get Up Offa That Thing,James Brown,20 All-Time Greatest Hits!
E'rting,"Living in America - From ""Rocky IV"" Soundtrack",James Brown,Rocky IV
E'rting,Jungle Boogie,Kool & The Gang,20th Century Masters: The Millennium Collection: Best Of Kool & The Gang
E'rting,Get Down On It,Kool & The Gang,20th Century Masters: The Millennium Collection: Best Of Kool & The Gang
E'rting,P-Funk (Wants To Get Funked Up),Parliament,Mothership Connection
E'rting,Give Up The Funk (Tear The Roof Off The Sucker),Parliament,Gold
E'rting,Flashlight,Parliament,Can't Hardly Wait
E'rting,Atomic Dog,George Clinton,Greatest Hits: Straight Up
E'rting,Bop Gun (One Nation) - Radio Edit,"Ice Cube, George Clinton",Greatest Hits
E'rting,Bust A Move,Young MC,Stone Cold Rhymin' (Deluxe Edition)
E'rting,"Men In Black - From ""Men In Black"" Soundtrack",Will Smith,Big Willie Style
E'rting,The Fresh Prince of Bel-Air,DJ Jazzy Jeff & The Fresh Prince,Greatest Hits
E'rting,Long Cool Woman (In A Black Dress) - Digital Remaster,The Hollies,70's Hits
E'rting,Fame - 1999 Digital Remaster,David Bowie,70's Hits
E'rting,Ballroom Blitz,Sweet,70's Hits
E'rting,Boogie Oogie Oogie - Remastered,A Taste Of Honey,70's Hits
E'rting,Some Kind Of Wonderful - Remastered 2002,Grand Funk Railroad,70's Hits
E'rting,My Sharona,The Knack,70's Hits
E'rting,Everyday People (Re-Recorded / Remastered),Sly & The Family Stone,I Love The 70s
E'rting,Bang a Gong (Get It On) [Electric Version],T. Rex,I Love The 70s
E'rting,Ride Captain Ride (Re-Recorded / Remastered),Blues Image,I Love The 70s
E'rting,Stuck in the Middle with You (Re-Recorded / Remastered),Stealers Wheel,I Love The 70s
E'rting,Heaven Must Be Missing an Angel Re-Recorded / Remastered),Tavares,I Love The 70s
E'rting,Stomp! (Re-Recorded / Remastered),The Brothers Johnson,I Love The 70s
E'rting,Love Machine (Re-Recorded / Remastered),The Miracles,I Love The 70s
E'rting,In-a-Gadda-da-Vida (Full Extended Album Version),"Purple Butterfly featuring Carmine Appice ""Vanilla Fudge"", Carmine Appice",I Love The 70s
E'rting,Low Rider,El Loco,I Love The 70s
E'rting,Love Train (Re-Recorded / Remastered),The O'Jays,I Love The 70s
E'rting,Magic (Re-Recorded / Remastered),Pilot,I Love The 70s
E'rting,Fox on the Run (Re-Recorded / Remastered),Sweet,I Love The 70s
E'rting,Boogie Oogie Oogie (Re-Recorded / Remastered),A Taste Of Honey,I Love The 70s
E'rting,Night Chicago Died (Re-Recorded / Remastered),Paper Lace,I Love The 70s
E'rting,Dazz (Re-Recorded / Remastered),Dazz Band,I Love The 70s
E'rting,"More, More, More (Re-Recorded / Remastered)",Andra True,I Love The 70s
E'rting,I Think I Love You,David Cassidy,I Love The 70s
E'rting,"Car Wash (7"" Version) [Re-Recorded / Remastered]",Rose Royce,I Love The 70s
E'rting,A Fifth of Beethoven,Saturday Night Fever,I Love The 70s
E'rting,Don't Leave Me This Way (Re-Recorded / Remastered),Thelma Houston,I Love The 70s
E'rting,Play That Funky Music,Lief Garrett,I Love The 70s
E'rting,Come and Get Your Love (Re-Recorded / Remastered),Redbone,I Love The 70s
E'rting,Cherry Bomb,"Cherrie Currie, Marky Ramone, Wayne Kramer",I Love The 70s
E'rting,Boogie Nights (Re-Recorded / Remastered),Heatwave,I Love The 70s
E'rting,Blinded by the Light,70s Dj Picks,I Love The 70s
E'rting,Pressure Drop (Re-Recorded / Remastered),Toots & The Maytals,I Love The 70s
E'rting,I Will Survive (Re-Recorded / Remastered),Gloira Gaynor,I Love The 70s
E'rting,Shake Your Groove Thing (Re-Recorded / Remastered),Peaches & Herb,I Love The 70s
E'rting,For the Love of Money (Re-Recorded / Remastered),The O'Jays,I Love The 70s
E'rting,A Touch of Love (Re-Recorded / Remastered),Slave,I Love The 70s
E'rting,Saturday Night (Re-Recorded / Remastered),Bay City Rollers,I Love The 70s
E'rting,Give a Little Bit,70s Dj Picks,I Love The 70s
E'rting,The Clapping Song (Re-Recorded / Remastered),Ray Russell,I Love The 70s
E'rting,"Disco Inferno (7"" Version) [Re-Recorded / Remastered]",The Trammps,I Love The 70s
E'rting,Precious and Few (Re-Recorded / Remastered),Climax,I Love The 70s
E'rting,When Will I See You Again (Re-Recorded / Remastered),The Three Degrees,I Love The 70s
E'rting,"Ring My Bell (7"" Version) [Re-Recorded / Remastered]",Anita Ward,I Love The 70s
E'rting,Right Back Where We Started From (Re-Recorded / Remastered),Maxine Nightingale,I Love The 70s
E'rting,You Sexy Thing (Re-Recorded / Remastered),Hot Chocolate,I Love The 70s
E'rting,American Woman,Blues Image,I Love The 70s
E'rting,Still the One (Re-Recorded / Remastered),Orleans,I Love The 70s
E'rting,After Midnight (Re-Recorded / Remastered),Maggie Bell,I Love The 70s
E'rting,Know Your Rights,The Clash,Combat Rock
E'rting,Should I Stay or Should I Go,The Clash,Combat Rock
E'rting,Rock the Casbah,The Clash,Combat Rock
E'rting,Overpowered by Funk,The Clash,Combat Rock
E'rting,Sean Flynn,The Clash,Combat Rock
E'rting,Ghetto Defendant,The Clash,Combat Rock
E'rting,Safe European Home,The Clash,Give 'Em Enough Rope
E'rting,English Civil War,The Clash,Give 'Em Enough Rope
E'rting,Tommy Gun,The Clash,Give 'Em Enough Rope
E'rting,Julie's Been Working for the Drug Squad,The Clash,Give 'Em Enough Rope
E'rting,Guns on the Roof,The Clash,Give 'Em Enough Rope
E'rting,Stay Free,The Clash,Give 'Em Enough Rope
E'rting,We are the Clash,The Clash,Cut The Crap
E'rting,This is England,The Clash,Cut The Crap
E'rting,The Magnificent Seven,The Clash,Sandinista!
E'rting,Junco Partner,The Clash,Sandinista!
E'rting,Ivan Meets G.I. Joe,The Clash,Sandinista!
E'rting,Somebody Got Murdered,The Clash,Sandinista!
E'rting,One More Time,The Clash,Sandinista!
E'rting,Police on my Back,The Clash,Sandinista!
E'rting,The Equaliser,The Clash,Sandinista!
E'rting,The Call Up,The Clash,Sandinista!
E'rting,The Street Parade,The Clash,Sandinista!
E'rting,Career Opportunities,The Clash,Sandinista!
E'rting,Clash City Rockers,The Clash,The Clash (US Version)
E'rting,I'm So Bored with the U.S.A.,The Clash,The Clash (US Version)
E'rting,Remote Control,The Clash,The Clash (US Version)
E'rting,Complete Control,The Clash,The Clash (US Version)
E'rting,White Riot,The Clash,The Clash (US Version)
E'rting,(White Man) in Hammersmith Palais,The Clash,The Clash (US Version)
E'rting,London's Burning,The Clash,The Clash (US Version)
E'rting,I Fought the Law,The Clash,The Clash (US Version)
E'rting,Janie Jones,The Clash,The Clash (US Version)
E'rting,Career Opportunities,The Clash,The Clash (US Version)
E'rting,Hate & War,The Clash,The Clash (US Version)
E'rting,Police and Thieves,The Clash,The Clash (US Version)
E'rting,Garageland,The Clash,The Clash (US Version)
E'rting,White Riot - Single Version,The Clash,The Essential Clash
E'rting,London's Burning,The Clash,The Essential Clash
E'rting,Complete Control,The Clash,The Essential Clash
E'rting,Clash City Rockers,The Clash,The Essential Clash
E'rting,I'm So Bored with the U.S.A.,The Clash,The Essential Clash
E'rting,Career Opportunities,The Clash,The Essential Clash
E'rting,Hate & War,The Clash,The Essential Clash
E'rting,Cheat,The Clash,The Essential Clash
E'rting,Police and Thieves,The Clash,The Essential Clash
E'rting,Janie Jones,The Clash,The Essential Clash
E'rting,Garageland,The Clash,The Essential Clash
E'rting,Capital Radio One,The Clash,The Essential Clash
E'rting,(White Man) in Hammersmith Palais,The Clash,The Essential Clash
E'rting,English Civil War,The Clash,The Essential Clash
E'rting,Tommy Gun,The Clash,The Essential Clash
E'rting,Safe European Home,The Clash,The Essential Clash
E'rting,Julie's Been Working for the Drug Squad,The Clash,The Essential Clash
E'rting,Stay Free,The Clash,The Essential Clash
E'rting,Groovy Times,The Clash,The Essential Clash
E'rting,I Fought the Law,The Clash,The Essential Clash
E'rting,London Calling,The Clash,The Essential Clash
E'rting,The Guns of Brixton,The Clash,The Essential Clash
E'rting,Clampdown,The Clash,The Essential Clash
E'rting,Rudie Can't Fail,The Clash,The Essential Clash
E'rting,Lost in the Supermarket,The Clash,The Essential Clash
E'rting,Jimmy Jazz,The Clash,The Essential Clash
E'rting,Train in Vain,The Clash,The Essential Clash
E'rting,Bankrobber,The Clash,The Essential Clash
E'rting,The Magnificent Seven,The Clash,The Essential Clash
E'rting,Ivan Meets G.I. Joe,The Clash,The Essential Clash
E'rting,Police on my Back,The Clash,The Essential Clash
E'rting,Stop the World,The Clash,The Essential Clash
E'rting,Somebody Got Murdered,The Clash,The Essential Clash
E'rting,The Street Parade,The Clash,The Essential Clash
E'rting,This is Radio Clash,The Clash,The Essential Clash
E'rting,Ghetto Defendant,The Clash,The Essential Clash
E'rting,Rock the Casbah,The Clash,The Essential Clash
E'rting,Straight to Hell,The Clash,The Essential Clash
E'rting,Should I Stay or Should I Go,The Clash,The Essential Clash
E'rting,This is England,The Clash,The Essential Clash
E'rting,The Guns of Brixton,The Clash,The Story Of The Clash Volume 1
E'rting,I Fought the Law,The Clash,The Story Of The Clash Volume 1
E'rting,Somebody Got Murdered,The Clash,The Story Of The Clash Volume 1
E'rting,Lost in the Supermarket,The Clash,The Story Of The Clash Volume 1
E'rting,Bankrobber - Remastered,The Clash,The Story Of The Clash Volume 1
E'rting,(White Man) in Hammersmith Palais,The Clash,The Story Of The Clash Volume 1
E'rting,London's Burning - Remastered,The Clash,The Story Of The Clash Volume 1
E'rting,Janie Jones - Remastered,The Clash,The Story Of The Clash Volume 1
E'rting,Tommy Gun,The Clash,The Story Of The Clash Volume 1
E'rting,Complete Control,The Clash,The Story Of The Clash Volume 1
E'rting,White Riot,The Clash,The Story Of The Clash Volume 1
E'rting,Career Opportunities - Remastered,The Clash,The Story Of The Clash Volume 1
E'rting,Clash City Rockers,The Clash,The Story Of The Clash Volume 1
E'rting,Safe European Home,The Clash,The Story Of The Clash Volume 1
E'rting,Stay Free,The Clash,The Story Of The Clash Volume 1
E'rting,London Calling,The Clash,The Story Of The Clash Volume 1
E'rting,Spanish Bombs,The Clash,The Story Of The Clash Volume 1
E'rting,English Civil War,The Clash,The Story Of The Clash Volume 1
E'rting,Police & Thieves - Remastered,The Clash,The Story Of The Clash Volume 1
E'rting,Daylight,Matt and Kim,Grand
E'rting,Above the Clouds,Slightly Stoopid,Chronchitis
E'rting,Anywhere I Go,Slightly Stoopid,Chronchitis
E'rting,Closer To The Sun,Slightly Stoopid,Closer To The Sun
E'rting,Top of the World,Slightly Stoopid,Top of the World
E'rting,Collie Man,Slightly Stoopid,"Surfdog So-Cal Comp ft. Slightly Stoopid, Wylde Bunch, B-Side Players, & Agent 51"
E'rting,2am,Slightly Stoopid,Chronchitis
E'rting,Dawn of Time,Tribal Seeds,Tribal Seeds
E'rting,The Garden,Tribal Seeds,The Harvest
E'rting,The Harvest,Tribal Seeds,The Harvest
E'rting,In Your Eyes,Tribal Seeds,SoundWaves EP
E'rting,Israelites,Desmond Dekker,Absolutely The Best Of Reggae Vol. 1
E'rting,It Mek,Desmond Dekker,It Mek
E'rting,That's What's Up,Edward Sharpe & The Magnetic Zeros,Here
E'rting,Man On Fire,Edward Sharpe & The Magnetic Zeros,Here
E'rting,Janglin,Edward Sharpe & The Magnetic Zeros,Up From Below
E'rting,40 Day Dream,Edward Sharpe & The Magnetic Zeros,Up From Below
E'rting,Home,Edward Sharpe & The Magnetic Zeros,Up From Below
E'rting,Too Close,Alex Clare,The Lateness Of The Hour
E'rting,A Dream Within A Dream,The Glitch Mob,Drink the Sea
E'rting,We Can Make The World Stop,The Glitch Mob,We Can Make the World Stop - EP
E'rting,Derezzed - Remixed by The Glitch Mob,"Daft Punk, The Glitch Mob",TRON: Legacy Reconfigured
E'rting,Fortune Days,The Glitch Mob,Drink the Sea
E'rting,Animus Vox,The Glitch Mob,Drink the Sea
E'rting,Bad Wings,The Glitch Mob,Drink the Sea
E'rting,Stay Crunchy,Ronald Jenkees,Disorganized Fun
E'rting,Eyes on Fire - Zeds Dead RMX,Blue Foundation,Eyes on Fire
E'rting,Feel So Close - Radio Edit,Calvin Harris,18 Months
E'rting,Sweet Nothing (feat. Florence Welch),"Calvin Harris, Florence Welch",18 Months
E'rting,Cosmic Love,Florence + The Machine,Lungs (Deluxe Edition)
E'rting,Breath Of Life,Florence + The Machine,Breath Of Life
E'rting,Switzerland,The Last Bison,Inheritance
E'rting,Distance,The Last Bison,Inheritance
E'rting,Dark Am I,The Last Bison,Inheritance
E'rting,River Rhine,The Last Bison,Inheritance
E'rting,No Phone,CAKE,Pressure Chief
E'rting,E-Pro,Beck,Guero
E'rting,Cellphone's Dead,Beck,The Information
E'rting,Think I'm In Love,Beck,The Information
E'rting,Get Free (feat. Amber Dawn Coffman) - Original Mix,"Major Lazer, Amber of Dirty Projectors",Get Free
E'rting,Shuffle,Bombay Bicycle Club,A Different Kind Of Fix
E'rting,How Can You Swallow So Much Sleep,Bombay Bicycle Club,A Different Kind Of Fix
E'rting,"Lights Out, Words Gone",Bombay Bicycle Club,A Different Kind Of Fix
E'rting,Always Like This,Bombay Bicycle Club,I Had The Blues But I Shook Them Loose
E'rting,Ivy & Gold,Bombay Bicycle Club,Flaws
E'rting,Disparate Youth,Santigold,Disparate Youth
E'rting,Wolf Like Me,TV On The Radio,Return To Cookie Mountain
E'rting,DLZ,TV On The Radio,Dear Science
E'rting,Staring at the Sun,TV On The Radio,Young Liars
E'rting,Will Do,TV On The Radio,Nine Types of Light
E'rting,Dancing Choose,TV On The Radio,Dear Science
E'rting,Love Dog,TV On The Radio,Dear Science
E'rting,Golden Age,TV On The Radio,Dear Science
E'rting,Dancing Choose - Prefuse 73 Remix,TV On The Radio,Dear Science
E'rting,Crying,TV On The Radio,Dear Science
E'rting,Hello,"Martin Solveig, Dragonette",Smash (Deluxe)
E'rting,Mr. Brown,Bob Marley & The Wailers,Bob Marley & Friends
E'rting,Soul Rebel,Bob Marley & The Wailers,Best Of
E'rting,Sun Is Shining (Smoke out Dubstep Mix),Blackburner,100 Dubstep - Club Tracks
E'rting,Sun Is Shining (Blackburner Remix),Bob Marley & The Wailers,The Hits Reloaded
E'rting,400 Years,Bob Marley & The Wailers,The Best Bob Marley Anthology
E'rting,Soul Shakedown Party,Bob Marley & The Wailers,Bob Marley - the Early Days
E'rting,Rainbow Country,Bob Marley & The Wailers,Deep Cuts - Bob Marley
E'rting,Lively Up Yourself,Bob Marley & The Wailers,Deep Cuts - Bob Marley
E'rting,Exodus,Bob Marley & The Wailers,Bob Marley: The Collection
E'rting,No Woman No Cry,Bob Marley & The Wailers,The Best of Bob Marley
E'rting,All in One,Bob Marley & The Wailers,The Best of Bob Marley
E'rting,"Roots, Rock, Reggae",Bob Marley & The Wailers,Marley OST
E'rting,Crazy Baldhead - Groucho Mix,"Bob Marley & The Wailers, Groucho",Marley OST
E'rting,Three Little Birds,Bob Marley & The Wailers,Marley OST
E'rting,Jammin' - Live At One Love Peace Concert,Bob Marley & The Wailers,Marley OST
E'rting,Jamming,Bob Marley & The Wailers,Legend (Deluxe Edition)
E'rting,Punky Reggae Party,Bob Marley & The Wailers,Legend (Deluxe Edition)
E'rting,Buffalo Soldier,Bob Marley & The Wailers,Legend (Deluxe Edition)
E'rting,"Get Up, Stand Up",The Wailers,Legend (Deluxe Edition)
E'rting,Purple Haze,Jimi Hendrix,Fire: The Jimi Hendrix Collection
E'rting,Hey Joe,Jimi Hendrix,Fire: The Jimi Hendrix Collection
E'rting,Fire,Jimi Hendrix,Fire: The Jimi Hendrix Collection
E'rting,All Along the Watchtower,Jimi Hendrix,Fire: The Jimi Hendrix Collection
E'rting,Voodoo Child (Slight Return),Jimi Hendrix,Fire: The Jimi Hendrix Collection
E'rting,Crosstown Traffic,Jimi Hendrix,Fire: The Jimi Hendrix Collection
E'rting,Foxey Lady,Jimi Hendrix,Fire: The Jimi Hendrix Collection
E'rting,Valleys of Neptune,Jimi Hendrix,Fire: The Jimi Hendrix Collection
E'rting,Are You Experienced?,Jimi Hendrix,Fire: The Jimi Hendrix Collection
E'rting,The Wind Cries Mary,Jimi Hendrix,Fire: The Jimi Hendrix Collection
E'rting,Freedom,Jimi Hendrix,Fire: The Jimi Hendrix Collection
E'rting,Red House,Jimi Hendrix,Fire: The Jimi Hendrix Collection
E'rting,Burning of the Midnight Lamp,Jimi Hendrix,Fire: The Jimi Hendrix Collection
E'rting,Wait Until Tomorrow,Jimi Hendrix,Fire: The Jimi Hendrix Collection
E'rting,Little Wing,Jimi Hendrix,Fire: The Jimi Hendrix Collection
E'rting,Sunshine Of Your Love,Jimi Hendrix,Fire: The Jimi Hendrix Collection
E'rting,Castles Made of Sand,Jimi Hendrix,Fire: The Jimi Hendrix Collection
E'rting,Angel,Jimi Hendrix,Fire: The Jimi Hendrix Collection
E'rting,Bleeding Heart,Jimi Hendrix,Fire: The Jimi Hendrix Collection
E'rting,Hey Baby (New Rising Sun),Jimi Hendrix,Fire: The Jimi Hendrix Collection
E'rting,Hurricane,Bob Dylan,Desire
E'rting,Like a Rolling Stone,Bob Dylan,Highway 61 Revisited
E'rting,Good Life,OneRepublic,Waking Up
E'rting,ABC,The Jackson 5,The Very Best Of Michael Jackson With The Jackson 5
E'rting,I'm A Believer - Soundtrack Version,Smash Mouth,Shrek (Music From The Original Motion Picture)
E'rting,Shiny Happy People,R.E.M.,Out Of Time (U.S. Version)
E'rting,Don't Worry Be Happy,Bobby McFerrin,Simple Pleasures
E'rting,Don't Stop Believin',Journey,The Essential Journey
E'rting,Rock And Roll All Nite,KISS,Ikons
E'rting,Good Vibrations - Remastered 2001,The Beach Boys,Good Vibrations 40th Anniversary
E'rting,Part Time Believer,Boy & Bear,Moonfire
E'rting,I Am Not Waiting Anymore,Field Report,Field Report
E'rting,(They Stole Today But They Won't Take Away) Tomorrow,Venus Infers,You'll Understand When You're Older [Deluxe]
E'rting,Goodbye Horses,Venus Infers,You'll Understand When You're Older [Deluxe]
E'rting,Fall Into Place,Apartment,The Dreamer Evasive
E'rting,10000 Times,Apartment,10000 Times
E'rting,Pomroccollective,Apartment,Apartopology
E'rting,Survive,The Moog,Sold For Tomorrow (Digital-Only Bonus Version)
E'rting,I Wonder,The Willowz,Eternal Sunshine Of The Spotless Mind
E'rting,Ruby,Kaiser Chiefs,"Yours Truly, Angry Mob"
E'rting,I Predict a Riot,Kaiser Chiefs,The Coolest Songs in the World! Vol. 7
E'rting,Never Miss A Beat,Kaiser Chiefs,Off With Their Heads
E'rting,Everyday I Love You Less and Less,Kaiser Chiefs,Employment
E'rting,On The Run,Kaiser Chiefs,Start The Revolution Without Me
E'rting,Crystalize,Fire In The Hamptons,F.I.T.H.
E'rting,Humanimal,Fire In The Hamptons,F.I.T.H.
E'rting,Stargazer,Fire In The Hamptons,F.I.T.H.
E'rting,Children of the Sun,Fire In The Hamptons,F.I.T.H.
E'rting,Glitter & Gold,Fire In The Hamptons,F.I.T.H.
E'rting,Nothin',"Robert Plant, Alison Krauss",Raising Sand
E'rting,Gone Gone Gone (Done Moved On),"Robert Plant, Alison Krauss",Raising Sand
E'rting,Fortune Teller,"Robert Plant, Alison Krauss",Raising Sand
E'rting,Five Seconds,Twin Shadow,Confess
E'rting,Golden Light,Twin Shadow,Confess
E'rting,Run My Heart,Twin Shadow,Confess
E'rting,You Call Me On,Twin Shadow,Confess
E'rting,Beg for the Night,Twin Shadow,Confess
E'rting,Que Sera,Wax Tailor,Mole Listening Pearls - The Collection Vol. 3 (2006 - 2009)
E'rting,Literal Assassin's Creed Trailer,"Toby Turner, Tobuscus",Literal Assassin's Creed Trailer
E'rting,Ho Hey,The Lumineers,The Lumineers
E'rting,Stubborn Love,The Lumineers,The Lumineers
E'rting,Flowers in Your Hair,The Lumineers,The Lumineers
E'rting,Classy Girls,The Lumineers,The Lumineers
E'rting,Slow It Down,The Lumineers,The Lumineers
E'rting,Tongue Tied,GROUPLOVE,Never Trust a Happy Song
E'rting,Colours,GROUPLOVE,Grouplove
E'rting,Itchin' on a Photograph,GROUPLOVE,Never Trust a Happy Song
E'rting,Lovely Cup,GROUPLOVE,Never Trust a Happy Song
E'rting,Naked Kids,GROUPLOVE,Grouplove
E'rting,You and I,Ingrid Michaelson,Be OK
E'rting,You Take Me As I Am,Stornoway,Tales from Terra Firma
E'rting,Farewell Appalachia,Stornoway,Tales from Terra Firma
E'rting,The Bigger Picture,Stornoway,Tales from Terra Firma
E'rting,(A Belated) Invite to Eternity,Stornoway,Tales from Terra Firma
E'rting,"Hook, Line, Sinker",Stornoway,Tales from Terra Firma
E'rting,Knock Me On the Head,Stornoway,Tales from Terra Firma
E'rting,The Great Procrastinator,Stornoway,Tales from Terra Firma
E'rting,The Ones We Hurt the Most,Stornoway,Tales from Terra Firma
E'rting,November Song,Stornoway,Tales from Terra Firma
E'rting,Helena Beat,Foster The People,Torches
E'rting,Pumped Up Kicks,Foster The People,Torches
E'rting,Call It What You Want,Foster The People,Torches
E'rting,Don't Stop (Color on the Walls),Foster The People,Torches
E'rting,Waste,Foster The People,Torches
E'rting,I Would Do Anything for You,Foster The People,Torches
E'rting,Houdini,Foster The People,Torches
E'rting,Life on the Nickel,Foster The People,Torches
E'rting,Miss You,Foster The People,Torches
E'rting,Warrant,Foster The People,Torches
E'rting,Counting Stars,OneRepublic,Native (Deluxe)
E'rting,Feel Again,OneRepublic,Native (Deluxe)
E'rting,Oblivion (feat. Susanne Sundfør),"M83, Susanne Sundfør",Oblivion (feat. Susanne Sundfør)
E'rting,Comfort Eagle,CAKE,Comfort Eagle
E'rting,Frank Sinatra,CAKE,Fashion Nugget
E'rting,King Without a Crown,Matisyahu,Youth
E'rting,One Day,Matisyahu,Light
E'rting,Sunshine,Matisyahu,Sunshine
E'rting,Jerusalem,Matisyahu,Youth
E'rting,Time Of Your Song,Matisyahu,Youth
E'rting,Live Like a Warrior,Matisyahu,Spark Seeker
E'rting,Miracle,Matisyahu,Miracle
E'rting,Escape,Matisyahu,Light
E'rting,Message In a Bottle,Matisyahu,Selections from No Place To Be
E'rting,Message In a Bottle - Dub Version,Matisyahu,Selections from No Place To Be
E'rting,Africa,TOTO,Playlist: The Very Best Of Toto
E'rting,What A Wonderful World,Louis Armstrong,What A Wonderful World
E'rting,Stormtrooper,Pepper,Kona Town
E'rting,Stone Love,Pepper,Kona Town
E'rting,Rent,Pepper,No Shame (Explicit Content)
E'rting,Feeling Alright,Rebelution,Courage To Grow
E'rting,Ordinary Girl,Rebelution,Courage To Grow
E'rting,Courage To Grow,Rebelution,Courage To Grow
E'rting,Safe And Sound,Rebelution,Courage To Grow
E'rting,Your House,Steel Pulse,True Democracy
E'rting,Darkness Into Light,Matisyahu,Light
E'rting,One Day (feat. Akon),"Matisyahu, Akon",Light
E'rting,Youth,Matisyahu,Youth
E'rting,Fire of Freedom,Matisyahu,Spark Seeker
E'rting,Breathe Easy,Matisyahu,Spark Seeker
E'rting,Summer Wind,Matisyahu,Spark Seeker
E'rting,Get Free,"Major Lazer, Amber Coffman",Gildas Kitsuné Club Night Mix #3
E'rting,Titanium / Pavane,The Piano Guys,The Piano Guys
E'rting,Lord of the Rings,"Howard Shore, Philippa Jane Boyens, The Piano Guys",Lord of the Rings
E'rting,All of Me,"Jon Schmidt, The Piano Guys",All of Me
E'rting,Beethoven's 5 Secrets,"The Piano Guys, Lyceum Philharmonic at American Heritage School, Julie Ann Nelson, John Nelson",The Piano Guys
E'rting,Over the Rainbow / Simple Gifts,The Piano Guys,The Piano Guys
E'rting,Beast,Nico Vega,Nico Vega Covers Nico Vega & Rod Stewart
E'rting,Fury Oh Fury,Nico Vega,Fury Oh Fury EP
E'rting,Easier,Nico Vega,Fury Oh Fury EP
E'rting,The Season,The Dodos,Visiter
E'rting,Walking,The Dodos,Visiter
E'rting,Fools,The Dodos,Visiter
E'rting,Winter,The Dodos,Visiter
E'rting,Ashley,The Dodos,Visiter
E'rting,All Star,Smash Mouth,All Star Smash Hits
E'rting,Walkin' On The Sun,Smash Mouth,All Star Smash Hits
E'rting,Then The Morning Comes,Smash Mouth,All Star Smash Hits
E'rting,Mexican Radio,Wall Of Voodoo,Mexican Radio
E'rting,Fortunate Son,Creedence Clearwater Revival,The Long Road Home - The Ultimate John Fogerty / Creedence Collection
E'rting,Have You Ever Seen The Rain,Creedence Clearwater Revival,The Long Road Home - The Ultimate John Fogerty / Creedence Collection
E'rting,Bad Moon Rising,Creedence Clearwater Revival,The Long Road Home - The Ultimate John Fogerty / Creedence Collection
E'rting,Lookin' Out My Back Door,Creedence Clearwater Revival,The Long Road Home - The Ultimate John Fogerty / Creedence Collection
E'rting,Down On The Corner,Creedence Clearwater Revival,The Long Road Home - The Ultimate John Fogerty / Creedence Collection
E'rting,Major Tom,Shiny Toy Guns,Girls Le Disko
E'rting,Crystallize,Lindsey Stirling,Lindsey Stirling
E'rting,Georgia on My Mind,Ryan Innes,Ryan Innes
E'rting,Colors,Ryan Innes,Ryan Innes
E'rting,Call to Arms,Ryan Innes,Ryan Innes
E'rting,Next to You,Ryan Innes,Ryan Innes
E'rting,Beautiful Baby,Ryan Innes,Ryan Innes
E'rting,Silent Night,Ryan Innes,Silent Night
E'rting,The Keepers,Santigold,Master of My Make-Believe
E'rting,L.E.S. Artistes,Santigold,Santigold
E'rting,A Change is Gonna Come,Ben Sollee,Learning To Bend
E'rting,Hot Hot Hot,Buster Poindexter And His Banshees Of Blue,Buster Poindexter
E'rting,Starlight,Muse,Black Holes and Revelations
E'rting,Somewhere Only We Know,Keane,Somewhere Only We Know
E'rting,Time To Run,Lord Huron,Lonesome Dreams
E'rting,Ends of the Earth,Lord Huron,Lonesome Dreams
E'rting,Lonesome Dreams,Lord Huron,Lonesome Dreams
E'rting,She Lit A Fire,Lord Huron,Lonesome Dreams
E'rting,The Ghost On The Shore,Lord Huron,Lonesome Dreams
E'rting,Victory,The Silent Comedy,Cruelty & Clemency
E'rting,Gasoline,The Silent Comedy,Cruelty & Clemency
E'rting,Thrift Shop,"Tyler Ward, Lindsey Stirling","1 Original, ONE Cover"
E'rting,Come With Us (feat. Can't Stop Won't Stop),Lindsey Stirling,Come With Us (feat. Can't Stop Won't Stop)
E'rting,Elements,Lindsey Stirling,Lindsey Stirling
E'rting,Electric Daisy Violin,Lindsey Stirling,Lindsey Stirling
E'rting,Moon Trance,Lindsey Stirling,Lindsey Stirling
E'rting,Remember The Name (feat. Styles Of Beyond),"Fort Minor, Styles Of Beyond",The Rising Tied
E'rting,Knights of Cydonia,Muse,Black Holes and Revelations
E'rting,Supermassive Black Hole,Muse,Supermassive Black Hole
E'rting,Time is Running Out,Muse,Absolution
E'rting,New Born,Muse,Origin of Symmetry
E'rting,Bliss,Muse,Origin of Symmetry
E'rting,Citizen Erased,Muse,Origin of Symmetry
E'rting,Feeling Good,Muse,Origin of Symmetry
E'rting,Mountain Man,Crash Kings,Crash Kings
E'rting,Ride To California,Paper Tongues,Paper Tongues
E'rting,Trinity,Paper Tongues,Paper Tongues
E'rting,Soul,Paper Tongues,Paper Tongues
E'rting,The Whip,Locksley,Locksley
E'rting,"Darling, It's True",Locksley,Locksley
E'rting,Don't Make Me Wait,Locksley,Locksley
E'rting,"Oh, Wisconsin!",Locksley,Locksley
E'rting,She Does,Locksley,The Coolest Songs in the World! Vol. 6
E'rting,Long Walk Back,The Rifles,Freedom Run
E'rting,Girls And Boys In Love,The Rumble Strips,Run Fatboy Run Original Soundtrack
E'rting,Cayucos,Cayucas,Cayucos b/w Swimsuit
E'rting,Swimsuit,Cayucas,Cayucos b/w Swimsuit
E'rting,Bigfoot,Cayucas,Bigfoot
E'rting,Seven Nation Army,The White Stripes,Elephant
E'rting,Fell In Love With A Girl,The White Stripes,White Blood Cells
E'rting,We're Going To Be Friends,The White Stripes,White Blood Cells
E'rting,Blue Orchid,The White Stripes,Get Behind Me Satan
E'rting,Icky Thump,The White Stripes,Icky Thump
E'rting,Dead Leaves And The Dirty Ground,The White Stripes,White Blood Cells
E'rting,Hotel Yorba,The White Stripes,White Blood Cells
E'rting,My Doorbell,The White Stripes,Get Behind Me Satan
E'rting,The Hardest Button To Button,The White Stripes,Elephant
E'rting,"Steady, As She Goes",The Raconteurs,Broken Boy Soldiers
E'rting,Proceed to Memory,Pinback,Information Retrieved
E'rting,The Way You Look Tonight - Remastered ) [The Frank Sinatra Collection],Frank Sinatra,Nothing But The Best [The Frank Sinatra Collection]
E'rting,Fly Me To The Moon - Remastered ) [The Frank Sinatra Collection],Frank Sinatra,Nothing But The Best [The Frank Sinatra Collection]
E'rting,Mambo Italiano - 1998 - Remastered,Dean Martin,Dino: The Essential Dean Martin
E'rting,Everybody Loves Somebody - 2001 - Remastered,Dean Martin,Dino: The Essential Dean Martin
E'rting,That's Amore - 1996 Digital Remaster,Dean Martin,The Capitol Years
E'rting,Ain't That A Kick In The Head - 1997 - Remastered,Dean Martin,Dino: The Essential Dean Martin
E'rting,L-O-V-E - Remastered,Nat King Cole,The Unforgettable Nat King Cole (Remastered)
E'rting,Feeling Good,Nina Simone,The Soul Of Nina Simone
E'rting,Ain't No Mountain High Enough - Stereo Version,"Marvin Gaye, Tammi Terrell",The Very Best Of Marvin Gaye
E'rting,I Heard It Through The Grapevine,Marvin Gaye,In The Groove
E'rting,Ain't No Sunshine,Bill Withers,Just As I Am
E'rting,Dancing In the Moonlight,King Harvest,Dancing in the Moonlight
E'rting,The Court Of The Crimson King - Edit,King Crimson,Children Of Men Original Motion Picture Soundtrack
E'rting,Hey Ya!,Outkast,The Way You Move / Hey Ya!
E'rting,I Gotta Feeling,Black Eyed Peas,THE E.N.D. (THE ENERGY NEVER DIES)
E'rting,Pump It,Black Eyed Peas,Monkey Business/Elephunk
E'rting,Just Can’t Get Enough,Black Eyed Peas,The Beginning
E'rting,High Fidelity,Jurassic 5,Power In Numbers
E'rting,Jessica,Allman Brothers Band,Dreams
E'rting,Ivory Road,King Charles,LoveBlood
E'rting,The Ghost Of Porter Rockwell,24-Oz. Can,Death By Salt II: A SLUG Magazine Compilation
E'rting,Clouds,"A Firm Handshake, Zach Sobiech",Fix Me Up
E'rting,Ames,"A Firm Handshake, Zach Sobiech, Sammy Brown",Fix Me Up
E'rting,Star Hopping,"A Firm Handshake, Zach Sobiech, Sammy Brown",Fix Me Up
E'rting,Fix Me Up,"A Firm Handshake, Zach Sobiech, Sammy Brown",Fix Me Up
E'rting,Electric Avenue,Eddy Grant,The Very Best Of Eddy Grant - Road To Reparation
E'rting,Vagabond,Greenskeepers,The Music of Grand Theft Auto IV
E'rting,Bang In Your Face,Greenskeepers,Swing Mania
E'rting,15 Minutes,Greenskeepers,Polo Club
E'rting,Little Bitty Pretty One,Thurston Harris,Doo Wop Golden Oldies Vol 2
E'rting,Pump Up the Jam,Technotronic,Ultimate Club Dance 90s
E'rting,Shake It Out,Karl Denson,Brother's Keeper
E'rting,Pump It Up,Elvis Costello & The Attractions,This Year's Model
E'rting,"Footloose - From ""Footloose"" Soundtrack",Kenny Loggins,The Essential Kenny Loggins
E'rting,Celebration (Live),Kool & The Gang,Cherish
E'rting,Don't Stop 'Til You Get Enough - 2003 Edit,Michael Jackson,Number Ones
E'rting,On The Road Again (Re-Recorded),Canned Heat,60s Greatest Moments
E'rting,Wild Thing (Re-Recorded),The Troggs,60s Greatest Moments
E'rting,Hang On Sloopy (Re-Recorded),The McCoys,60s Greatest Moments
E'rting,Build Me up Buttercup (Re-Recorded),The Foundations,60s Greatest Moments
E'rting,Land Downunder,Men At Work,Rock The Millennium (Remastered)
E'rting,Down Under,Men At Work,The Best Of Men At Work: Contraband
E'rting,Nearer My God to Thee,The Piano Guys,The Piano Guys
E'rting,Fly,Sugar Ray,Rhino Hi-Five: Sugar Ray
E'rting,Someday - Remastered,Sugar Ray,The Best Of Sugar Ray
E'rting,When It's Over - Remastered,Sugar Ray,The Best Of Sugar Ray
E'rting,Falls Apart,Sugar Ray,14:59
E'rting,Under the Sun - Remastered,Sugar Ray,The Best Of Sugar Ray
E'rting,Don't Speak,No Doubt,The Singles Collection
E'rting,Just A Girl,No Doubt,The Singles Collection
E'rting,Spiderwebs,No Doubt,The Singles Collection
E'rting,Settle Down,No Doubt,Settle Down
E'rting,Heads Will Roll - A-Trak Radio Edit,"Yeah Yeah Yeahs, A-Trak",Heads Will Roll (A-Trak Remix)
E'rting,Maps,Yeah Yeah Yeahs,Fever To Tell (Explicit Version)
E'rting,Gold Lion,Yeah Yeah Yeahs,Show Your Bones
E'rting,96 Degrees In The Shade,Third World,96 Degrees In The Shade
E'rting,Now That We've Found Love - Single Version,Third World,The Best Of Third World 20th Century Masters The Millennium Collection
E'rting,Sea of Love,Cat Power,The Covers Record
E'rting,Extreme Ways,Moby,18 & 18 B-Sides
E'rting,In This World,Moby,18 & 18 B-Sides
E'rting,Porcelain,Moby,Play & Play: B Sides
E'rting,The Son of Flynn - Remixed by Moby,"Daft Punk, Moby",TRON: Legacy Reconfigured
E'rting,Flower,Moby,Play & Play: B Sides
E'rting,Natural Blues,Moby,Play & Play: B Sides
E'rting,Why Does My Heart Feel So Bad?,Moby,Play & Play: B Sides
E'rting,South Side,Moby,Play & Play: B Sides
E'rting,So Good,Stick Figure,Burnin' Ocean
E'rting,Jumper,Third Eye Blind,Rhino Hi-Five: Third Eye Blind
E'rting,Big City Life,Mattafix,Signs Of A Struggle
E'rting,Inside Out,Eve 6,Eve 6
E'rting,For Your Love,The Yardbirds,The Best Of The Yardbirds
E'rting,Carolina in My Mind,James Taylor,Greatest Hits
E'rting,Country Road,James Taylor,Greatest Hits
E'rting,Fire and Rain,James Taylor,Greatest Hits
E'rting,The One That Got Away,The Civil Wars,The One That Got Away
E'rting,Poison & Wine,The Civil Wars,Barton Hollow
E'rting,One Week,Barenaked Ladies,Stunt
E'rting,Round And Round,Imagine Dragons,Night Visions (Deluxe)
E'rting,Shake It Out,Florence + The Machine,Ceremonials (Deluxe Edition)
E'rting,Jerk It Out,Soundclash,Come On Feel The Noise
E'rting,The Longest Time,Billy Joel,The Essential Billy Joel
E'rting,Piano Man,Billy Joel,The Essential Billy Joel
E'rting,We Didn't Start the Fire,Billy Joel,The Essential Billy Joel
E'rting,Uptown Girl,Billy Joel,The Essential Billy Joel
E'rting,It's Still Rock and Roll to Me,Billy Joel,The Essential Billy Joel
E'rting,In the Summertime (Re-Recorded),Mungo Jerry,Bubble Gum Jukebox Hits
E'rting,Fly Like An Eagle,Steve Miller Band,Fly Like An Eagle
E'rting,Jet Airliner - 2003 Digital Remaster,Steve Miller Band,Jet Airliner
E'rting,Rock'n Me,Steve Miller Band,Fly Like An Eagle
E'rting,Taro,alt-J,An Awesome Wave
E'rting,Spill The Wine,"Eric Burdon, War",Boogie Nights / Music From The Original Motion Picture
E'rting,Na Na Hey Hey Kiss Him Goodbye,Steam,All-Star Sports Jams
E'rting,Tubthumping,Chumbawamba,All-Star Sports Jams
E'rting,Wooly Bully,Sam The Sham & The Pharaohs,All-Star Sports Jams
E'rting,Jump Around,House Of Pain,House Of Pain
E'rting,Sweet Caroline,Neil Diamond,Love Songs
E'rting,Venus,Shocking Blue,Ik Houd Van Holland Volume 1
E'rting,Up Around The Bend,Creedence Clearwater Revival,The Long Road Home - The Ultimate John Fogerty / Creedence Collection
E'rting,Peace Train,Yusuf / Cat Stevens,The Very Best Of Cat Stevens
E'rting,Express Yourself,Charles Wright & The Watts 103rd Street Rhythm Band,Express Yourself
E'rting,It's A Hard Rain Gonna Fall,Leon Russell,Retrospective
E'rting,December (45 Version),Collective Soul,December / Gel [Digital 45]
E'rting,Black Hole Sun,Soundgarden,Telephantasm
E'rting,The Sign,Ace of Base,Greatest Hits
E'rting,Two Princes,Spin Doctors,Pocket Full Of Kryptonite
E'rting,What It's Like [Amended Version],Everlast,Whitey Ford Sings The Blues [Amended]
E'rting,Karma Police,Radiohead,OK Computer
E'rting,Nothin' But The Taillights,Clint Black,Nothin' But The Taillights
E'rting,Callin' baton Rouge,Country Music Masters,The Greatest Hits - Volume 1 - Garth Brooks Tribute
E'rting,Peponi (Paradise),"The Piano Guys, Alex Boyé",The Piano Guys
E'rting,Chasing Cars,Snow Patrol,Eyes Open
E'rting,We Are Family,Sister Sledge,We Are Family / Easier To Love [Digital 45]
E'rting,"A Complicated Song (Parody of ""Complicated"" by Avril Lavigne)","""Weird Al"" Yankovic",Poodle Hat
E'rting,"White & Nerdy (Parody of ""Ridin'"" by Chamillionaire feat. Krayzie Bone)","""Weird Al"" Yankovic",Straight Outta Lynwood
E'rting,"Amish Paradise (Parody of ""Gangsta's Paradise"" by Coolio)","""Weird Al"" Yankovic","The Essential ""Weird Al"" Yankovic"
E'rting,"Party In the CIA (Parody of ""Party In The U.S.A."" by Miley Cyrus)","""Weird Al"" Yankovic",Alpocalypse
E'rting,"Ebay (Parody of ""I Want It That Way"" by the Backstreet Boys)","""Weird Al"" Yankovic","The Essential ""Weird Al"" Yankovic"
E'rting,Blister in the Sun - 2002 Remastered Version,Violent Femmes,Violent Femmes
E'rting,Crazy Little Thing Called Love - Remastered 2011,Queen,Queen 40 Limited Edition Collector's Box Set Vol. 2
E'rting,American Pie,Don McLean,The Best Of Don McLean
E'rting,"Moves Like Jagger - Studio Recording From ""The Voice"" Performance","Maroon 5, Christina Aguilera",Hands All Over
E'rting,Daylight,Maroon 5,Overexposed (Deluxe)
E'rting,Love Somebody,Maroon 5,Overexposed (Deluxe)
E'rting,Sunday Morning,Maroon 5,Songs About Jane
E'rting,Wouldn't It Be Nice - Remastered 1999,The Beach Boys,The Beach Boys Love Songs
E'rting,Amber,311,Greatest Hits '93 - '03
E'rting,Forever Young - 2008 Remaster,Rod Stewart,The Definitive Rod Stewart
E'rting,Get Lucky (Radio Edit) [feat. Pharrell Williams and Nile Rodgers],"Daft Punk, Pharrell Williams, Nile Rodgers",Get Lucky (Radio Edit) [feat. Pharrell Williams and Nile Rodgers]
E'rting,Skyrim,Acoustic Labs,Desert Walk
E'rting,Dog Days Are Over,Florence + The Machine,Lungs (Deluxe Edition)
E'rting,Animal,Miike Snow,Miike Snow
E'rting,Black & Blue,Miike Snow,Miike Snow (Deluxe Edition)
E'rting,Hearts Like Ours,The Naked And Famous,In Rolling Waves
E'rting,Royals,Lorde,The Love Club EP
E'rting,Don't Believe A Thing I Say,Jack Johnson,From Here To Now To You
E'rting,Super Rad,The Aquabats!,The Fury of the Aquabats
E'rting,Fashion Zombies!,The Aquabats!,Charge!!
E'rting,Pizza Day,The Aquabats!,"Myths, Legends and Other Amazing Adventures Vol. 2"
E'rting,Reflektor,Arcade Fire,Reflektor
E'rting,E=MC2,Big Audio Dynamite,This Is Big Audio Dynamite
E'rting,Medicine Show,Big Audio Dynamite,This Is Big Audio Dynamite
E'rting,The Bottom Line,Big Audio Dynamite,This Is Big Audio Dynamite
E'rting,The Globe,Big Audio Dynamite,Super Hits
E'rting,C'mon Every Beatbox,Big Audio Dynamite,"No. 10, Upping St."
E'rting,Rush - Single Version,Big Audio Dynamite,Planet Bad Greatest Hits
E'rting,Paranoid Android,Radiohead,OK Computer (Collector's Edition)
E'rting,Ways to Go,GROUPLOVE,Spreading Rumours (Deluxe)
E'rting,Tom Sawyer,Rush,Moving Pictures (2011 Remaster)
E'rting,Limelight,Rush,Moving Pictures (2011 Remaster)
E'rting,The Spirit Of Radio,Rush,Gold
E'rting,YYZ,Rush,Moving Pictures (2011 Remaster)
E'rting,Working Man,Rush,Gold
E'rting,Closer To The Heart,Rush,Gold
E'rting,Far Cry,Rush,Snakes & Arrows
E'rting,The Summer,Coconut Records,Davy
E'rting,Best Day Of My Life,American Authors,Best Day Of My Life
E'rting,Sonnet,The Verve,Urban Hymns
E'rting,Shiny Happy People,R.E.M.,Out Of Time (U.S. Version)
E'rting,Losing My Religion,R.E.M.,Out Of Time (U.S. Version)
E'rting,Everybody Hurts,R.E.M.,Automatic For The People (U.S. Version)
E'rting,It's The End Of The World As We Know It (And I Feel Fine),R.E.M.,Document (R.E.M. No. 5)
E'rting,Man On The Moon,R.E.M.,"In Time: The Best Of R.E.M., 1988-2003 (U.S. Version)"
E'rting,Christmas TV,Slow Club,Christmas Thanks For Nothing EP
E'rting,Wild Blue Milk,Slow Club,It Doesn't Have To Be Beautiful
E'rting,Trophy Room,Slow Club,"Yeah, So"
E'rting,When I Go,Slow Club,"Yeah, So"
E'rting,Giving Up On Love,Slow Club,"Yeah, So"
E'rting,"I Was Unconscious, It Was A Dream",Slow Club,"Yeah, So"
E'rting,It Doesn't Have To Be Beautiful,Slow Club,"Yeah, So"
E'rting,There Is No Good Way To Say I'm Leaving You,Slow Club,"Yeah, So"
E'rting,Because We're Dead,Slow Club,"Yeah, So"
E'rting,Dance 'Til The Morning Light,Slow Club,"Yeah, So"
E'rting,Sorry About The Doom,Slow Club,"Yeah, So"
E'rting,Come On Youth,Slow Club,"Yeah, So"
E'rting,Apples And Pairs,Slow Club,"Yeah, So"
E'rting,Our Most Brilliant Friends,Slow Club,"Yeah, So"
E'rting,Two Cousins,Slow Club,Paradise
E'rting,If We're Still Alive,Slow Club,Paradise
E'rting,Never Look Back,Slow Club,Paradise
E'rting,Where I'm Walking,Slow Club,Paradise
E'rting,Hackney Marsh,Slow Club,Paradise
E'rting,Beginners,Slow Club,Paradise
E'rting,"You, Earth or Ash",Slow Club,Paradise
E'rting,Gold Mountain,Slow Club,Paradise
E'rting,The Dog,Slow Club,Paradise
E'rting,Horses Jumping,Slow Club,Paradise
E'rting,"Stay Alive - From ""The Secret Life of Walter Mitty"" Soundtrack",José González,Stay Alive (From The Secret Life Of Walter Mitty)
E'rting,Step Out,José González,Step Out (From The Secret Life Of Walter Mitty)
E'rting,Reflektor,Arcade Fire,Reflektor
E'rting,Ain't No Mountain High Enough - Stereo Version,"Marvin Gaye, Tammi Terrell",The Very Best Of Marvin Gaye
E'rting,How Sweet It Is (To Be Loved By You),Marvin Gaye,20th Century Masters: The Millennium Collection-Best Of Marvin Gaye-Volume 1-The 60's
E'rting,Sexual Healing,Marvin Gaye,Platinum R&B Party
E'rting,A Song for You,Donny Hathaway,A Donny Hathaway Collection
E'rting,You Can't Hurry Love,The Supremes,Favorites
E'rting,"I Can’t Help Myself (Sugar Pie, Honey Bunch)",Four Tops,Golden Moments
E'rting,"Reach Out, I'll Be There",Four Tops,Motor City Hits - Real Music Is Back
E'rting,Dayvan Cowboy,Boards of Canada,In The Air
E'rting,Small Memory,Jon Hopkins,Insides
E'rting,Classical Gas,Mason Williams,Rhino Hi-Five: Mason Williams
E'rting,Orinoco Flow - 2009 Remaster,Enya,The Very Best of Enya (Deluxe Edition)
E'rting,Only Time,Enya,The Very Best of Enya (Deluxe Edition)
E'rting,Wasting My Life,The Hippos,Heads Are Gonna Roll
E'rting,lovers’ carvings,Bibio,Ambivalence Avenue
E'rting,Anagram,Young the Giant,Mind Over Matter
E'rting,It's About Time,Young the Giant,Mind Over Matter
E'rting,Crystallized,Young the Giant,Mind Over Matter
E'rting,Mind Over Matter,Young the Giant,Mind Over Matter
E'rting,Daydreamer,Young the Giant,Mind Over Matter
E'rting,Firelight,Young the Giant,Mind Over Matter
E'rting,Camera,Young the Giant,Mind Over Matter
E'rting,In My Home,Young the Giant,Mind Over Matter
E'rting,Eros,Young the Giant,Mind Over Matter
E'rting,Teachers,Young the Giant,Mind Over Matter
E'rting,Waves,Young the Giant,Mind Over Matter
E'rting,Paralysis,Young the Giant,Mind Over Matter
E'rting,Halo Theme Song,William Joseph & Lindsey Stirling,Halo Theme Song
E'rting,Pompeii,Bastille,All This Bad Blood
E'rting,Things We Lost In The Fire,Bastille,All This Bad Blood
E'rting,The Girl,City and Colour,The MySpace Transmissions
E'rting,Just Like Heaven,The Cure,Greatest Hits
E'rting,Boys Don't Cry,The Cure,Greatest Hits
E'rting,Bad Blood,Bastille,Bad Blood
E'rting,Pompeii - Kat Krazy Remix,"Bastille, Kat Krazy",Remixed
E'rting,Of The Night,Bastille,All This Bad Blood
E'rting,Oblivion,Bastille,Bad Blood
E'rting,Overjoyed,Bastille,Bad Blood
E'rting,Icarus,Bastille,Bad Blood
E'rting,Kemosabe,Everything Everything,Arc
E'rting,Cough Cough,Everything Everything,Arc
E'rting,Kemosabe,Everything Everything,Arc
E'rting,Choice Mountain,Everything Everything,Arc
E'rting,Young Love (feat. Laura Marling),"Mystery Jets, Laura Marling",Twenty One
E'rting,Two Doors Down,Mystery Jets,Twenty One
E'rting,Save It For Later,The English Beat,Keep The Beat: The Very Best Of The English Beat
E'rting,Brown Eyed Girl,Reel Big Fish,"Fame, Fortune, And Fornication"
E'rting,Take On Me,Reel Big Fish,The Best Of Us For The Rest Of Us
E'rting,Drinking for 11,Mad Caddies,Just One More
E'rting,Backyard,Mad Caddies,Keep It Going
E'rting,State of Mind,Mad Caddies,Keep It Going
E'rting,You,Mustard Plug,Masterpieces: 1991-2002
E'rting,Mr Smiley,Mustard Plug,Masterpieces: 1991-2002
E'rting,Hit Me! Hit Me!,Mustard Plug,In Black And White
E'rting,Brain on Ska,Mustard Plug,Masterpieces: 1991-2002
E'rting,The Three of Us,Streetlight Manifesto,The Hands That Thieve
E'rting,Keasbey Nights,Streetlight Manifesto,Keasbey Nights
E'rting,Dear Sergio,Catch 22,Keasbey Nights
E'rting,Adam's Song,blink-182,Enema Of The State
E'rting,I Miss You,blink-182,blink-182 (explicit version) [Explicit Version]
E'rting,All The Small Things,blink-182,Enema Of The State
E'rting,Basket Case,Green Day,Dookie
E'rting,Wake Me up When September Ends,Green Day,American Idiot (Deluxe)
E'rting,21 Guns,Green Day,21st Century Breakdown
E'rting,When I Come Around,Green Day,Dookie
E'rting,Beverly Hills,Weezer,Make Believe
E'rting,Pork And Beans,Weezer,Weezer
E'rting,The Middle,Jimmy Eat World,Bleed American (Deluxe Edition)
E'rting,Wonderwall,Oasis,(What's The Story) Morning Glory
E'rting,Don't Look Back In Anger,Oasis,(What's The Story) Morning Glory
E'rting,Champagne Supernova,Oasis,(What's The Story) Morning Glory
E'rting,Remember Me As A Time Of Day,Explosions In The Sky,"How Strange, Innocence"
E'rting,Your Hand In Mine,Explosions In The Sky,The Earth Is Not a Cold Dead Place
E'rting,First Breath After Coma,Explosions In The Sky,The Earth Is Not a Cold Dead Place
E'rting,First Breath After Coma,Explosions In The Sky,The Earth Is Not a Cold Dead Place
E'rting,The Only Moment We Were Alone,Explosions In The Sky,The Earth Is Not a Cold Dead Place
E'rting,Last Known Surroundings,Explosions In The Sky,"Take Care, Take Care, Take Care"
E'rting,A Song for Our Fathers,Explosions In The Sky,"How Strange, Innocence"
E'rting,I Follow Rivers,Lykke Li,Wounded Rhymes
E'rting,Ain't No Rest for the Wicked,Cage The Elephant,Cage The Elephant
E'rting,Come a Little Closer,Cage The Elephant,Come a Little Closer
E'rting,"Dance, Dance, Dance",Lykke Li,Youth Novels
E'rting,Little Bit,Lykke Li,Youth Novels
E'rting,Electric Feel,MGMT,Oracular Spectacular
E'rting,Kids,MGMT,Oracular Spectacular
E'rting,The Youth,MGMT,Oracular Spectacular
E'rting,Holding on for Life,"Broken Bells, Danger Mouse, James Mercer",Holding on for Life
E'rting,The High Road,"Broken Bells, Danger Mouse, James Mercer",Broken Bells
E'rting,Up Up Up,GIVERS,In Light
E'rting,Saw You First,GIVERS,In Light
E'rting,Noche Nada,GIVERS,In Light
E'rting,Meantime,GIVERS,In Light
E'rting,Ceiling of Plankton,GIVERS,In Light
E'rting,Paper Planes,M.I.A.,Kala
E'rting,Osaka Loop Line,Discovery,LP
E'rting,Swing Tree,Discovery,LP
E'rting,Osaka Loop Line,Discovery,LP
E'rting,Orange Shirt,Discovery,LP
E'rting,So Insane,Discovery,LP
E'rting,Slang Tang,Discovery,LP
E'rting,Deadbeat Summer,Neon Indian,Mind Ctrl: Psychic Chasms Possessed
E'rting,Polish Girl,Neon Indian,Era Extraña
E'rting,Girls Just Want to Have Fun,STRFKR,Jupiter (2012)
E'rting,Rawnald Gregory Erickson the Second,STRFKR,Starfucker
E'rting,Zimbabwe,New Navy,Uluwatu
E'rting,Oceans,New Navy,Uluwatu
E'rting,Sand Dollars,311,Stereolithic
E'rting,I'll Be Here Awhile,311,Greatest Hits '93 - '03
E'rting,Time,Hans Zimmer,Inception (Music from the Motion Picture)
E'rting,Grandma Looks,Desert Noises,27 Ways
E'rting,Out of My Head,Desert Noises,27 Ways
E'rting,Mice in the Kitchen,Desert Noises,27 Ways
E'rting,Run Through the Woods,Desert Noises,27 Ways
E'rting,Follow You Out,Desert Noises,27 Ways
E'rting,Shiver,Desert Noises,27 Ways
E'rting,Elephant's Bed,Desert Noises,27 Ways
E'rting,Keys on the Table,Desert Noises,27 Ways
E'rting,What the World Made,Desert Noises,27 Ways
E'rting,Wild Dreams,Desert Noises,27 Ways
E'rting,Angels,Desert Noises,27 Ways
E'rting,Dime in My Pocket,Desert Noises,27 Ways
E'rting,Paloma,We Are Wolves,Invisible Violence
E'rting,Two Step,Bear Mountain,Xo
E'rting,Congo,Bear Mountain,Xo
E'rting,Every Other Freckle,alt-J,Every Other Freckle
E'rting,Hero,Family of the Year,Loma Vista
E'rting,Landslide,Fleetwood Mac,Fleetwood Mac
E'rting,Go Your Own Way - 2004 Remaster,Fleetwood Mac,Rumours
E'rting,Let The Drummer Kick,Citizen Cope,Citizen Cope
E'rting,Breathe,Feder,Breathe
E'rting,We Rise,San Holo,We Rise
E'rting,Bad Karma,Axel Thesleff,Bad Karma
E'rting,Fire on the Horizon,Stick Figure,Set in Stone
E'rting,Above the Storm,Stick Figure,Above the Storm
E'rting,Coming Home,Stick Figure,Burial Ground
E'rting,World on Fire (with Slightly Stoopid),"Stick Figure, Slightly Stoopid",World on Fire (with Slightly Stoopid)
E'rting,Sound of the Sea,Stick Figure,Set in Stone
E'rting,Choice Is Yours (with Slightly Stoopid),"Stick Figure, Slightly Stoopid",Set in Stone
E'rting,Breathe,Stick Figure,Burial Ground
E'rting,Sit Next to Me,Foster The People,Sacred Hearts Club
E'rting,The Sound of Silence,Simon & Garfunkel,The Graduate
E'rting,The Sound of Silence,Disturbed,Immortalized
E'rting,Kiss This,The Struts,Everybody Wants
E'rting,Could Have Been Me,The Struts,Everybody Wants
E'rting,Roll Up,The Struts,Everybody Wants
E'rting,Club Foot,Kasabian,Kasabian
E'rting,Re-Wired,Kasabian,Velociraptor!
E'rting,I Predict A Riot,Kaiser Chiefs,Employment
E'rting,Louder,Kid Karate,Kid Karate
E'rting,It Ain't Easy,Long Beach Dub Allstars,Wonders Of The World
E'rting,Santeria,Sublime,Sublime
E'rting,The Dark Side,Muse,Simulation Theory (Super Deluxe)
E'rting,Pressure,Muse,Simulation Theory (Super Deluxe)
E'rting,Sing Along,Sturgill Simpson,SOUND & FURY
E'rting,Four Days Straight,Scattered Trees,Sympathy
E'rting,Don't Let It Pass,Junip,Fields (Deluxe Edition)
E'rting,Line Of Fire,Junip,Junip
E'rting,Far Away,Junip,Fields (Deluxe Edition)
E'rting,The Distance,CAKE,Fashion Nugget
E'rting,Never There,CAKE,Prolonging the Magic
E'rting,Hurt,Johnny Cash,American IV: The Man Comes Around
E'rting,Ring of Fire,Johnny Cash,Ring Of Fire: The Best Of Johnny Cash
E'rting,Highwayman,"The Highwaymen, Willie Nelson, Johnny Cash, Waylon Jennings, Kris Kristofferson",Highwayman
E'rting,"Folsom Prison Blues - Live at Folsom State Prison, Folsom, CA - January 1968",Johnny Cash,At Folsom Prison
E'rting,Girl from the North Country,"Bob Dylan, Johnny Cash",Nashville Skyline
E'rting,I Walk The Line - Single Version,"Johnny Cash, The Tennessee Two",Sings the Songs that Made Him Famous
E'rting,The Man Comes Around,Johnny Cash,American IV: The Man Comes Around
E'rting,God's Gonna Cut You Down,Johnny Cash,American V: A Hundred Highways
E'rting,Jackson,"Johnny Cash, June Carter Cash",Carryin' On With Johnny Cash And June Carter
E'rting,(Ghost) Riders in the Sky,Johnny Cash,Silver
E'rting,Don't Take Your Guns to Town,Johnny Cash,The Essential Johnny Cash
E'rting,Helplessly Hoping - 2005 Remaster,"Crosby, Stills & Nash","Crosby, Stills & Nash"
E'rting,Southern Cross - 2005 Remaster,"Crosby, Stills & Nash",Daylight Again (Deluxe Edition)
E'rting,Suite: Judy Blue Eyes - 2005 Remaster,"Crosby, Stills & Nash","Crosby, Stills & Nash"
E'rting,Love the One You're With,"Crosby, Stills & Nash",Replay
E'rting,Wish I Knew You,The Revivalists,Men Amongst Mountains
E'rting,The Rubberband Man,The Spinners,The Rubberband Man / Now That We're Together
E'rting,Smooth Criminal,Sandaru Sathsara,Smooth Criminal
E'rting,only wanna dance,almost monday,only wanna dance
E'rting,Changes,Black Sabbath,The Ultimate Collection
E'rting,Changes,"Charles Bradley, The Budos Band",Changes
E'rting,Wicked Game,Chris Isaak,Heart Shaped World
E'rting,Peaches,Jack Black,The Super Mario Bros. Movie (Original Motion Picture Soundtrack)
E'rting,Fire,Barns Courtney,The Attractions Of Youth
E'rting,Glitter & Gold,Barns Courtney,The Attractions Of Youth
E'rting,Ruined,Tribal Seeds,Representing
E'rting,Moonlight,Tribal Seeds,Representing
E'rting,Ends,Everlast,Whitey Ford Sings the Blues
E'rting,Johnny B. Goode,Chuck Berry,Berry Is On Top
E'rting,Roll Over Beethoven,Chuck Berry,Berry Is On Top
E'rting,Heart of Courage,"Thomas Bergersen, Two Steps from Hell",Invincible
E'rting,Un Velero Llamado Libertad,José Luis Perales,Tiempo de otoño
E'rting,Un Velero Llamado Libertad,"Carlos Rivera, José Luis Perales",Un Velero Llamado Libertad
E'rting,Hi-Yo,Ruen Brothers,Ten Paces
E'rting,The Pretender,Foo Fighters,"Echoes, Silence, Patience & Grace"
E'rting,Best of You,Foo Fighters,In Your Honor
E'rting,Everlong,Foo Fighters,The Colour And The Shape
E'rting,Learn to Fly,Foo Fighters,There Is Nothing Left To Lose
E'rting,Times Like These,Foo Fighters,One By One (Expanded Edition)
E'rting,Farewell Appalachia,Stornoway,Tales from Terra Firma
E'rting,Speed of Sound,Coldplay,X&Y
E'rting,Yellow,Coldplay,Parachutes
E'rting,Viva La Vida,Coldplay,Viva La Vida or Death and All His Friends
E'rting,The Scientist,Coldplay,A Rush of Blood to the Head
E'rting,Unchained Melody,The Righteous Brothers,Just Once In My Life
E'rting,Think Twice,Eve 6,It's All In Your Head
E'rting,Come As You Are,Nirvana,Nevermind (Remastered)
E'rting,My Hero,Foo Fighters,The Colour And The Shape
E'rting,Buddy Holly,Weezer,Weezer (Deluxe Edition)
E'rting,Cold Cold Man,Saint Motel,My Type EP
E'rting,My Type,Saint Motel,My Type EP
E'rting,Palladio: I. Allegretto,"Karl Jenkins, Carmine Lauri, David Alberman, London Symphony Orchestra",Quirk
E'rting,She Calls Me Love,Banda AL9,She Calls Me Love
E'rting,Peace Somehow,Avi Kaplan,Peace Somehow
E'rting,Tear in My Heart,Twenty One Pilots,Blurryface
E'rting,Stressed Out,Twenty One Pilots,Blurryface
E'rting,Ride,Twenty One Pilots,Blurryface
E'rting,Heathens,Twenty One Pilots,Heathens
E'rting,Doubt,Twenty One Pilots,Blurryface
E'rting,Routines In The Night,Twenty One Pilots,Clancy
E'rting,Drum Show,Twenty One Pilots,Breach
E'rting,Blinding Lights,The Weeknd,After Hours
E'rting,The Wreck of the Edmund Fitzgerald,Gordon Lightfoot,Summertime Dream
E'rting,Adiemus,"Karl Jenkins, Mike Ratledge, Jody K. Jenkins, Adiemus, London Philharmonic Orchestra, Mary Carewe",Adiemus - Songs Of Sanctuary
E'rting,Big Bad John,Jimmy Dean,The Best Of Jimmy Dean
E'rting,Big Iron,Marty Robbins,Gunfighter Ballads And Trail Songs
E'rting,"Bad, Bad Leroy Brown",Jim Croce,Life & Times
E'rting,The Ecstasy Of Gold - 2004 Remaster,Ennio Morricone,"The Good, The Bad And The Ugly [Original Motion Picture Soundtrack / (Remastered & Expanded)]"
E'rting,Jack Sparrow,Hans Zimmer,Pirates of the Caribbean: Dead Man's Chest (Original Motion Picture Soundtrack)
E'rting,"The Good, The Bad And The Ugly - 2004 Remaster",Ennio Morricone,"The Good, The Bad And The Ugly [Original Motion Picture Soundtrack / (Remastered & Expanded)]"
E'rting,The Legend of Zelda: Ocarina of Time - Gerudo Valley,Retro Remix Revue,"Retro Remix Revue, Vol. 2"
Daniel's album,Tomando Vuelo,Pakyderm,Pakyderm
Daniel's album,Missing,Pakyderm,Pakyderm
Daniel's album,"Chunky, Mi",Pakyderm,Pakyderm
Daniel's album,Bootsy,Pakyderm,Pakyderm
Daniel's album,Auburn Nights,Pakyderm,Pakyderm
Daniel's album,Big,Pakyderm,Pakyderm
Daniel's album,Elephants on Parade,Pakyderm,Pakyderm
Daniel's album,Mondo Duke,Pakyderm,Pakyderm
Daniel's album,Grits,Pakyderm,Pakyderm
Daniel's album,The Coffee Grinder,Pakyderm,Pakyderm
Daniel's album,A Hymn for Me,Pakyderm,Pakyderm
WhereTrailEndz,Two Step,Bear Mountain,XO
WhereTrailEndz,I Could Go,Oberhofer,Time Capsules II
WhereTrailEndz,Cloud Shadow on the Mountain,Wolf Parade,EXPO 86
WhereTrailEndz,Beat the Devil's Tattoo,Black Rebel Motorcycle Club,Beat the Devil's Tattoo
WhereTrailEndz,Death Watch,Alias,Resurgam
WhereTrailEndz,I Bought My Eyes,Ty Segall Band,Slaughterhouse
WhereTrailEndz,Dougou Badia (feat. Santigold),"Amadou & Mariam, Santigold",Folila
WhereTrailEndz,Property Lines,Dusted,Total Dust
WhereTrailEndz,Paloma,We Are Wolves,Invisible Violence
WhereTrailEndz,Wicked Games,We Are Wolves,Wrong
WhereTrailEndz,Drive It Like You Stole It,The Glitch Mob,Drink the Sea
WhereTrailEndz,Reservoir Park,The Dutchess & The Duke,"She's the Dutchess, He's the Duke"
WhereTrailEndz,Bugs,O'Death,Outside
WhereTrailEndz,Remote Lines,Seb Taylor,The Remote Lines EP
WhereTrailEndz,Requiem,Go-qualia,Puella Magi
WhereTrailEndz,When I Grow Up,First Aid Kit,Ghost Town - Single
Main,"Perfect Pint (feat. Kendrick Lamar, Gucci Mane & Rae Sremmurd)","Mike WiLL Made-It, Kendrick Lamar, Gucci Mane, Rae Sremmurd",Ransom 2
Main,From The D To The A (feat. Lil Yachty),"Tee Grizzley, Lil Yachty",From The D To The A (feat. Lil Yachty)
Main,Wrong (feat. A$AP Rocky & A$AP Ferg),"A$AP Mob, A$AP Rocky, A$AP Ferg",Wrong (feat. A$AP Rocky & A$AP Ferg)
Main,DNA.,Kendrick Lamar,DAMN.
Main,Killing Spree,"Logic, Ansel Elgort",Everybody
Main,Too Many Years,"Kodak Black, PnB Rock",Lil Big Pac
Main,Both (feat. Drake & Lil Wayne) - Remix,"Gucci Mane, Drake, Lil Wayne",Both (feat. Drake & Lil Wayne) [Remix]
Main,Knew Enough,Mark Battles,Until September
Main,"RAF (feat. A$AP Rocky, Playboi Carti, Quavo, Lil Uzi Vert & Frank Ocean)","A$AP Mob, A$AP Rocky, Playboi Carti, Quavo, Lil Uzi Vert, Frank Ocean","RAF (feat. A$AP Rocky, Playboi Carti, Quavo, Lil Uzi Vert & Frank Ocean)"
Main,Smoked,"Chief Keef, Lil Duke",Smoked
Main,Swang,Rae Sremmurd,SremmLife 2 (Deluxe)
Main,Swimming Pools (Drank),Kendrick Lamar,Swimming Pools (Drank)
Main,First Day Out,Kodak Black,First Day Out
Main,BUTTERFLY EFFECT,Travis Scott,BUTTERFLY EFFECT
Main,"Gang Up (with Young Thug, 2 Chainz & Wiz Khalifa feat. PnB Rock)","Young Thug, 2 Chainz, Wiz Khalifa, PnB Rock","Gang Up (with Young Thug, 2 Chainz & Wiz Khalifa feat. PnB Rock)"
Main,The Gunner,mgk,bloom
Main,No Complaints,"Metro Boomin, Offset, Drake",No Complaints
Main,No Effort,Tee Grizzley,My Moment
Main,745,Vince Staples,Big Fish Theory
Main,5 Million Intro,Gucci Mane,Droptopwop
Main,Pose To,"Zaytoven, Yung L.A., Bankroll Fresh, Twista",Pose To
Main,Pillow Talking (feat. Brain),"Lil Dicky, Brain",Professional Rapper
Main,Lemme Freak,Lil Dicky,Professional Rapper
Main,$ave Dat Money (feat. Fetty Wap & Rich Homie Quan),"Lil Dicky, Fetty Wap, Rich Homie Quan",Professional Rapper
Main,Skateboard P (feat. Big Sean),"MadeinTYO, Big Sean",Skateboard P (feat. Big Sean)
Main,Heisman (feat. Tyga),"Honey C, Tyga",Heisman (feat. Tyga)
Main,Baller Alert,"Tyga, Rick Ross, 2 Chainz",Baller Alert (feat. Rick Ross & 2 Chainz) - Single
Main,Bitches N Marijuana (feat. ScHoolboy Q),"Chris Brown, Tyga, ScHoolboy Q",Fan of A Fan The Album (Expanded Edition)
Main,Rack City,Tyga,Careless World: Rise Of The Last King
Main,Ice Cream Man,Tyga,Fuk Wat They Talkin Bout
Main,Ride Out,"Kid Ink, Tyga, Wale, YG, Rich Homie Quan",Furious 7: Original Motion Picture Soundtrack
Main,Stimulated,Tyga,Fuk Wat They Talkin Bout
Main,Look At Me!,XXXTENTACION,Look At Me!
Main,Uppercuts,Terror Reid,Uppercuts
Main,Fuckthepopulation,$uicideboy$,Songsthatwewontgetsuedforbutattheendofthedayweallgonnadieanyway
Main,Who Dat?,"Terror Reid, Getter",Who Dat?
Main,Hasta Luego,JID,Hasta Luego
Main,Lit (feat. Gucci Mane & T-Pain) (feat. Gucci Mane & T-Pain),"Steve Aoki, Yellow Claw, Gucci Mane, T-Pain",Lit (feat. Gucci Mane & T-Pain) (feat. Gucci Mane & T-Pain)
Main,Digits,Young Thug,Slime Season 3
Main,Hell & Back,Kid Ink,Up & Away
Main,Supersoaka,Kid Ink,Supersoaka
Main,"Horses (with PnB Rock, Kodak Black & A Boogie Wit da Hoodie)","PnB Rock, Kodak Black, A Boogie Wit da Hoodie","Horses (with PnB Rock, Kodak Black & A Boogie Wit da Hoodie)"
Main,NAV,NAV,NAV
Main,Stoner,Young Thug,Stoner
Main,Rollin' Like A Stoner,VIC MENSA,The Manuscript
Main,outside,Travis Scott,Birds In The Trap Sing McKnight
Main,Old English,"Young Thug, A$AP Ferg, Freddie Gibbs",Old English
Main,Bank Account,21 Savage,Issa Album
Main,Teterboro Flow,Tyga,Bitch I'm the Shit 2
Main,Playboy,"Tyga, Vince Staples",Bitch I'm the Shit 2
Main,Feel Me,"Tyga, Kanye West",Bitch I'm the Shit 2
Main,End Of The Road,"mgk, blackbear",Lace Up (Deluxe)
Main,On My Level (feat. Too $hort),"Wiz Khalifa, Too $hort",Rolling Papers
Main,Cash Money,Tyga,Cash Money - Single
Main,Magnolia,Playboi Carti,Playboi Carti
Main,"Castro (feat. Kanye West, Big Sean, Quavo & 2 Chainz)","Yo Gotti, Kanye West, Big Sean, Quavo, 2 Chainz",White Friday (CM9)
Main,Silence,"Marshmello, Khalid",Silence
Main,A$AP Ferg,"NAV, Metro Boomin, Lil Uzi Vert",Perfect Timing
Main,Young Dumb & Broke,Khalid,American Teen
Main,Bet They Know Now (feat. Wiz Khalifa),"Raven Felix, Wiz Khalifa",Bet They Know Now (feat. Wiz Khalifa)
Main,It's A Vibe,"2 Chainz, Ty Dolla $ign, Trey Songz, Jhené Aiko",Pretty Girls Like Trap Music
Main,Bulletproof,Brennan Savage,Bulletproof
Main,Don't Wanna Breathe,Kodak Black,Project Baby 2: All Grown Up
Main,Misunderstood,Kodak Black,Project Baby 2: All Grown Up
Main,The Recipe,Kodak Black,Project Baby 2: All Grown Up
Main,beibs in the trap,Travis Scott,Birds In The Trap Sing McKnight
Main,Step by Step,Slushii,Out of Light
Main,Liife,"Desiigner, Gucci Mane",Liife
Main,R.I.C.O. (feat. Drake),"Meek Mill, Drake",Dreams Worth More Than Money
Main,wokeuplikethis*,"Playboi Carti, Lil Uzi Vert",Playboi Carti
Main,Can't Slave Me,"Waka Flocka Flame, DJ Whoo Kid, Wildfellaz, Arman Cekin",Can't Slave Me
Main,I Get The Bag (feat. Migos),"Gucci Mane, Migos",I Get The Bag (feat. Migos)
Main,No Limit,"G-Eazy, A$AP Rocky, Cardi B",No Limit
Main,Homie (feat. Meek Mill),"Young Thug, Carnage, Young Stoner Life, Meek Mill",Homie (feat. Meek Mill)
Main,Take Ü There (feat. Kiesza),"Jack Ü, Skrillex, Diplo, Kiesza",Skrillex and Diplo present Jack Ü
Main,B2U (feat. Ian Everson,"Boombox Cartel, Ian Everson",B2U (feat. Ian Everson) [Extended Mix]
Main,Aftershock - Boombox Cartel VIP,"NGHTMRE, Boombox Cartel",Aftershock (Boombox Cartel VIP)
Main,Supernatural (feat. Anjulie),"Boombox Cartel, QUIX, Anjulie",Supernatural (feat. Anjulie)
Main,Alamo,"Boombox Cartel, Shoffy",Cartel
Main,Swarm,"WHIPPED CREAM, Hekler",Mirrors - EP
Main,Come Up,"WHIPPED CREAM, Dvnk Sinatrv",Come Up
Main,Mirrors,"WHIPPED CREAM, Hekler",Mirrors - EP
Main,Bounce (feat. King Z3us),"Zak Downtown, King Z3us",Bounce (feat. King Z3us)
Main,rockstar,"Post Malone, 21 Savage",rockstar
Main,My Way,Tyga,My Way
Main,Curve (feat. The Weeknd),"Gucci Mane, The Weeknd",Curve (feat. The Weeknd)
Main,4 AM,"2 Chainz, Travis Scott",4 AM
Main,Jefe,Boombox Cartel,Cartel
Main,Tapout,"Rich Gang, Lil Wayne, Birdman, Mack Maine, Nicki Minaj, Future",Tapout
Main,Feelins,PnB Rock,Feelins
Main,Look Alive,Rae Sremmurd,SremmLife 2 (Deluxe)
Main,Daily Basis,"Dizzy Wright, Demrick",Blaze With Us
Main,My Shit,A Boogie Wit da Hoodie,Artist
Main,U Mad,"VIC MENSA, Kanye West",U Mad
Main,Beef (feat. Meek Mill),"Tee Grizzley, Meek Mill",Beef (feat. Meek Mill)
Main,X,Lil Uzi Vert,Luv Is Rage 2
Main,Man Listen,Belly,Man Listen
Main,Blue Faces,P-Flow,Flowers
Main,PRBLMS,6LACK,FREE 6LACK
Main,Sacrifices,"Big Sean, Migos",I Decided.
Main,Stand Back,"PnB Rock, A Boogie Wit da Hoodie",GTTM: Goin Thru the Motions
Main,"Hella Hoes (feat. A$AP Rocky, A$AP Ferg, A$AP Nast & A$AP Twelvyy)","A$AP Mob, A$AP Rocky, A$AP Ferg, A$AP NAST, A$AP Twelvyy","Hella Hoes (feat. A$AP Rocky, A$AP Ferg, A$AP Nast & A$AP Twelvyy)"
Main,Ex Calling,6LACK,FREE 6LACK
Main,THat Part,"ScHoolboy Q, Kanye West",Blank Face LP
Main,Myself,NAV,NAV
Main,Met Gala (feat. Offset),"Gucci Mane, Offset",Droptopwop
Main,Roll in Peace (feat. XXXTENTACION),"Kodak Black, XXXTENTACION",Project Baby 2: All Grown Up
Main,Zones,Zak Downtown,Zones
Main,New Freezer (feat. Kendrick Lamar),"Rich The Kid, Kendrick Lamar",New Freezer (feat. Kendrick Lamar)
Main,Degenerates,Virtual Riot,Degenerates
Main,Throwback,Virtual Riot,Throw Back
Main,Buttonmasher,Virtual Riot,Throw Back
Main,bright pink tims (feat. Cam'ron),"blackbear, Cam'ron",bright pink tims (feat. Cam'ron)
Main,Crunch Time,"Monxx, MED",Crunch Time - Single
Main,Gucci Gang,Lil Pump,Lil Pump
Main,You & Me,Marshmello,You & Me
Main,PICK IT UP (feat. A$AP Rocky),"Famous Dex, A$AP Rocky",Pick It Up (feat. A$AP Rocky)
Main,Darts In The Dark,MAGIC!,Darts In The Dark
Main,Perplexing Pegasus,Rae Sremmurd,Perplexing Pegasus
Main,MotorSport,"Migos, Nicki Minaj, Cardi B",MotorSport
Main,Ghostface Killers (feat. Travis Scott),"21 Savage, Offset, Metro Boomin, Travis Scott",Without Warning
Main,Rap Saved Me (feat. Quavo),"21 Savage, Offset, Metro Boomin, Quavo",Without Warning
Main,My Choppa Hate Niggas,"21 Savage, Metro Boomin",Without Warning
Main,Ric Flair Drip (with Metro Boomin),"Offset, Metro Boomin",Without Warning
Main,Nightmare,"Offset, Metro Boomin",Without Warning
Main,Mad Stalkers,"21 Savage, Offset, Metro Boomin",Without Warning
Main,Disrespectful,"21 Savage, Offset, Metro Boomin",Without Warning
Main,Run Up the Racks,"21 Savage, Metro Boomin",Without Warning
Main,Still Serving,"21 Savage, Offset, Metro Boomin",Without Warning
Main,Darth Vader,"21 Savage, Offset, Metro Boomin",Without Warning
Main,Halloween,Kodak Black,Halloween
Main,Hello I'm Ballin,Tyga,Bugatti Raww
Main,"No Flag (feat. Nicki Minaj, 21 Savage & Offset)","London On Da Track, Nicki Minaj, 21 Savage, Offset","No Flag (feat. Nicki Minaj, 21 Savage & Offset)"
Main,Stay Focused,Wiz Khalifa,"Laugh Now, Fly Later"
Main,The Plan,G-Eazy,The Plan
Main,Global Access,Wiz Khalifa,"Laugh Now, Fly Later"
Main,The Way Life Goes (feat. Nicki Minaj & Oh Wonder) - Remix,"Lil Uzi Vert, Nicki Minaj, Oh Wonder",The Way Life Goes (feat. Nicki Minaj & Oh Wonder) [Remix]
Main,Most People Are Good,Luke Bryan,Most People Are Good
Main,Kelly Price (feat. Travis Scott),"Migos, Travis Scott",Culture
Main,All Ass,Migos,Culture
Main,Relationship (feat. Future),"Young Thug, Future",Beautiful Thugger Girls
Main,Nothin New,21 Savage,Issa Album
Main,You Da Baddest (feat. Nicki Minaj),"Future, Nicki Minaj",HNDRXX
Main,gucci linen (feat. 2 Chainz),"blackbear, 2 Chainz",gucci linen (feat. 2 Chainz)
Main,"Home (with Machine Gun Kelly, X Ambassadors & Bebe Rexha)","mgk, X Ambassadors, Bebe Rexha","Home (with Machine Gun Kelly, X Ambassadors & Bebe Rexha) [From Bright: The Album]"
Main,The Beautiful & Damned,"G-Eazy, Zoe Nash",The Beautiful & Damned
Main,Wanted You (feat. Lil Uzi Vert),"NAV, Lil Uzi Vert",Wanted You (feat. Lil Uzi Vert)
Main,Gave It All I Got,Kodak Black,Lil Big Pac
Main,Check,Young Thug,Barter 6
Main,Patek Water (feat. Offset),"Future, Young Thug, Offset",SUPER SLIMEY
Main,Wyclef Jean,Young Thug,JEFFERY
Main,No Cap,"Future, Young Thug",SUPER SLIMEY
Main,Swimming Pools (Drank),Kendrick Lamar,Swimming Pools (Drank)
Main,Candy Paint,Post Malone,Candy Paint
Main,Plain Jane,A$AP Ferg,Still Striving
Main,Codeine Dreaming (feat. Lil Wayne),"Kodak Black, Lil Wayne",Project Baby 2: All Grown Up (Deluxe Edition)
Main,Swish,mike.,These Days
Main,Sober,"G-Eazy, Charlie Puth",Sober
Main,No Smoke,YoungBoy Never Broke Again,AI YoungBoy
Main,Undefeated (feat. 21 Savage),"A Boogie Wit da Hoodie, 21 Savage",The Bigger Artist
Main,The Race,Tay-K,#SantanaWorld
Main,Pull Up N Wreck (& Metro Boomin),"Big Sean, Metro Boomin, 21 Savage",Double Or Nothing (& Metro Boomin)
Main,Savage Time (& Metro Boomin),"Big Sean, Metro Boomin",Double Or Nothing (& Metro Boomin)
Main,Danger (with Migos & Marshmello),"Migos, Marshmello",Danger (with Migos & Marshmello) [From Bright: The Album]
Main,WhatYo City Like,"Tee Grizzley, Lil Durk",WhatYo City Like
Main,20 Min,Lil Uzi Vert,Luv Is Rage 2 (Deluxe)
Main,Givenchy,DDG,Givenchy
Main,Mandatory Drug Test (feat. Young Thug),"Moneybagg Yo, YoungBoy Never Broke Again, Young Thug",Fed Baby’s
Main,Marvelous Day (feat. Lil Uzi Vert & Gunna),"Kap G, Lil Uzi Vert, Gunna",Mood
Main,Strange Thangs,Lilo Key,Strange Thangs
Main,Lean On You,Russ,Lean On You
Main,Dark Knight Dummo (Feat. Travis Scott),"Trippie Redd, Travis Scott",Dark Knight Dummo (Feat. Travis Scott)
Main,Ice Tray,"Quality Control, Quavo, Lil Yachty",Quality Control: Control The Streets Volume 1
Main,My Dawg,"Quality Control, Lil Baby, Kodak Black, Quavo, Moneybagg Yo",Quality Control: Control The Streets Volume 1
Main,Loaded,Lil Uzi Vert,Luv Is Rage 2 (Deluxe)
Main,Phone (feat. NAV),"Smokepurpp, NAV",Phone (feat. NAV)
Main,Designer,Lil Pump,Designer
Main,Eye 2 Eye,"Huncho Jack, Travis Scott, Quavo, Takeoff","Huncho Jack, Jack Huncho"
Main,Temperature,Tyga,Temperature
Main,Nowadays (feat. Landon Cube),"Lil Skies, Landon Cube",Nowadays (feat. Landon Cube)
Main,Gummo (Remix),Dayou,Gummo (Remix)
Main,Eazy (feat. Son Lux),"G-Eazy, Son Lux",The Beautiful & Damned
Main,Five Guys (feat. Migos & Young Thug),"Zaytoven, Migos, Young Thug",Zaytoven Presents: Trapping Made It Happen
Main,Low Life (feat. The Weeknd),"Future, The Weeknd",EVOL
Main,Iced Out (feat. 2 Chainz),"Lil Pump, 2 Chainz",Lil Pump
Main,D Rose,Lil Pump,Lil Pump
Main,GUMMO,6ix9ine,GUMMO
Main,Supastars,Migos,Supastars
Main,Higher We Go - Intro,Migos,Culture II
Main,Supastars,Migos,Culture II
Main,Narcos,Migos,Culture II
Main,BBO (Bad Bitches Only),"Migos, 21 Savage",Culture II
Main,Auto Pilot,Migos,Culture II
Main,Walk It Talk It,"Migos, Drake",Culture II
Main,Emoji A Chain,Migos,Culture II
Main,CC,"Migos, Gucci Mane",Culture II
Main,Stir Fry,Migos,Culture II
Main,Too Much Jewelry,Migos,Culture II
Main,Gang Gang,Migos,Culture II
Main,White Sand,"Migos, Travis Scott, Ty Dolla $ign, Big Sean",Culture II
Main,Crown the Kings,Migos,Culture II
Main,Flooded,Migos,Culture II
Main,Beast,Migos,Culture II
Main,Open It Up,Migos,Culture II
Main,MotorSport,"Migos, Nicki Minaj, Cardi B",Culture II
Main,Movin' Too Fast,Migos,Culture II
Main,Work Hard,Migos,Culture II
Main,Notice Me,"Migos, Post Malone",Culture II
Main,Too Playa,"Migos, 2 Chainz",Culture II
Main,Made Men,Migos,Culture II
Main,Top Down On Da NAWF,Migos,Culture II
Main,Culture National Anthem - Outro,Migos,Culture II
Main,You Was Right,Lil Uzi Vert,Lil Uzi Vert vs. The World
Main,Erase Your Social,Lil Uzi Vert,The Perfect LUV Tape
Main,Fuck Love,"XXXTENTACION, Trippie Redd",17
Main,Coaster,Khalid,Coaster
Main,Luving U,6LACK,FREE 6LACK
Main,God's Plan,Drake,Scary Hours
Main,Cloudy Skies,Lil Skies,Life of a Dark Rose
Main,Cocky (feat. London On Da Track),"A$AP Rocky, Gucci Mane, 21 Savage, London On Da Track",Cocky (feat. London On Da Track)
Main,Suu Whoop,YG,Suu Whoop
Main,T'd Up,Rae Sremmurd,T’d Up
Main,Look Alive (feat. Drake),"BlocBoy JB, Drake",Look Alive (feat. Drake)
Main,Psycho (feat. Ty Dolla $ign),"Post Malone, Ty Dolla $ign",Psycho (feat. Ty Dolla $ign)
Main,44 More,Logic,44 More
Main,RONDO,"6ix9ine, Tory Lanez, Young Thug",DAY69
Main,Lie Detector (feat. Lil Pump),"24hrs, Lil Pump",Lie Detector (feat. Lil Pump)
Main,Plug Walk,Rich The Kid,Plug Walk
Main,Hot at Me,DJ Chose,Hot at Me
Main,Rubbin off the Paint,YBN Nahmir,Rubbin off the Paint
Main,Everyday,"Logic, Marshmello",Everyday
Main,Solitaire (feat. Migos & Lil Yachty),"Gucci Mane, Migos, Lil Yachty",Solitaire (feat. Migos & Lil Yachty)
Main,123 (with Murda Beatz),"Smokepurpp, Murda Beatz",123 (with Murda Beatz)
Main,Audi.,Smokepurpp,Deadstar
Main,Streets Love Me (feat. Juicy J),"Smokepurpp, Juicy J",Deadstar
Main,Krispy Kreme,Smokepurpp,Deadstar
Main,"King's Dead (with Kendrick Lamar, Future & James Blake)","Jay Rock, Kendrick Lamar, Future, James Blake","King's Dead (with Kendrick Lamar, Future & James Blake)"
Main,"Hi Bich (Remix) [feat. YBN Nahmir, Rich the Kid and Asian Doll]","Bhad Bhabie, YBN Nahmir, Rich The Kid, Asian Doll","Hi Bich (Remix) [feat. YBN Nahmir, Rich the Kid and Asian Doll]"
Main,Nowadays (feat. Landon Cube),"Lil Skies, Landon Cube",Life of a Dark Rose
Main,Love Is Poison,YoungBoy Never Broke Again,Love Is Poison
Main,Outside Today,YoungBoy Never Broke Again,Outside Today
Main,Red Roses (feat. Landon Cube),"Lil Skies, Landon Cube",Life of a Dark Rose
Main,TALK TO ME NICE,"Lil Yachty, Quavo",Lil Boat 2
Main,NBAYOUNGBOAT,"Lil Yachty, YoungBoy Never Broke Again",Lil Boat 2
Main,OOPS,"Lil Yachty, 2 Chainz, K$upreme",Lil Boat 2
Main,Yuck,Logic,Bobby Tarantino II
Main,Wizard Of Oz,Logic,Bobby Tarantino II
Main,State Of Emergency,"Logic, 2 Chainz",Bobby Tarantino II
Main,Alone (Feat. Big Sean & Stefflon Don),"Halsey, Big Sean, Stefflon Don",Alone (Feat. Big Sean & Stefflon Don)
Main,Betrayed,Lil Xan,Betrayed
Main,Bosses Don't Speak,"Quality Control, Migos",Bosses Don't Speak
Main,Hellcat,"Quality Control, Quavo",Quality Control: Control The Streets Volume 1
Main,What It Do,"Quality Control, Migos",Quality Control: Control The Streets Volume 1
Main,Bosses Don't Speak,"Quality Control, Migos",Quality Control: Control The Streets Volume 1
Main,Thick & Pretty,"Quality Control, Migos",Quality Control: Control The Streets Volume 1
Main,Too Hotty,"Quality Control, Migos, Eurielle",Quality Control: Control The Streets Volume 1
Main,Kill Yourself (Part III),$uicideboy$,My Liver Will Handle What My Heart Can't
Main,Paris,$uicideboy$,Now The Moon's Rising
Main,2nd Hand,$uicideboy$,KILL YOURSELF Part XII: The Dark Glacier Saga
Main,Memoirs Of A Gorilla,$uicideboy$,Radical $uicide
Main,FUCKALLOFYOU2K18,$uicideboy$,FUCKALLOFYOU2K18
Main,Creeping (feat. Rich the Kid),"Lil Skies, Rich The Kid",Creeping (feat. Rich the Kid)
Main,Saint,"Huncho Jack, Travis Scott, Quavo","Huncho Jack, Jack Huncho"
Main,We The Ones,"Quality Control, Takeoff, Tee Grizzley",Quality Control: Control The Streets Volume 1
Main,Bounce Out With That,YBN Nahmir,Bounce Out With That
Main,Lust,Lil Skies,Life of a Dark Rose
Main,Sauce It Up,Lil Uzi Vert,Luv Is Rage 2
Main,Early Morning Trappin (feat. Trippie Redd),"Rich The Kid, Trippie Redd",Early Morning Trappin (feat. Trippie Redd)
Main,Pineapple (feat. Gucci Mane & Quavo),"Ty Dolla $ign, Gucci Mane, Quavo",Pineapple (feat. Gucci Mane & Quavo)
Main,Dubai Shit,"Huncho Jack, Travis Scott, Quavo, Offset","Huncho Jack, Jack Huncho"
Main,SAD!,XXXTENTACION,?
Main,Moonlight,XXXTENTACION,?
Main,Powerglide (feat. Juicy J),"Rae Sremmurd, Swae Lee, Slim Jxmmi, Juicy J",Powerglide (feat. Juicy J)
Main,Love Lies,"Khalid, Normani",Love Lies
Main,Hard (feat. Tay-K and BlocBoy JB),"No Jumper, Tay-K, BlocBoy JB",Hard (feat. Tay-K and BlocBoy JB)
Main,Rover 2.0 (feat. 21 Savage),"BlocBoy JB, 21 Savage",Rover 2.0 (feat. 21 Savage)
Main,End Of Discussion (feat. Lil Wayne),"Rich The Kid, Lil Wayne",The World Is Yours
Main,Mars (feat. Lil Uzi Vert),"Maxo Kream, Lil Uzi Vert",Mars (feat. Lil Uzi Vert)
Main,BabyWipe,Ski Mask The Slump God,You Will Regret (Reloaded)
Main,Diamond Teeth Samurai,YoungBoy Never Broke Again,Diamond Teeth Samurai
Main,Fold,$uicideboy$,My Liver Will Handle What My Heart Can't
Main,Tulane,$uicideboy$,My Liver Will Handle What My Heart Can't
Main,Aries (YuGo) Part 2 (with Rae Sremmurd & Big Sean feat. Quavo & Pharrell),"Mike WiLL Made-It, Rae Sremmurd, Big Sean, Quavo, Pharrell Williams",Aries (YuGo) Part 2 (with Rae Sremmurd & Big Sean feat. Quavo & Pharrell)
Main,Now (feat. 21 Savage),"Young Thug, 21 Savage",Hear No Evil
Main,Up (feat. Lil Uzi Vert),"Young Thug, Lil Uzi Vert",Hear No Evil
Main,1942 (feat. Yo Gotti & YBN Nahmir),"G-Eazy, Yo Gotti, YBN Nahmir",1942 (feat. Yo Gotti & YBN Nahmir)
Main,Mayo,"Smokepurpp, Murda Beatz",Bless Yo Trap
Main,Pray (feat. A$AP Ferg),"Smokepurpp, Murda Beatz, A$AP Ferg",Bless Yo Trap
Main,CLOSE (feat. Travis Scott) - From SR3MM,"Rae Sremmurd, Swae Lee, Slim Jxmmi, Travis Scott",CLOSE (feat. Travis Scott)
Main,420 Freestyle,Wiz Khalifa,420 Freestyle
Main,O Pana!,$uicideboy$,Eternal Grey
Main,Now I'm Up To My Neck With Offers,$uicideboy$,KILL YOURSELF Part XX: The Infinity Saga
Main,Welcome to the Rodeo,Lil Skies,Life of a Dark Rose
Main,Bust Down,Trippie Redd,A Love Letter To You 2
Main,X (with 2 Chainz & Saudi),"ScHoolboy Q, 2 Chainz, Saudi",Black Panther The Album Music From And Inspired By
Main,Blame It On Me,Post Malone,beerbongs & bentleys
Main,2 Vaults (feat. Lil Yachty),"Tee Grizzley, Lil Yachty",2 Vaults (feat. Lil Yachty)
Main,Solar Eclipse,YoungBoy Never Broke Again,Until Death Call My Name
Main,Villain,YoungBoy Never Broke Again,Until Death Call My Name
Main,Paramedic!,SOB X RBE,Black Panther The Album Music From And Inspired By
Main,Watch (feat. Lil Uzi Vert & Kanye West),"Travis Scott, Lil Uzi Vert, Kanye West",Watch (feat. Lil Uzi Vert & Kanye West)
Main,Up In My Cocina - From SR3MM,"Rae Sremmurd, Swae Lee, Slim Jxmmi",SR3MM
Main,Brxnks Truck - From Jxmtro,"Rae Sremmurd, Swae Lee, Slim Jxmmi",SR3MM
Main,Cap (feat. Trouble) - From Jxmtro,"Rae Sremmurd, Swae Lee, Slim Jxmmi, Trouble",SR3MM
Main,GOTTI,6ix9ine,Day69: Graduation Day
Main,Gotdamn,G-Eazy,The Beautiful & Damned
Main,Nike Swoosh (feat. YG),"BlocBoy JB, YG",Simi
Main,Turnt Up,BlocBoy JB,Simi
Main,Real Rich (feat. Gucci Mane),"Wiz Khalifa, Gucci Mane",Real Rich (feat. Gucci Mane)
Main,You Can Cry,"Marshmello, Juicy J, James Arthur",You Can Cry
Main,Jettski Grizzley (feat. Lil Pump),"Tee Grizzley, Lil Pump",Activated
Main,Connect,Tee Grizzley,Activated
Main,Don't Even Trip (feat. Moneybagg Yo),"Tee Grizzley, Moneybagg Yo",Activated
Main,Light (feat. Lil Yachty),"Tee Grizzley, Lil Yachty",Activated
Main,Clout (feat. 21 Savage),"Ty Dolla $ign, 21 Savage",Clout (feat. 21 Savage)
Main,Yes Indeed,"Lil Baby, Drake",Yes Indeed
Main,Shoota (feat. Lil Uzi Vert),"Playboi Carti, Lil Uzi Vert",Die Lit
Main,Baby Girl,21 Savage,Issa Album
Main,"Big Bank feat. 2 Chainz, Big Sean, Nicki Minaj","YG, 2 Chainz, Big Sean, Nicki Minaj","Big Bank feat. 2 Chainz, Big Sean, Nicki Minaj"
Main,Go BestFriend 2.0,"Casanova, G-Eazy, Rich The Kid",Go BestFriend 2.0 (feat. G-Eazy & Rich The Kid)
Main,I'm Upset,Drake,I'm Upset
Main,Over Me (feat. RJ & Jay Anthony),"G-Eazy, RJ, Jay Anthony",The Vault
Main,Wasabi (feat. Global Dan),"G-Eazy, Global Dan",The Vault
Main,Poles 1469,"Trippie Redd, 6ix9ine",A Love Letter To You
Main,Signs of Jealousy,Lil Skies,Life of a Dark Rose
Main,Bali (feat. Nav),"88GLAM, NAV",88glam
Main,Taste (feat. Offset),"Tyga, Offset",Taste (feat. Offset)
Main,Gucci Flip Flops (feat. Lil Yachty),"Bhad Bhabie, Lil Yachty",Gucci Flip Flops (feat. Lil Yachty)
Main,Antarctica,$uicideboy$,Dark Side Of The Clouds
Main,Bag,"Future, Yung Bans",Bag
Main,I Know You (feat. Yung Pinch),"Lil Skies, Yung Pinch",I Know You (feat. Yung Pinch)
Main,Programs,Mac Miller,Programs
Main,Either Hated Or Ignored,$uicideboy$,Either Hated Or Ignored
Main,TATI,"6ix9ine, DJ SpinKing",TATI
Main,Bring It Back,Rich The Kid,Bring It Back
Main,Genie,YoungBoy Never Broke Again,Genie
Main,Reverse (Ft. G-Eazy),"VIC MENSA, G-Eazy",Reverse (Ft. G-Eazy)
Main,Praise The Lord (Da Shine) (feat. Skepta),"A$AP Rocky, Skepta",TESTING
Main,Lucid Dreams,Juice WRLD,Goodbye & Good Riddance
Main,Born To Be Yours,"Kygo, Imagine Dragons",Born To Be Yours
Main,Wow Freestyle (feat. Kendrick Lamar),"Jay Rock, Kendrick Lamar",Redemption
Main,Bigger Than You (feat. Drake & Quavo),"2 Chainz, Drake, Quavo",Bigger Than You feat. Drake & Quavo
Main,changes,XXXTENTACION,?
Main,Me Likey,Trippie Redd,Me Likey
Main,World Rage,Lil Skies,World Rage
Main,Pull Up (feat. NAV),"A Boogie Wit da Hoodie, NAV",International Artist
Main,MIA (feat. Kap G),"A Boogie Wit da Hoodie, Kap G",International Artist
Main,Drop (feat. Blac Youngsta & BlocBoy JB),"G-Eazy, Blac Youngsta, BlocBoy JB",Drop (feat. Blac Youngsta & BlocBoy JB)
Main,Mercury: Retrograde,Ghostemane,Hexada
Main,Venom,Ghostemane,Blackmage
Main,Talk Up,"Drake, JAŸ-Z",Scorpion
Main,Verified,A$AP Ferg,Verified
Main,Overdose,YoungBoy Never Broke Again,Until Death Call My Name (Reloaded)
Main,Not The Boy,A$AP Ferg,Not The Boy
Main,Nonstop,Drake,Scorpion
Main,Champion (feat. Travis Scott),"NAV, Travis Scott",RECKLESS
Main,Hopeless Romantic (feat. Swae Lee),"Wiz Khalifa, Swae Lee",Hopeless Romantic (feat. Swae Lee)
Main,Life Goes On,"Lil Baby, Gunna, Lil Uzi Vert",Harder Than Ever
Main,All Girls Are The Same,Juice WRLD,All Girls Are The Same
Main,JAPAN,Famous Dex,Dex Meets Dexter
Main,Drop (feat. Blac Youngsta & BlocBoy JB),"G-Eazy, Blac Youngsta, BlocBoy JB",Drop (feat. Blac Youngsta & BlocBoy JB)
Main,Yikes,Kanye West,ye
Main,KOD,J. Cole,KOD
Main,Drug Addicts,Lil Pump,Drug Addicts
Main,FSU (feat. GASHI & Rich The Kid),"Jay Park, GASHI, Rich The Kid",FSU (feat. GASHI & Rich The Kid)
Main,PettyWap,Young M.A,PettyWap
Main,WIFI LIT,Future,BEASTMODE 2
Main,CUDDLE MY WRIST,Future,BEASTMODE 2
Main,RACKS BLUE,Future,BEASTMODE 2
Main,31 DAYS,Future,BEASTMODE 2
Main,RED LIGHT,Future,BEASTMODE 2
Main,DOH DOH (feat. Young Scooter),"Future, Young Scooter",BEASTMODE 2
Main,WHEN I THINK ABOUT IT,Future,BEASTMODE 2
Main,SOME MORE,Future,BEASTMODE 2
Main,HATE THE REAL ME,Future,BEASTMODE 2
Main,Drug Addicts,Lil Pump,Drug Addicts
Main,Let It Go,"88rising, Higher Brothers, BlocBoy JB",Let It Go
Main,We're Everywhere,Chief Keef,Ottopsy
Main,Ridin (feat. Landon Cube & YBN Nahmir),"Yung Bans, Landon Cube, YBN Nahmir",Yung Bans Vol. 5
Main,Far,"Tmk, RichKid",Far
Main,Boca Raton (with A$AP Ferg),"Bas, A$AP Ferg",Boca Raton (with A$AP Ferg)
Main,Legends,Juice WRLD,Legends
Main,Programs,Mac Miller,Programs
Main,Do You Understand? (feat. Gunna & Tory Lanez),"Shy Glizzy, Gunna, Tory Lanez",Do You Understand? (feat. Gunna & Tory Lanez)
Main,Like Us,Ayo & Teo,Like Us
Main,Hit,"NAV, Metro Boomin",Perfect Timing
Main,Everyday We Lit (feat. PnB Rock),"YFN Lucci, PnB Rock",Long Live Nut
Main,I Got Top in Bikini Bottom (feat. Kg Smokey),"Joey Trap, Kg Smokey",Trap Jack
Main,Do You Believe In God?,$uicideboy$,Grey Sheep II
Main,Sleeping Bag,Shakewell,Sleeping Bag
Main,Numb,21 Savage,Issa Album
Main,Colors,Tee Grizzley,Colors
Main,For the Last Time,$uicideboy$,For the Last Time
Main,I Hung Myself For A Persona,$uicideboy$,KILL YOURSELF Part XX: The Infinity Saga
Main,Mount Sinai,$uicideboy$,High Tide In The Snake's Nest
Main,Self Care,Mac Miller,Self Care
Main,Wasted (feat. Lil Uzi Vert),"Juice WRLD, Lil Uzi Vert",Wasted (feat. Lil Uzi Vert)
Main,Goin Hard,Wiz Khalifa,Rolling Papers 2
Main,FEFE (feat. Nicki Minaj & Murda Beatz),"6ix9ine, Nicki Minaj, Murda Beatz",FEFE (feat. Nicki Minaj & Murda Beatz)
Main,BAND DRUM (feat. A$AP Rocky),"YG, A$AP Rocky",BAND DRUM (feat. A$AP Rocky)
Main,One Day (feat. Ryan Tedder),"Logic, Ryan Tedder",One Day (feat. Ryan Tedder)
Main,Hot Summer,"DJ Durel, Migos",Hot Summer
Main,MICKEY,"Lil Yachty, Offset, Lil Baby",Lil Boat 2
Main,Who Want The Smoke?,"Lil Yachty, Cardi B, Offset",Who Want The Smoke?
Main,Bags,$uicideboy$,KILL YOURSELF Part VIII: The Seppuku Saga
Main,Big Deal,Kid Ink,Big Deal
Main,Mad,Supreme Patty,Mad
Main,Master of Puppets (Remastered),Metallica,Master of Puppets (Remastered Deluxe Box Set)
Main,WORKIN ME,Quavo,W O R K I N M E
Main,2 Hands (feat. Kevin Gates),"YoungBoy Never Broke Again, Kevin Gates",4Respect
Main,Head On (feat. Kevin Gates),"YoungBoy Never Broke Again, Kevin Gates",4Respect
Main,Moment (feat. Wiz Khalifa),"KYLE, Wiz Khalifa",Moment (feat. Wiz Khalifa)
Main,Meet Mr. NICEGUY,$uicideboy$,Meet Mr. NICEGUY
Main,Kept Back (feat. Lil Pump) - Bonus Track Version,"Gucci Mane, Lil Pump",Kept Back (feat. Lil Pump)
Main,Lost It (feat. Quavo & Offset),"Rich The Kid, Quavo, Offset",The World Is Yours
Main,Alaska,Cordae,YBN: The Mixtape
Main,Cake (feat. Wiz Khalifa),"YBN Nahmir, Wiz Khalifa",YBN: The Mixtape
Main,RAP DEVIL,mgk,RAP DEVIL
Main,Midnight,Logic,Bobby Tarantino II
Main,Lucky You (feat. Joyner Lucas),"Eminem, Joyner Lucas",Kamikaze
Main,New Patek,Lil Uzi Vert,New Patek
Main,Drip Too Hard,"Lil Baby, Gunna",Drip Too Hard
Main,151 Rum,JID,151 Rum
Main,Killshot,Eminem,Killshot
Main,Falling Down - Bonus Track,"Lil Peep, XXXTENTACION",Falling Down (Bonus Track)
Main,LATELY,mgk,BINGE
Main,Don't Cry (feat. XXXTENTACION),"Lil Wayne, XXXTENTACION",Tha Carter V
Main,Let It Fly (feat. Travis Scott),"Lil Wayne, Travis Scott",Tha Carter V
Main,Potato Salad,"Tyler, The Creator, A$AP Rocky",Potato Salad
Main,"If I'm Lyin, I'm Flyin",Kodak Black,"If I'm Lyin, I'm Flyin"
Main,Neighbor (feat. Travis Scott),"Juicy J, Travis Scott",Neighbor (feat. Travis Scott)
Main,On the Run (feat. Offset),"Young Thug, Offset",On the Run
Main,Joan of Arc,"Night Lovell, $uicideboy$",Joan of Arc
Main,Carrollton,$uicideboy$,Carrollton
Main,"Bands (feat. OhGeesy, Fenix Flexin & Master Kato)","Shoreline Mafia, Rob Vicious, OHGEESY, Fenix Flexin, Master Kato",Shoreline Mafia Presents Rob Vicious: Traplantic
Main,Multi Millionaire (feat. Lil Uzi Vert),"Lil Pump, Lil Uzi Vert",Multi Millionaire (feat. Lil Uzi Vert)
Main,Yoppa (with BlocBoy JB),"Lil Mosey, BlocBoy JB",Yoppa (with BlocBoy JB)
Main,Endless Summer Freestyle (feat. YG),"G-Eazy, YG",Endless Summer Freestyle (feat. YG)
Main,Grayscale,"$uicideboy$, JGRXXN, Black Smurf, Ramirez",Dark Side Of The Clouds
Main,Brooklyn,"$uicideboy$, Black Smurf",Black $uicide
Main,Lacombe,"$uicideboy$, Black Smurf",Black $uicide Side B: $uicide Hustle
Main,Smoke Break,"$uicideboy$, Black Smurf",Black $uicide
Main,ZEZE (feat. Travis Scott & Offset),"Kodak Black, Offset, Travis Scott",ZEZE (feat. Travis Scott & Offset)
Main,Don't Matter,Akon,Konvicted
Main,Mo Bamba,Sheck Wes,MUDBOY
Main,Space Cadet (feat. Gunna),"Metro Boomin, Gunna",NOT ALL HEROES WEAR CAPES
Main,Bag of Dope,Germ,Badshit (Bootleg)
Main,Know Me,NAV,Know Me
Main,Negative Energy,"Trippie Redd, Kodie Shane",A Love Letter To You 3
Main,Scrape,$uicideboy$,Scrape
Main,Dip (feat. Nicki Minaj),"Tyga, Nicki Minaj",Dip (feat. Nicki Minaj)
Main,Take One,Kodak Black,Take One
Main,Just Woke Up,"Supreme Patty, YNW Melly",Just Woke Up
Main,Calling My Spirit,Kodak Black,Calling My Spirit
Main,Red Room,Offset,Red Room
Main,Splashin,Rich The Kid,Splashin
Main,Testimony,Kodak Black,Testimony
Main,West End,"$uicideboy$, Germ",DIRTYNASTY$UICIDE
Main,Face It,$uicideboy$,KILL YOURSELF Part XVII: The Suburban Sacrifice Saga
Main,YOSEMITE,Travis Scott,ASTROWORLD
Main,Enemies,Lil Uzi Vert,Luv Is Rage
Main,Porsches In The Rain,"YBN Nahmir, Almighty Jay",YBN: The Mixtape
Main,Get Rich (feat. Iamsu!),"RJMrLA, Iamsu!",Get Rich (feat. Iamsu!)
Main,Jumpin on a Jet,Future,Jumpin on a Jet
Main,Crushed Up,Future,Crushed Up
Main,Next Big Thing,Blueface,Next Big Thing
Main,Dead Locs,Blueface,Famous Cryp
Main,It Wasn't Me,"Shaggy, Rik Rok",The Boombastic Collection - Best of Shaggy
Main,Pure Water (with Migos),"Mustard, Migos",Pure Water (with Migos)
Main,Real Ties,Lil Skies,Real Ties
Main,Talk Shit Like a Preacher,Future,Future Hndrxx Presents: The WIZRD
Main,Stick to the Models,Future,Future Hndrxx Presents: The WIZRD
Main,Servin Killa Kam,Future,Future Hndrxx Presents: The WIZRD
Main,First Off (feat. Travis Scott),"Future, Travis Scott",Future Hndrxx Presents: The WIZRD
Main,Keanu Reeves,Logic,Keanu Reeves
Main,Beat a N*gga Block,YNW Melly,We All Shine
Main,Going Bad (feat. Drake),"Meek Mill, Drake",Championships
Main,One Call,Gunna,One Call
Main,Alright (feat. Trippie Redd & Preme),"Wiz Khalifa, Preme, Trippie Redd",Alright (feat. Trippie Redd & Preme)
Main,Name in the Sand,Lil Skies,Name in the Sand
Main,Girls Have Fun (feat. G-Eazy & Rich The Kid),"Tyga, G-Eazy, Rich The Kid",Girls Have Fun (feat. G-Eazy & Rich The Kid)
Main,Clouds As Witnesses,$uicideboy$,Gray/Grey
Main,Murder on My Mind,YNW Melly,I AM YOU
Main,Roses (with Juice WRLD feat. Brendon Urie),"benny blanco, Juice WRLD, Brendon Urie",Roses (with Juice WRLD feat. Brendon Urie)
Main,Ray Bands,B.o.B,Strange Clouds
Main,Hear Me Calling,Juice WRLD,Hear Me Calling
Main,Mind on My Murder,YNW Melly,I AM YOU
Main,MIDDLE CHILD,J. Cole,MIDDLE CHILD
Main,Robbery,Juice WRLD,Robbery
Main,Armed And Dangerous,Juice WRLD,Goodbye & Good Riddance
Main,Gang Bang (feat. YG),Joe Moses,"From Nothing to Something, Vol. 2 (Deluxe Edition)"
Main,Shake It Up,Trippie Redd,LIFE'S A TRIP
Main,Have Mercy,Cordae,Have Mercy
Main,Slide,Rich The Kid,The World Is Yours 2
Main,Fall Threw (feat. Young Thug & Gunna),"Rich The Kid, Young Thug, Gunna",The World Is Yours 2
Main,Save That,Rich The Kid,The World Is Yours 2
Main,Wrong Thing (feat. NAV),"Rich The Kid, NAV",The World Is Yours 2
Main,4 Phones,Rich The Kid,The World Is Yours 2
Main,Price On My Head (feat. The Weeknd),"NAV, The Weeknd",Bad Habits
Main,Tussin (feat. Young Thug),"NAV, Young Thug",Bad Habits
Main,Snap,NAV,Bad Habits
Main,Hold Your Breath (feat. Gunna),"NAV, Gunna",Bad Habits
Main,Why You Crying Mama,NAV,Bad Habits
Main,Vicodin,NAV,Bad Habits
Main,Walk (Remix),"Comethazine, A$AP Rocky",Walk (Remix)
Main,Baby 8,YBN Nahmir,Baby 8
Main,Goin Baby,DaBaby,Baby On Baby
Main,Stop the Madness (feat. Gunna),"Lil Skies, Gunna",Shelby
Main,"West Coast (feat. Blueface, ALLBLACK & YG)","G-Eazy, Blueface, ALLBLACK, YG","West Coast (feat. Blueface, ALLBLACK & YG)"
Main,Guala (feat. THIRTYRACK),"G-Eazy, Carnage, THIRTY RACK",Step Brothers
Main,Pure Cocaine,Lil Baby,Street Gossip
Main,Old Town Road,Lil Nas X,Old Town Road
Main,Yup on My Tractor,Fly Rich Double,Yup on My Tractor
Main,Last Time That I Checc'd (feat. YG),"Nipsey Hussle, YG",Victory Lap
Main,Baby Sitter (feat. Offset),"DaBaby, Offset",Baby On Baby
Main,For Keeps (feat. YoungBoy Never Broke Again),"Rich The Kid, YoungBoy Never Broke Again",The World Is Yours 2
Main,Walker Texas Ranger,DaBaby,Blank Blank
Main,Ballin,Logic,Uncle Drew (Original Motion Picture Soundtrack)
Main,Homicide,"Logic, Eminem",Homicide
Main,GONE (feat. Trippie Redd),"Paris Shadows, Trippie Redd",ONE NIGHT IN PARIS
Main,Mercedes,BlocBoy JB,Mercedes
Main,6 Feet Under,Miles Wesley,6 Feet Under
Main,I Think I'm OKAY (with YUNGBLUD & Travis Barker),"mgk, YUNGBLUD, Travis Barker",I Think I'm OKAY (with YUNGBLUD & Travis Barker)
Main,Project Dreams,"Marshmello, Roddy Ricch",Project Dreams
Main,When I Grow Up,NF,When I Grow Up
Main,Burning Memories (feat. Lil Skies),"mgk, Lil Skies",Hotel Diablo
Main,100 Shooters (feat. Meek Mill),"Future, Doe Boy, Meek Mill",100 Shooters (feat. Meek Mill)
Main,Goodbyes (Feat. Young Thug),"Post Malone, Young Thug",Goodbyes (Feat. Young Thug)
Main,Spaceship,Almighty Jay,Spaceship
Main,Hate Me (with Juice WRLD),"Ellie Goulding, Juice WRLD",Hate Me (with Juice WRLD)
Main,Save That Shit,Lil Peep,"Come Over When You're Sober, Pt. 1"
Main,Baby,"Quality Control, Lil Baby, DaBaby",Baby
Main,Floor Seats,A$AP Ferg,Floor Seats
Main,Go Up (feat. Roddy Ricch),"Rich The Kid, Roddy Ricch",Go Up (feat. Roddy Ricch)
Main,Magic,Lil Skies,Magic
Main,beamer boy,"Lil Peep, Nedarb",beamer boy
Main,BIG,Young M.A,BIG
Main,Push It,Kevin Gates,Push It
Main,Demons and Angels (feat. Juice WRLD),"A Boogie Wit da Hoodie, Juice WRLD",Hoodie SZN
Main,Unkle Drew,Sada Baby,Bartier Bounty
Main,Babushka Boi,A$AP Rocky,Babushka Boi
Main,Graduation (with Juice WRLD),"benny blanco, Juice WRLD",Graduation (with Juice WRLD)
Main,Bezerk (feat. A$AP Ferg),"Big Sean, Hit-Boy, A$AP Ferg",Bezerk
Main,Never Lie (feat. Moneybagg Yo),"Wiz Khalifa, Moneybagg Yo",Never Lie (feat. Moneybagg Yo)
Main,i fucked up,convolk,LONEWOLF
Main,Disrespectful,GASHI,Disrespectful
Main,Mood Swings,A Boogie Wit da Hoodie,Mood Swings
Main,Richer Than Errybody (feat. YoungBoy Never Broke Again & DaBaby),"Gucci Mane, DaBaby, YoungBoy Never Broke Again",Richer Than Errybody (feat. YoungBoy Never Broke Again & DaBaby)
Main,Out The Mud,"Lil Baby, Future",Out The Mud
Main,Take What You Want (feat. Ozzy Osbourne & Travis Scott),"Post Malone, Ozzy Osbourne, Travis Scott",Hollywood's Bleeding
Main,OVER,Paris Shadows,ONE NIGHT IN PARIS
Main,2 Legit 2 Quit,Troy Ave,WC5
Main,OUTSIDE,Paris Shadows,ONE NIGHT IN PARIS
Main,Learn How to Watch (feat. Mac Miller & MadeinTYO),"Carnage, Mac Miller, MadeinTYO",Learn How to Watch (feat. Mac Miller & MadeinTYO)
Main,Bleed,Young M.A,Herstory in the Making
Main,Camelot,NLE Choppa,Camelot
Main,Bad Bad Bad (feat. Lil Baby),"Young Thug, Lil Baby",So Much Fun
Main,Bandit (with YoungBoy Never Broke Again),"Juice WRLD, YoungBoy Never Broke Again",Bandit (with YoungBoy Never Broke Again)
Main,Hot (Remix) [feat. Gunna and Travis Scott],"Young Thug, Travis Scott, Gunna",Hot (Remix) [feat. Gunna and Travis Scott]
Main,HIGHEST IN THE ROOM,Travis Scott,HIGHEST IN THE ROOM
Main,VALENTINO,24kGoldn,VALENTINO
Main,Stuck In A Dream (feat. Gunna),"Lil Mosey, Gunna",Stuck In A Dream (feat. Gunna)
Main,Start Wit Me (feat. Gunna),"Roddy Ricch, Gunna",Start Wit Me (feat. Gunna)
Main,Woah,Lil Baby,Woah
Main,Omme (feat. Wiz Khalifa),"SK8, Wiz Khalifa",Omme (feat. Wiz Khalifa)
Main,First Class,"Blueface, Gunna",First Class
Main,Reply (feat. Lil Uzi Vert),"A Boogie Wit da Hoodie, Lil Uzi Vert",Reply (feat. Lil Uzi Vert)
Main,Forever,NLE Choppa,Forever
Main,Iced Up (feat. Gucci Mane & Wiz Khalifa),"HoodRich Pablo Juan, Gucci Mane, Wiz Khalifa",DMV
Main,Hot Shower,"Chance the Rapper, MadeinTYO, DaBaby",The Big Day
Main,Zombie (feat. NLE Choppa & DB Omerta),"Kodak Black, DB Omerta, NLE Choppa",Zombie (feat. NLE Choppa & DB Omerta)
Main,Dirty Dirty (feat. Lil Skies),"Smokepurpp, Lil Skies",Dirty Dirty (feat. Lil Skies)
Main,More Money More Ice,Lil Skies,More Money More Ice
Main,Layaway,"Alexander Lewis, Chief Keef, T-Shyne",Layaway
Main,All I Know (feat. Rich The Kid & Stunna 4 Vegas),"CashMoneyAp, Rich The Kid, Stunna 4 Vegas",All I Know (feat. Rich The Kid & Stunna 4 Vegas)
Main,Die Slow (feat. 21 Savage),"Lil Durk, 21 Savage",Love Songs 4 The Streets 2
Main,Sanguine Paradise,Lil Uzi Vert,Sanguine Paradise
Main,6 Kiss,"Trippie Redd, Juice WRLD, YNW Melly",A Love Letter To You 4
Main,No Face No Ca$e,King Lil G,Eternal
Main,Let Me See (feat. Kevin Gates & Lil Skies),"Juicy J, Kevin Gates, Lil Skies",Let Me See (feat. Kevin Gates & Lil Skies)
Main,Chances Make Champions,"Lil Jairmy, Lil Baby",Excuse My Absence
Main,Effortless,"MemoTheMafioso, O'Way, Laudiano",Effortless
Main,Mando (feat. Mozzy),"$tupid Young, Mozzy",One of One
Main,Money In The Grave (Drake ft. Rick Ross),"Drake, Rick Ross",The Best In The World Pack
Main,Freeze,Fourtee,Freeze
Main,That's Tuff (feat. Quavo),"Rich The Kid, Quavo",That's Tuff
Main,Habits,NAV,Bad Habits (Deluxe)
Main,2 AM,King Von,2 AM
Main,Crazy Story,King Von,Crazy Story
Main,Ransom (with Juice WRLD) - Remix,"Lil Tecca, Juice WRLD",We Love You Tecca
Main,W2LEEZY,Justin Rarri,4EVARARRi
Main,Russian Cream,Key Glock,Glock Bond
Main,Elm Street,Jimmy Wopo,Woponese
Main,Death Note,"Lil Gnar, Lil Skies, Craig Xen",FIRE HAZARD
Main,Faster,Cal Scruby,[Part 2]
Main,Had Enough,Aco Baby Sean,Mixed Emotions
Main,Go Crazy (feat. Da Baby),"Will the Genaral, Da Baby",Don't Count Me Out
Main,Icebox,Kevin Gates,I'm Him
Main,NO CAP ZONE (feat. Stunna 4 Vegas & DaBaby),"Succeed Phlyguy, DaBaby, Stunna 4 Vegas",NO CAP ZONE (feat. Stunna 4 Vegas & DaBaby)
Main,No Fucks (feat. Sueco The Child and AzChike),"1takejay, Sueco, AZ Chike",No Fucks (feat. Sueco The Child and AzChike)
Main,Baby Shower,"Jamz, Lil Baby, DaBaby",Baby Shower (feat. Lil Baby & DaBaby)
Main,The Box,Roddy Ricch,Please Excuse Me for Being Antisocial
Main,Poison,"Global Dan, Global AzN",Poison
Main,U Played (feat. Lil Baby),"Moneybagg Yo, Lil Baby",U Played (feat. Lil Baby)
Main,For a Fact (feat. King Von),"SimxSantana, King Von",For a Fact (feat. King Von)
Main,Sum 2 Prove,Lil Baby,Sum 2 Prove
Main,Pop My Shit,Moneybagg Yo,Time Served
Main,Federal Fed (feat. Future),"Moneybagg Yo, Future",Time Served
Main,Protect Da Brand (feat. DaBaby),"Moneybagg Yo, DaBaby",Time Served
Main,Life Is Good (feat. Drake),"Future, Drake",Life Is Good (feat. Drake)
Main,To the Right,Devour,Different
Main,"Hella Neck (feat. Tyga, OhGeesy & Takeoff)","Carnage, Tyga, OHGEESY, Takeoff","Hella Neck (feat. Tyga, OhGeesy & Takeoff)"
Main,Pressin (feat. King Von),"Sada Baby, King Von",Pressin (feat. King Von)
Main,Wolf,"lil Tr33zy, A Boogie Wit da Hoodie",Wolf
Main,why are you here,mgk,why are you here
Main,Bring 'Em Out,YoungBoy Never Broke Again,Bring 'Em Out
Main,20 Years Later,Yung Pinch,4EVERFRIDAY SZN TWO
Main,Talkin,YBN Nahmir,Talkin
Main,Dead Man Walking (feat. Future),"2 Chainz, Future",Dead Man Walking
Main,Big Mood,"Jason Garcia, Drizzy, Pluto",O.M.O. X O.V.O.
Main,Word to the Wise,Matt Corman,Word to the Wise
Main,Small Talk,"Lil Def, Lil Windex, Mafia Beatz",Small Talk
Main,AF,"Kenny Muney, Young Dolph",Muney Talk
Main,Sold Out Dates (feat. Lil Baby),"Gunna, Lil Baby",Sold Out Dates (feat. Lil Baby)
Main,High Right Now (feat. Wiz Khalifa) - Remix,"Tyla Yaweh, Wiz Khalifa",High Right Now (feat. Wiz Khalifa) [Remix]
Main,Wins & Losses,Meek Mill,Wins & Losses (Deluxe Edition)
Main,9 Times Out Of 10 (feat. Lil Baby),"Big Havi, Lil Baby",9 Times Out Of 10 (feat. Lil Baby)
Main,"I Do It (ft. Big Sean, Lil Baby)","Lil Wayne, Big Sean, Lil Baby",Funeral
Main,Basics,"Doscompac, Lil Skies",Basics
Main,All Dogs Go To Heaven,$uicideboy$,STOP STARING AT THE SHADOWS
Main,FRIDAY,916frosty,FRIDAY
Main,Go Stupid (feat. NLE Choppa & Mike WiLL Made-It),"Polo G, Stunna 4 Vegas, NLE Choppa, Mike WiLL Made-It",Go Stupid (feat. NLE Choppa & Mike WiLL Made-It)
Main,Blueberry Faygo,Lil Mosey,Blueberry Faygo
Main,SHUT UP,DaBaby,SHUT UP
Main,On Yo Ass,"King Von, G Herbo",Levon James
Main,Down Me,"King Von, Lil Durk",Levon James
Main,Something Else,King Von,Levon James
Main,Commercial (feat. Lil Uzi Vert),"Lil Baby, Lil Uzi Vert",My Turn
Main,Havin My Way (feat. Lil Durk),"Lil Skies, Lil Durk",Havin My Way (feat. Lil Durk)
Main,Took Her To The O,King Von,Took Her To The O
Main,lullaby baby,916frosty,lullaby baby
Main,SPACE DASH,"916frosty, Joey Melrose",SPACE DASH
Main,I'm Sick of Trying,Vaboh,I'm Sick of Trying
Main,Po'ed Up (feat. Gunna),"Paris Shadows, Gunna",Po'ed Up (feat. Gunna)
Main,Bora Bora,Lil Durk,Love Songs 4 The Streets 2
Main,twice,916frosty,twice
Main,Angeldust,"✦ pink cig ✦, Emo Fruits",Beautiful Strangers
Main,No Auto Durk (feat. Lil Durk),"Only The Family, Lil Durk","Lil Durk Presents: Only the Family Involved, Vol. 2"
Main,Young Grizzley World (feat. A Boogie Wit Da Hoodie & YNW Melly),"Tee Grizzley, A Boogie Wit da Hoodie, YNW Melly",Scriptures
Main,Tycoon,Future,Tycoon
Main,Pull Up (feat. King Von),"Asian Doll, King Von",Pull Up (feat. King Von)
Main,Contact (feat. Tyga),"Wiz Khalifa, Tyga",Contact (feat. Tyga)
Main,Turks (feat. Travis Scott),"NAV, Gunna, Travis Scott",Turks
Main,Only The Team (with Lil Mosey & Lil Tjay),"Rvssian, Lil Mosey, Lil Tjay",Only The Team (with Lil Mosey & Lil Tjay)
Main,"Life Is Good (feat. Drake, DaBaby & Lil Baby) - Remix","Future, DaBaby, Drake, Lil Baby","Life Is Good (feat. Drake, DaBaby & Lil Baby) [Remix]"
Main,100 Or Better (feat. NLE Choppa),"Stunna 4 Vegas, NLE Choppa",BIG 4x
Main,"Thot Box (feat. Meek Mill, 2 Chainz, YBN Nahmir, A Boogie Wit da Hoodie & Tyga)","Hitmaka, 2 Chainz, A Boogie Wit da Hoodie, Meek Mill, Tyga, YBN Nahmir","Thot Box (feat. Meek Mill, 2 Chainz, YBN Nahmir, A Boogie Wit da Hoodie & Tyga)"
Main,Go Hard or Go Home,Young Zay,Go Hard or Go Home
Main,Sideshow,Jay Loud,Nap Town
Main,Righteous,Juice WRLD,Righteous
Main,m.A.A.d city,"Kendrick Lamar, MC Eiht","good kid, m.A.A.d city (Deluxe)"
Main,Stay Away (feat. Machine Gun Kelly & Goody Grace),"MOD SUN, mgk, Goody Grace",Stay Away (feat. Machine Gun Kelly & Goody Grace)
Main,Late Night,Shakewell,Late Night
Main,Cross My Mind,Yung Pinch,Cross My Mind
Main,Me Vs Me,Moneybagg Yo,Me Vs Me
Main,Still Hold Up,Kevin Gates,Still Hold Up
Main,Don't Believe The Hype,Polo G,THE GOAT
Main,Flex (feat. Juice WRLD),"Polo G, Juice WRLD",THE GOAT
Main,Beautiful Pain (Losin My Mind),Polo G,THE GOAT
Main,One Of Them Girls,Lee Brice,One Of Them Girls
Main,Trillionaire (feat. Youngboy Never Broke Again),"Future, YoungBoy Never Broke Again",High Off Life
Main,GOOBA,6ix9ine,GOOBA
Main,fast (Remix) [feat. Offset & A Boogie Wit da Hoodie],"Sueco, A Boogie Wit da Hoodie, Offset",fast (Remix) [feat. Offset & A Boogie Wit da Hoodie]
Main,No Flockin',Kodak Black,No Flockin'
Main,Louboutin,"Data Luv, Trippie Redd",Louboutin
Main,Cap Talk,"Birdman, YoungBoy Never Broke Again",Cap Talk
Main,Both Sides (feat. Lil Baby),"Gucci Mane, Lil Baby",Both Sides (feat. Lil Baby)
Main,Pop & Reload (feat. Paris Shadows),"Aston Fenly, Paris Shadows",Pop & Reload (feat. Paris Shadows)
Main,ATL Freestyle,6LACK,ATL Freestyle
Main,Deep End Freestyle,"Sleepy Hallow, Fousheé",Sleepy Hallow Presents: Sleepy For President
Main,6am In NY,Sleepy Hallow,Sleepy Hallow Presents: Sleepy For President
Main,Walk Em Down (feat. Roddy Ricch),"NLE Choppa, Roddy Ricch",Walk Em Down (feat. Roddy Ricch)
Main,38 Baby 2,"Suga Da Brat, Nba Youngboy",38 Baby 2
Main,Quagmire,"Lamont Holt, JERHELL",Quagmire
Main,Side Swipe,"Kamrin Houser, Lil Skies",Side Swipe
Main,"Trip On It (feat. DaBoii, $tupid Young & Fenix Flexin)","ALLBLACK, 22nd Jim, DaBoii, $tupid Young, Fenix Flexin",22nd Ways
Main,In My Zone,Bishop Nehru,Nehruvia: My Disregarded Thoughts
Main,GO (feat. Juice WRLD),"The Kid LAROI, Juice WRLD",GO (feat. Juice WRLD)
Main,bloody valentine - Acoustic,"mgk, Travis Barker",bloody valentine (Acoustic)
Main,A LOT TO LOSE,24kGoldn,A LOT TO LOSE
Main,Gangstas & Sippas (feat. Q Da Fool & YG) [Remix],"Shoreline Mafia, Q Da Fool, YG",Gangstas & Sippas (feat. Q Da Fool & YG) [Remix]
Main,Back At It (feat. Lil Baby),"Lil Mosey, Lil Baby",Back At It (feat. Lil Baby)
Main,Change Ya Life,Shoreline Mafia,Change Ya Life
Main,Said Sum,Moneybagg Yo,Said Sum
Main,Prospect (ft. Lil Baby),"iann dior, Lil Baby",Prospect (feat. Lil Baby)
Main,DOLLAZ ON MY HEAD (feat. Young Thug),"Gunna, Young Thug",WUNNA
Main,Rags2Riches (feat. ATR Son Son),"Rod Wave, ATR Son Son",Pray 4 Love
Main,Hate The Other Side (with Marshmello & The Kid Laroi),"Juice WRLD, Marshmello, The Kid LAROI, Polo G",Legends Never Die
Main,KATARA,916frosty,KATARA
Main,Can't Die,Juice WRLD,Legends Never Die
Main,Man Of The Year,Juice WRLD,Legends Never Die
Main,Up Up And Away,Juice WRLD,Legends Never Die
Main,Screw Juice,Juice WRLD,Legends Never Die
Main,Wishing Well,Juice WRLD,Legends Never Die
Main,WWYA,"Charlie Heat, Lil Baby, G Herbo",FIREWORKS
Main,Power (Remix),"Doobie, DaBaby, Icewear Vezzo",Power (Remix)
Main,Dead Or Alive,Jazz Cartier,Dead Or Alive
Main,Drop A Tear (feat. Lil Baby),"Bankrol Hayden, Lil Baby",Pain is Temporary
Main,Be Something,"Polo G, Lil Baby",THE GOAT
Main,3 Headed Goat (feat. Lil Baby & Polo G),"Lil Durk, Lil Baby, Polo G",Just Cause Y'all Waited 2
Main,War with Us,"Ducey Gold, 916frosty, Surf",Doomsday
Main,Whatchu On Today (feat. Polo G),"Bankrol Hayden, Polo G",Pain is Temporary
Main,WRONG (feat. Lil Mosey),"The Kid LAROI, Lil Mosey",F*CK LOVE
Main,TELL ME WHY,The Kid LAROI,F*CK LOVE
Main,Blame on Me,J.I the Prince of N.Y,Hood Life Krisis Vol. 1
Main,24,Money Man,Epidemic
Main,NEED YOU MOST (So Sick),The Kid LAROI,F*CK LOVE
Main,Over Your Head,"Future, Lil Uzi Vert",Over Your Head
Main,Narrow Road (feat. Lil Baby),"NLE Choppa, Lil Baby",Narrow Road (feat. Lil Baby)
Main,Fed Up,Justin Starling,Fed Up
Main,21 GIRLS,Aramis,21 GIRLS
Main,SWAT,conscience,SWAT
Main,"Baguettes in the Face (feat. NAV, Playboi Carti & A Boogie Wit da Hoodie)","Mustard, NAV, Playboi Carti, A Boogie Wit da Hoodie",Perfect Ten
Main,LM$,Arizona Zervas,LM$
Main,my ex's best friend (with blackbear),"mgk, blackbear",my ex's best friend (with blackbear)
Main,west side story,916frosty,west side story
Main,all my friends,21 Savage,i am > i was
Main,Insidious,"Sha Mula, Chase Benji",Chase'n MuLa
Main,Mood (feat. iann dior),"24kGoldn, iann dior",Mood (feat. iann dior)
Main,Burn Out,"YvngCrow, Baby Basile",Burn Out
Main,"Lost Me (feat. Lil Mosey, iann dior & Lil Skies)","Internet Money, iann dior, Lil Skies, Lil Mosey",B4 The Storm
Main,Blastoff (feat. Juice Wrld & Trippie Redd),"Internet Money, Trippie Redd, Diplo, Juice WRLD",B4 The Storm
Main,Speak (feat. The Kid Laroi),"Internet Money, The Kid LAROI",B4 The Storm
Main,No Option (feat. Kevin Gates),"Internet Money, Kevin Gates",B4 The Storm
Main,Pop Out Again (feat. Lil Baby & Gunna),"Polo G, Lil Baby, Gunna",Die A Legend
Main,How It Go,King Von,How It Go
Main,Lil Boy,KB,Lil Boy
Main,Life of Brick,Brickboydior,Life of Brick
Main,Leave Me Alone,$uicideboy$,Kill Yourself Part XIX: The Deep End Saga
Main,Why Would I Stop?,Big Sean,Detroit 2
Main,LOCKED UP PT. 2,"6ix9ine, Akon",TattleTales
Main,ERASE U,The Kid LAROI,F*CK LOVE
Main,MAYBE,The Kid LAROI,F*CK LOVE
Main,Carrie,"Landon Cube, Lil Skies",Carrie
Main,Pop Like This (feat. Yo Gotti),"YBN Nahmir, Yo Gotti",Pop Like This (feat. Yo Gotti)
Main,Vroom Vroom,"A Boogie Wit da Hoodie, Don Q, Trap Manny",Vroom Vroom
Main,Flood My Wrist (feat. Lil Uzi Vert),"A Boogie Wit da Hoodie, Don Q, Lil Uzi Vert",Vroom Vroom
Main,Diva (feat. Lil Tecca),"The Kid LAROI, Lil Tecca",Diva (feat. Lil Tecca)
Main,Pull Up to the Party,JayMentarii,Rage Against Machines
Main,21,Polo G,THE GOAT
Main,Ruthless (Nice Guys Always Finish Last) (feat. G-Eazy) - Remix,"MarMar Oso, Quando Rondo, G-Eazy",Ruthless (Nice Guys Always Finish Last) [Remix] [feat. G-Eazy]
Main,Dyin Breed,Polo G,Die A Legend
Main,Antisocial,Gee Yuhh,Anxiety
Main,Picture This,Polo G,Die A Legend
Main,Deep Wounds,Polo G,Die A Legend
Main,Cold World,Eric Reprid,Cold World
Main,ChopBloc Pt. 3 (feat. NLE Choppa) - Pt. 3,"BlocBoy JB, NLE Choppa",ChopBloc Pt. 3 (feat. NLE Choppa)
Main,Astronaut In The Ocean,Masked Wolf,Astronaut In The Ocean
Main,Broke Hoes,Lil Windex,Broke Hoes
Main,forget me too (feat. Halsey),"mgk, Halsey",Tickets To My Downfall
Main,Epidemic,Polo G,Epidemic
Main,drive by,"Lil Peep, Xavier Wulf",HELLBOY
Main,Feelings,"SSGKobe, Internet Money",Feelings
Main,Anthrax,"Unaverage Gang, Black Smurf",Unaverage Hustle
Main,When You Down (with Polo G feat. Lil Durk),"Lil Tecca, Polo G, Lil Durk",Virgo World
Main,24 (feat. Lil Baby),"Money Man, Lil Baby",24 (feat. Lil Baby)
Main,Hate The Way (feat. blackbear),"G-Eazy, blackbear",Hate The Way (feat. blackbear)
Main,Turn Me Up (feat. NLE Choppa),"Buccalini, NLE Choppa",Turn Me Up (feat. NLE Choppa)
Main,My Soul (Remix),"Young Moe, Kevin Gates",My Soul (Remix)
Main,SELFISH,The Kid LAROI,F*CK LOVE
Main,Trust Issues (feat. Yungeen Ace),"King Von, Yungeen Ace",Levon James
Main,You Can Pull Up,Matt Corman,You Can Pull Up
Main,Hard Times,SPACE914,Sleepless Nights
Main,Hello (feat. A Boogie Wit da Hoodie),"Pop Smoke, A Boogie Wit da Hoodie",Shoot For The Stars Aim For The Moon (Deluxe)
Main,Running from my problems,SPACE914,Sleepless Nights
Main,Dixie D,"Bangers Only, ill Nicky, Yung Trench","Bangers Only, Vol. 1"
Main,Fake Love (feat. Polo G),"Calboy, Polo G",Long Live The Kings (Deluxe Edition)
Main,Rounds (feat. Fivio Foreign),"Calboy, Fivio Foreign",Long Live The Kings (Deluxe Edition)
Main,Caroline (feat. Polo G),"Calboy, Polo G",Wildboy
Main,"Chariot (feat. Meek Mill, Lil Durk & Young Thug)","Calboy, Meek Mill, Lil Durk, Young Thug",Wildboy
Main,No No No (feat. A Boogie Wit Da Hoodie),"Flipp Dinero, A Boogie Wit da Hoodie",No No No (feat. A Boogie Wit Da Hoodie)
Main,SO DONE,The Kid LAROI,SO DONE
Main,For The Team,"Blaze, Tee Grizzley",For The Team
Main,Do Dirt Alone (feat. Kevin Gates),"Rahli, Kevin Gates",Do Dirt Alone
Main,Won't Lose,"MB3FIVE, YBN Nahmir",Won't Lose
Main,Lemonade - Remix,"Internet Money, Don Toliver, Roddy Ricch",B4 The Storm (Complete Edition)
Main,Big Homie (feat. 2 Chainz),"Symba, 2 Chainz",Big Homie (feat. 2 Chainz)
Main,Mr. Right Now (feat. Drake),"21 Savage, Metro Boomin, Drake",SAVAGE MODE II
Main,Rich Nigga Shit (feat. Young Thug),"21 Savage, Metro Boomin, Young Thug",SAVAGE MODE II
Main,Slidin,"21 Savage, Metro Boomin",SAVAGE MODE II
Main,Martin & Gina,Polo G,THE GOAT
Main,Onna Come Up,Lil Eazzyy,Onna Come Up
Main,Lets Link (feat. Tyga & Lil Mosey),"WhoHeem, Tyga, Lil Mosey",Lets Link (feat. Tyga & Lil Mosey)
Main,Got It On Me,Pop Smoke,Shoot For The Stars Aim For The Moon
Main,We Paid (feat. 42 Dugg),"Lil Baby, 42 Dugg",My Turn (Deluxe)
Main,Tonight (feat. iann dior),"jxdn, iann dior",Tonight (feat. iann dior)
Main,Cheatcode,Matt Corman,Cheatcode
Main,Whoopty,CJ,Whoopty
Main,Demon,King Von,Welcome to O'Block
Main,4 Thangs (feat. Big Sean & Hit-Boy),"Freddie Gibbs, Hit-Boy, Big Sean",4 Thangs (feat. Big Sean & Hit-Boy)
Main,Leave Me Alone,Thekidszn,Elevated
Main,Cocaina Pearls,"Big E, 916frosty, Lil Peep",Cocaina Pearls
Main,Young Wheezy (with Gunna),"NAV, Gunna",Emergency Tsunami
Main,Weeks,Kevin Gates,Weeks
Main,Gang WithMe,Polo G,Gang WithMe
Main,TTG (feat. Kevin Gates),"YoungBoy Never Broke Again, Kevin Gates",4Respect 4Freedom 4Loyalty 4WhatImportant
Main,WITHOUT YOU,The Kid LAROI,F*CK LOVE (SAVAGE)
Main,Big Drippa,2Rare,Big Drippa
Main,Heatin Up (feat. Gunna),"Lil Baby, Gunna",My Turn
Main,STARSTRUCK,Daylo,STARSTRUCK
Main,"F*CK YOU, GOODBYE (feat. Machine Gun Kelly)","The Kid LAROI, mgk",F*CK LOVE (SAVAGE)
Main,FEEL SOMETHING (feat. Marshmello),"The Kid LAROI, Marshmello",F*CK LOVE (SAVAGE)
Main,ALWAYS DO,The Kid LAROI,F*CK LOVE (SAVAGE)
Main,For You,SBE KP,Perfect Time
Main,Window Shopping (feat. Lil Baby),"FRVRFRIDAY, Lil Baby",Window Shopping (feat. Lil Baby)
Main,My City,"ONEFOUR, The Kid LAROI",My City
Main,Zim Zimma,Joyner Lucas,Evolution
Main,DRUGS,Tai Verdes,DRUGS
Main,Sticks Up (feat. Future),"Problem Child 5, Future",Sticks Up (feat. Future)
Main,Power,"Kevin Gates, Dermot Kennedy",Power
Main,HEY!,"Lil Gnar, Lil Keed, Internet Money",HEY!
Main,OTHERSIDE,Yung Pinch,OTHERSIDE
Main,Still Goin Down,Morgan Wallen,Still Goin Down
Main,Ugly,T-Wayne,Free Agent
Main,Holding On,iann dior,Holding On
Main,nothing inside (feat. iann dior),"mgk, iann dior",Tickets To My Downfall
Main,Sick and Tired (ft. Machine Gun Kelly and Travis Barker),"iann dior, mgk, Travis Barker",I'm Gone
Main,Paradise,iann dior,I'm Gone
Main,Brand New Drip,"Burga, Moneybagg Yo",Brand New Drip
Main,It's About Time (feat. Florida Georgia Line),"Russell Dickerson, Florida Georgia Line",It's About Time (feat. Florida Georgia Line)
Main,Nothing's Better,FILMORE,State I'm In
Main,Moonwalking in Calabasas (feat. Blueface) - Remix,"DDG, Blueface",Moonwalking in Calabasas (feat. Blueface) [Remix]
Main,Disgusting,"Shoreline Mafia, Fenix Flexin, OHGEESY",Mafia Bidness (Deluxe)
Main,Like That (feat. King Von),"Lil Durk, King Von",Love Songs 4 The Streets 2
Main,Real Shit (with benny blanco),"Juice WRLD, benny blanco",Real Shit (with benny blanco)
Main,Wolves (feat. Post Malone),"Big Sean, Post Malone",Detroit 2
Main,Cold World,Teddy,Teddy
Main,White Girl Rose,Billy Bueffer,White Girl Rose
Main,Lurkin,"Funk Flex, King Von",Lurkin
Main,Errbody,Lil Baby,Errbody
Main,Difference (feat. Moneybagg Yo),"Co Cash, Moneybagg Yo",Difference (feat. Moneybagg Yo)
Main,CLOSE FRIENDS,Yung Pinch,CLOSE FRIENDS
Main,Monsters (feat. Demi Lovato and blackbear),"All Time Low, Demi Lovato, blackbear",Monsters (feat. Demi Lovato and blackbear)
Main,First,"Yung Bleu, YoungBoy Never Broke Again",Investments 4
Main,The Code (feat. Polo G),"King Von, Polo G",Welcome to O'Block
Main,Me and My Guitar,A Boogie Wit da Hoodie,Artist 2.0
Main,Why He Told,King Von,Welcome to O'Block
Main,HARD TIMES,Yung Pinch,HARD TIMES
Main,On My Mind,"Spume, The Kid LAROI",On My Mind
Main,Drake,Stunna 4 Vegas,Welcome To 4 Vegas
Main,Tyler Herro,Jack Harlow,Tyler Herro
Main,Face Of My City (feat. Lil Baby),"Jack Harlow, Lil Baby",Thats What They All Say
Main,Way Out (feat. Big Sean),"Jack Harlow, Big Sean",Thats What They All Say
Main,"Whats Poppin (feat. DaBaby, Tory Lanez & Lil Wayne) [Remix] - Bonus Track","Jack Harlow, Tory Lanez, DaBaby, Lil Wayne",Thats What They All Say
Main,Twin Nem (feat. Lil Durk),"King Von, Lil Durk","Grandson, Vol. 1"
Main,Way Out (feat. Big Sean),"Jack Harlow, Big Sean",Way Out (feat. Big Sean)
Main,Make It Out,Lil Durk,Signed to the Streets 2.5
Main,false alarm,916frosty,false alarm
Main,TRAGIC (feat. Youngboy Never Broke Again & Internet Money),"The Kid LAROI, YoungBoy Never Broke Again, Internet Money",F*CK LOVE (SAVAGE)
Main,NO ONES THERE,Yung Pinch,WASHED ASHORE
Main,Broken Soul,"Lewie, Calboy",Broken Soul
Main,Still Trappin' (with King Von),"Lil Durk, King Von",Still Trappin' (with King Von)
Main,Protect,NLE Choppa,Protect
Main,cheers (with Wiz Khalifa),"blackbear, Wiz Khalifa",cheers (with Wiz Khalifa)
Main,Adderall (Corvette Corvette) (Remix),"Popp Hunna, Lil Uzi Vert",Adderall (Corvette Corvette) (Remix)
Main,On Me,Lil Baby,On Me
Main,Can't Relate,King Von,Welcome to O'Block
Main,Involved,Dre nello,Involved
Main,Pipe Down,Matt Corman,Pipe Down
Main,Backdoor,Lil Durk,The Voice
Main,Dead Opps,"Reece 1200, Double00, Sada Baby",Dead Opps
Main,Feen,"Luh Kel, Trippie Redd",L.O.V.E. (Deluxe)
Main,NxBody,TheHxliday,Batbxy
Main,Pieces,Young Lungs,Pieces
Main,2 AM,SWAVAY,Pure Infinity
Main,Look in My Eyes,"Fat Trel, Young Moe",Back to Life
Main,STRONG (feat. Lil Poppa),"Justin Rarri, Lil Poppa",YOUNGEST IN KHARGE
Main,waiting,916frosty,waiting
Main,One Last Look At The Damage,$uicideboy$,STOP STARING AT THE SHADOWS
Main,Going Off,Lil Skies,Going Off
Main,Got U On,"Darci, Nessly",Crazy Beautiful Blackout
Main,Save It,"Darci, Jutes",Crazy Beautiful Blackout
Main,Solid,Yung Pinch,4EVERFRIDAY SZN 3
Main,Reasons,COTIS,RECKLESS
Main,sorry! (feat. 24kGoldn),"TOKYO’S REVENGE, 24kGoldn",sorry! (feat. 24kGoldn)
Main,Beach Ballin' (feat. blackbear),"Yung Pinch, blackbear",Back 2 The Beach
Main,Opp Stoppa (feat. 21 Savage),"YBN Nahmir, 21 Savage",Opp Stoppa (feat. 21 Savage)
Main,Rose Gold (feat. King Von),"PnB Rock, King Von",Rose Gold (feat. King Von)
Main,Gave That Back (feat. Baby Grizzley),"Tee Grizzley, Baby Grizzley",Gave That Back (feat. Baby Grizzley)
Main,Dead Broke,Lil Skies,Unbothered
Main,1 Hitter (feat. VV$ Ken),"Tory Lanez, VV$ KEN",1 Hitter (feat. VV$ Ken)
Main,Bad Boy (with Young Thug),"Juice WRLD, Young Thug",Bad Boy (with Young Thug)
Main,Back in Blood (feat. Lil Durk),"Pooh Shiesty, Lil Durk",Back In Blood (feat. Lil Durk)
Main,Benihana (feat. Kodak Black),"Lil Durk, Kodak Black",Signed To The Streets 3
Main,Baller (Remix) (feat. Yella Beezy & Money Man),"DJ Luke Nasty, Yella Beezy, Money Man",Distractions
Main,Holy Water,Lil Mosey,Holy Water
Main,Gleesh Place,King Von,Gleesh Place
Main,GNF (OKOKOK),Polo G,GNF (OKOKOK)
Main,We Outside (with Lil Mosey),"Smokepurpp, Lil Mosey",We Outside (with Lil Mosey)
Main,Time Today,Moneybagg Yo,Time Today
Main,Through Da Storm,Polo G,Die A Legend
Main,Jugg,KillBunk,Jugg
Main,Chanel Bag,KillBunk,Chanel Bag
Main,Nightmare,9,Nightmare
Main,Dope Boy,Polo Capalot,Dope Boy
Main,Remember Me,Polo Capalot,Remember Me
Main,Weakness,Polo Capalot,Weakness
Main,Chosen 1,Polo G,Die A Legend
Main,Outta My Head,"oliwr, The Kid LAROI",Outta My Head
Main,Puerto Rico Luv,Kevin Gates,Only The Generals Part II
Main,CLOUDS,NF,CLOUDS
Main,"3, 2, 1",24kGoldn,"3, 2, 1"
Main,All American Rejects,"Anx, 916frosty",All American Rejects
Main,Off the Yak,Young M.A,Off the Yak
Main,LOW KEY (feat. Lil Uzi Vert),"Doe Boy, Lil Uzi Vert",LOW KEY (feat. Lil Uzi Vert)
Main,Enough,Lil Mosey,Enough
Main,Hittas,"252 Lico, Stunna 4 Vegas, Veedoe",Hittas
Main,Trap Life,"EXXXTRAÑO, 21 Savage",Trap Life
Main,Kanye Krazy,Lil Durk,The Voice (Deluxe)
Main,When I'm Lonely,Lil Durk,The Voice (Deluxe)
Main,Movement,Lil Durk,The Voice (Deluxe)
Main,Death Ain't Easy,Lil Durk,The Voice (Deluxe)
Main,Why (High),"oliwr, the kid loroi",Why (High)
Main,21,DaBaby,Blank Blank
Main,Better Man,YoungBoy Never Broke Again,Ain't Too Long
Main,Walked Out,"Audio Chateau, iann dior",Walked Out
Main,ZAZA,6ix9ine,ZAZA
Main,Send That Load,Kevin Gates,Only The Generals Part II
Main,AP - Music from the film Boogie,Pop Smoke,AP (Music from the film Boogie)
Main,She A Queen,Matt Corman,She A Queen
Main,Like This,"2KBABY, Marshmello",Like This
Main,Crash My Whip,Daddex,Crash My Whip
Main,Marty McFly,7ru7h,Oblivion
Main,Save Me,"Promoting Sounds, 7ru7h",Save Me
Main,GoodNight,King Tut King Shad,GoodNight
Main,Rewind,YLA Howe,Rewind
Main,Too Friendly,Global Dan,Too Friendly
Main,Dark Out,"Global Dan, Global AzN",Global Meltdown
Main,Real As It Gets (feat. EST Gee),"Lil Baby, EST Gee",Real As It Gets (feat. EST Gee)
Main,Patience (feat. YUNGBLUD & Polo G),"KSI, YUNGBLUD, Polo G",Patience (feat. YUNGBLUD & Polo G)
Main,LOST,"NF, Hopsin",LOST
Main,ETHANOL,"PRAX, 916frosty",ETHANOL
Main,First Time,"ILLENIUM, iann dior",First Time
Main,Hood Melody (feat. Youngboy Never Broke Again),"DDG, OG Parker, YoungBoy Never Broke Again",Die 4 Respect
Main,Unstable (feat. The Kid LAROI),"Justin Bieber, The Kid LAROI",Justice
Main,Life's A Mess II (with Clever & Post Malone),"Juice WRLD, Clever, Post Malone",Life’s A Mess II (with Clever & Post Malone)
Main,Headshot (feat. Polo G & Fivio Foreign),"Lil Tjay, Polo G, Fivio Foreign",Headshot
Main,Last Man Standing,Polo G,Judas and the Black Messiah: The Inspired Album
Main,Beat Box 3 (feat. DaBaby),"SpotemGottem, DaBaby",Beat Box 3 (feat. DaBaby)
Main,Try Me,Lil Mosey,Try Me
Main,Masterpiece,DaBaby,Masterpiece
Main,Quicksand,Morray,Quicksand
Main,Shot For Me - Spotify Singles,The Kid LAROI,Spotify Singles
Main,Turnt Bitch,42 Dugg,Young & Turnt 2
Main,Not A Rapper (feat. Lil Baby & Yo Gotti),"42 Dugg, Lil Baby, Yo Gotti",Young & Turnt 2
Main,Yea Yup,"Fedd the God, Wiz Khalifa",Yea Yup
Main,Not The Same,"Lil Gnar, Lil Skies",Not The Same
Main,Nobody Move (feat. King Von),"Muwop, King Von",Nobody Move (feat. King Von)
Main,JUST LIKE YOU,NF,CLOUDS (THE MIXTAPE)
Main,JETSKI (feat. Lil Mosey & Lil Tecca),"Internet Money, Lil Tecca, Lil Mosey",JETSKI (feat. Lil Mosey & Lil Tecca)
Main,Love Or Lust,24kGoldn,El Dorado
Main,Richer,"Rod Wave, Polo G",Richer
Main,Run It Up,Juice,Run It Up
Main,meadow,raspy,meadow
Main,Down & Out,"Landon Cube, raspy, SypSki",Down & Out
Main,inlovewithmyex,raspy,inlovewithmyex
Main,RAPSTAR,Polo G,RAPSTAR
Main,Leave Me Alone,Pouya,Leave Me Alone
Main,No Conversations,Dom Vallie,No Conversations
Main,Vallie Mode,Dom Vallie,Vallie Mode
Main,Never Bend Never Fold,"Tee Grizzley, G Herbo",Never Bend Never Fold
Main,GO! (with BIG30),"Moneybagg Yo, BIG30",GO! (with BIG30)
Main,shots in the dark,"iann dior, Trippie Redd",Still Here
Main,What Love (feat. Calboy),"Laney Keyz, Calboy",What Love (feat. Calboy)
Main,Beat Box 4 (with NLE Choppa),"SpotemGottem, NLE Choppa",Beat Box 4 (with NLE Choppa)
Main,Honorable Flex,"So Logan, Chris King, Trippie Redd",Honorable Flex
Main,BADASS (with Lil Uzi Vert),"ZillaKami, Lil Uzi Vert",BADASS
Main,X,"Verse, Anx",X
Main,Opps,"JayDaYoungan, Yungeen Ace",Can't Speak on It
Main,Won (feat. Ayo & Teo & Global Dell),"Global Dan, Ayo & Teo, Global Dell",Won (feat. Ayo & Teo & Global Dell)
Main,2055,Sleepy Hallow,2055
Main,Write My Wrongs,"Bodybagg Zip, Brandon ThaKidd",Write My Wrongs
Main,Menace,Rob Da Mf Don,Attic Child
Main,durag activity (with Travis Scott),"Baby Keem, Travis Scott",durag activity (with Travis Scott)
Main,Final Warning,NLE Choppa,Final Warning
Main,Robbery,"HunnaV, 916frosty, Jxve",Robbery
Main,Spiral,21 Savage,Spiral
Main,don't wanna believe,iann dior,Still Here
Main,Wit Dat,"TheHxliday, Polo G",Wit Dat
Main,Wants and Needs (feat. Lil Baby),"Drake, Lil Baby",Scary Hours 2
Main,EVERY CHANCE I GET (feat. Lil Baby & Lil Durk),"DJ Khaled, Lil Baby, Lil Durk",KHALED KHALED
Main,Ice Water (feat. Trippie Redd),"Lil Skies, Trippie Redd",Unbothered (Deluxe)
Main,Eastern Wind,"1UP, 916frosty",Eastern Wind
Main,No Chaser,Pyrex Pryce,No Chaser
Main,Pull Up,Bloodslitz,Pull Up
Main,let go,"7evin7ins, 916frosty",let go
Main,24 Hours (feat. Lil Durk),"A Boogie Wit da Hoodie, Lil Durk",24 Hours (feat. Lil Durk)
Main,GANG GANG (with Lil Wayne),"Polo G, Lil Wayne",GANG GANG (with Lil Wayne)
Main,Sexually Active (feat. Trippie Redd),"K Suave, Trippie Redd",Sexually Active (feat. Trippie Redd)
Main,Tell Me Nothin',Matt Corman,Tell Me Nothin'
Main,Maybach (feat. Future),"42 Dugg, Future",Free Dem Boyz
Main,9 5 . s o u t h,J. Cole,The Off-Season
Main,p r i d e . i s . t h e . d e v i l (with Lil Baby),"J. Cole, Lil Baby",The Off-Season
Main,Ramen & OJ,"Joyner Lucas, Lil Baby",Ramen & OJ
Main,Run It Up (feat. Offset & Moneybagg Yo),"Lil Tjay, Offset, Moneybagg Yo",Destined 2 Win
Main,Out The Mud,Rich Dunk,Out The Mud
Main,Voice of the Heroes,"Lil Baby, Lil Durk",Voice of the Heroes
Main,Rookie Of The Year,Moneybagg Yo,Rookie Of The Year
Main,IN MY HANDS,Matt Corman,IN MY HANDS
Main,I Won,"Ty Dolla $ign, Jack Harlow, 24kGoldn",I Won [From F9 The Fast Saga Original Motion Picture Soundtrack]
Main,Scrub,Sleepy Hallow,Still Sleep?
Main,Everything Different,"Culture Jam, YoungBoy Never Broke Again, Rod Wave",Everything Different
Main,Killer (feat. Jack Harlow & Cordae) - Remix,"Eminem, Jack Harlow, Cordae",Killer (feat. Jack Harlow & Cordae) [Remix]
Main,BEEN THRU,"Ethan Ross, 916frosty",BEEN THRU
Main,Dead 2 Me,"Yung Pinch, PLVTINUM",Dead 2 Me
Main,Get Fly (feat. DaBaby),"OHGEESY, DaBaby",Get Fly (feat. DaBaby)
Main,4 Da Gang (with Roddy Ricch),"42 Dugg, Roddy Ricch",4 Da Gang (with Roddy Ricch)
Main,Poison (With Paris Shadows),"Kayzo, Paris Shadows",Poison (With Paris Shadows)
Main,On My Mind,"AkKasper, Juice WRLD",On My Mind
Main,No Return (with The Kid LAROI & Lil Durk),"Polo G, The Kid LAROI, Lil Durk",Hall of Fame
Main,That's Facts,"Lil Baby, Lil Durk",The Voice of the Heroes
Main,Painting Pictures,Polo G,Hall of Fame
Main,Lost,Ollie,Lost - Single
Main,2040,"Lil Baby, Lil Durk",The Voice of the Heroes
Main,Hats Off (feat. Travis Scott),"Lil Baby, Lil Durk, Travis Scott",The Voice of the Heroes
Main,Who I Want,"Lil Baby, Lil Durk",The Voice of the Heroes
Main,Still Hood,"Lil Baby, Lil Durk",The Voice of the Heroes
Main,9 Bridge,"Rowdy Rebel, A Boogie Wit da Hoodie",9 Bridge
Main,Red Light Green Light,DaBaby,Red Light Green Light
Main,McQueen Fiend,Caskey,I Changed
Main,Thug Paradise 2,Soldier Kidd,Thug Melodies
Main,Boom,Polo G,Hall of Fame
Main,Broken Guitars (with Scorey),"Polo G, Scorey",Hall of Fame
Main,Vaccine,Logic,Vaccine
Main,I Got (feat. Wiz Khalifa & Twenty9xx),"Yung Terp, Wiz Khalifa, Twenty9xx",I Got (feat. Wiz Khalifa & Twenty9xx)
Main,Trophies,"Young Money, Drake",Rise Of An Empire (Deluxe Edition)
Main,Ride the Lightning (717 Tapes),Warren Zeiders,Ride the Lightning (717 Tapes)
Main,SKAT (feat. DaBaby),"Tory Lanez, DaBaby",SKAT (feat. DaBaby)
Main,Motley Crew,Post Malone,Motley Crew
Main,Toxicity,Global Dan,Toxicity
Main,STAY (with Justin Bieber),"The Kid LAROI, Justin Bieber",STAY (with Justin Bieber)
Main,NEVER LEFT,Lil Tecca,NEVER LEFT
Main,Ball If I Want To,DaBaby,Ball If I Want To
Main,Wockesha,Moneybagg Yo,A Gangsta’s Pain
Main,Cry No More,"G Herbo, Polo G, Lil Tjay",25
Main,Hurricane,I Prevail,TRAUMA
Main,NOT SOBER (feat. Polo G & Stunna Gambino),"The Kid LAROI, Polo G, Stunna Gambino",F*CK LOVE 3: OVER YOU
Main,OVER YOU,The Kid LAROI,F*CK LOVE 3: OVER YOU
Main,SAME ENERGY,The Kid LAROI,F*CK LOVE 3: OVER YOU
Main,DON'T LEAVE ME (feat. G Herbo & Lil Durk),"The Kid LAROI, G Herbo, Lil Durk",F*CK LOVE 3: OVER YOU
Main,BAD NEWS,The Kid LAROI,F*CK LOVE 3: OVER YOU
Main,Whippin (feat. Young M.A),"Chris Webby, Young M.A",Whippin (feat. Young M.A)
Main,Big Bad Wolf (feat. YG),"OHGEESY, YG",Big Bad Wolf (feat. YG)
Main,Over The Top (feat. Drake),"Smiley, Drake",Over The Top (feat. Drake)
Main,Alright (feat. 24kGoldn & Quavo),"HVME, 24kGoldn, Quavo",Alright (feat. 24kGoldn & Quavo)
Main,MONEY ON ME,Lil Tecca,MONEY ON ME
Main,LOL,"Melo Makes Music, 916frosty",LOL
Main,I DON'T KNOW,The Kid LAROI,F*CK LOVE 3+: OVER YOU
Main,ABOUT YOU,The Kid LAROI,F*CK LOVE 3+: OVER YOU
Main,At Will (feat. EST Gee),"G-Eazy, EST Gee",At Will (feat. EST Gee)
Main,Cheater (feat. Tom The Mail Man),"SAIAH, Tom The Mail Man",Cheater (feat. Tom The Mail Man)
Main,HEART(BREAK),SAIAH,HEART(BREAK)
Main,On Go (feat. Polo G),"Sheff G, Polo G",On Go (feat. Polo G)
Main,"Girl Next Door (feat. Wiz Khalifa, DVBBS)","SK8, Wiz Khalifa, DVBBS","Girl Next Door (feat. Wiz Khalifa, DVBBS)"
Main,Robbery 2,"HunnaV, 916frosty, SypSki",Robbery 2
Main,BEST FOR ME,The Kid LAROI,F*CK LOVE 3+: OVER YOU
Main,Closed Curtains (feat. Wes Walker & Waka Flocka Flame),"Nick Galecki, Wes Walker, Waka Flocka Flame",Closed Curtains (feat. Wes Walker & Waka Flocka Flame)
Main,Best Friends 4L (feat. Lil Tjay),"YNW Melly, Lil Tjay",Best Friends 4L (feat. Lil Tjay)
Main,Look Back,"DJ Chose, Stunna 4 Vegas",Look Back
Main,Naughty or Nice (feat. Wiz Khalifa),"THEMXXNLIGHT, Wiz Khalifa",Naughty or Nice (feat. Wiz Khalifa)
Main,23 Island,JayDaYoungan,Misunderstood
Main,Elimination,JayDaYoungan,23
Main,papercuts,mgk,papercuts
Main,SUVs (Black on Black),"Jack Harlow, Pooh Shiesty",SUVs (Black on Black)
Main,Paralyzed,Sueco,Paralyzed
Main,London (feat. Gunna),"Booka600, Gunna",London (feat. Gunna)
Main,Mmm Hmm,NLE Choppa,Mmm Hmm
Main,Stunna,Global Dan,Stunna
Main,alone in a room full of people,blackbear,misery lake
Main,Isis (feat. Logic),"Joyner Lucas, Logic",ADHD
Main,Bout Me,"Bnkroll Benny, MoneyBaggYo",Bout Me
Main,Eye for an Eye,Boslen,Eye for an Eye
Main,DENY (feat. Tyla Yaweh),"Boslen, Tyla Yaweh",DENY (feat. Tyla Yaweh)
Main,QUARTZ (feat. Charmaine),"Boslen, Charmaine",QUARTZ (feat. Charmaine)
Main,VULTURES,Boslen,VULTURES
Main,Grinding All My Life,Nipsey Hussle,Victory Lap
Main,Oblivion,7ru7h,Oblivion
Main,In a Minute,Polo Capalot,In a Minute
Main,Route 66 (feat. EST Gee),"Jack Harlow, EST Gee",Thats What They All Say
Main,Run It Up (feat. Sleepy Hallow & A Boogie Wit Da Hoodie),"Sheff G, Sleepy Hallow, A Boogie Wit da Hoodie",Run It Up (feat. Sleepy Hallow & A Boogie Wit Da Hoodie)
Main,NIGHTFALL (feat. Dro Kenji),"Boslen, Dro Kenji",DUSK to DAWN
Main,Free RIC (feat. Lil Durk),"42 Dugg, Lil Durk",Free Dem Boyz (Deluxe)
Main,Blue Notes 2 (feat. Lil Uzi Vert),"Meek Mill, Lil Uzi Vert",Blue Notes 2 (feat. Lil Uzi Vert)
Main,MONEY IN THE BAG,Matt Corman,MONEY IN THE BAG
Main,In a Minute,"Rod West, Calboy",In a Minute
Main,Opp Pack (feat. Nardo Wick),"42 Dugg, Nardo Wick",Free Dem Boyz (Deluxe)
Main,Free Dem Boyz Pt. 2,42 Dugg,Free Dem Boyz (Deluxe)
Main,On My Son (feat. Moneybagg Yo),"42 Dugg, Moneybagg Yo",Free Dem Boyz (Deluxe)
Main,We Know,42 Dugg,Free Dem Boyz (Deluxe)
Main,No Time For Sleep (Freestyle),Bobby Shmurda,No Time For Sleep (Freestyle)
Main,MONEY ON ME,Lil Tecca,We Love You Tecca 2 (Deluxe)
Main,REPEAT IT (with Gunna),"Lil Tecca, Gunna",We Love You Tecca 2 (Deluxe)
Main,CAUTION,Lil Tecca,We Love You Tecca 2 (Deluxe)
Main,SEASIDE (feat. iann dior),"Lil Tecca, iann dior",We Love You Tecca 2 (Deluxe)
Main,NO DISCUSSION,Lil Tecca,We Love You Tecca 2 (Deluxe)
Main,DID THAT,Lil Tecca,We Love You Tecca 2 (Deluxe)
Main,ABOUT YOU (with NAV),"Lil Tecca, NAV",We Love You Tecca 2 (Deluxe)
Main,Dreams Unfold,"Joyner Lucas, Lil Tjay",Dreams Unfold
Main,Rich MF (feat. Polo G & Lil Durk),"Trippie Redd, Polo G, Lil Durk",Trip At Knight
Main,"Captain Crunch (feat. Babyface Ray, Sada Baby, & Icewear Vezzo)","Trippie Redd, Sada Baby, Icewear Vezzo, Babyface Ray",Trip At Knight
Main,Hardaway,"Yungeen Ace, King Von",Life of Betrayal 2x
Main,Choppas 4 My Enemies,"Yungeen Ace, G Herbo",Life of Betrayal 2x
Main,Giving Up,Yungeen Ace,Life of Betrayal 2x
Main,Used To This,Pyrex Pryce,Used To This
Main,Trenches (feat. Polo G) - Remix,"Morray, Polo G",Trenches (feat. Polo G) [Remix]
Main,Switched Up,Morray,Street Sermons
Main,Dead Prezis (feat. G-Eazy),"Travis Thompson, G-Eazy",BLVD BOY
Main,Stupid Again,Tory Lanez,The New Toronto 3
Main,Baggin',"Marshmello, 42 Dugg",Baggin'
Main,Matt Hardy 999 (feat. Juice WRLD),"Trippie Redd, Juice WRLD",Trip At Knight
Main,REPEAT IT (with Gunna),"Lil Tecca, Gunna",REPEAT IT
Main,Pretty,"Landon Cube, 24kGoldn",Pretty
Main,17,"Landon Cube, Lil Skies",Orange
Main,Respect It (with Hit-Boy feat. Young Thug),"Big Sean, Hit-Boy, Young Thug",Detroit 2
Main,Shooters,Tory Lanez,MEMORIES DON'T DIE
Main,Rich All My Life,"Tay B, Lil Baby",Rich All My Life
Main,The Announcement (Sex Drugs & Rock and Roll),G-Eazy,The Announcement (Sex Drugs & Rock and Roll)
Main,Paper Cuts (ft. Gunna),"3ohBlack, Gunna",Paper Cuts (ft. Gunna)
Main,Ayy (feat. YG & Logic),"Berner, Mozzy, YG, Logic",Slimey Individualz
Main,Find A Way (feat. Lil Baby & Lil Durk),"H.E.R., Lil Durk, Lil Baby",Find A Way (feat. Lil Baby & Lil Durk)
Main,V12 (feat. Lil Uzi Vert),"iann dior, Lil Uzi Vert",V12 (feat. Lil Uzi Vert)
Main,PTSD,"G Herbo, Lil Uzi Vert, Juice WRLD, Chance the Rapper",PTSD
Main,Finding My Way,Ace Hood,Self Preservation
Main,Faithful (feat. Marc E. Bassy),"G-Eazy, Marc E. Bassy",These Things Happen Too
Main,Story,Polo Capalot,Story
Main,Wockesha (with Lil Wayne & Ashanti) - Remix,"Moneybagg Yo, Lil Wayne, Ashanti",Wockesha (with Lil Wayne & Ashanti) [Remix]
Main,Your Heart,"Joyner Lucas, J. Cole",Your Heart
Main,Come Through (feat. Lil Tecca),"Bankrol Hayden, Lil Tecca",Come Through (feat. Lil Tecca)
Main,Instructions (feat. YG),"G-Eazy, YG",These Things Happen Too
Main,Silence (feat. Lil Baby),"Like Mike, Lil Baby",Silence (feat. Lil Baby)
Main,"Last One Standing (feat. Polo G, Mozzy & Eminem) - From Venom: Let There Be Carnage","Skylar Grey, Polo G, Mozzy, Eminem","Last One Standing (feat. Polo G, Mozzy & Eminem) [From Venom: Let There Be Carnage]"
Main,Fall In Line,Polo Capalot,Fall In Line
Main,this song sucks lol,"rxwdyrxwdyrxwdy, Paris Shadows",this song sucks lol
Main,SWERVE,"YesRezz, 42 Dugg",SWERVE
Main,too easy,"Gunna, Future",too easy
Main,Good Girls Gone Bad,"2Scratch, Tory Lanez",Good Girls Gone Bad
Main,"Who Want Smoke?? (feat. G Herbo, Lil Durk & 21 Savage)","Nardo Wick, G Herbo, Lil Durk, 21 Savage","Who Want Smoke?? (feat. G Herbo, Lil Durk & 21 Savage)"
Main,Prada (feat. Lil Tecca),"24kGoldn, Lil Tecca",Prada (feat. Lil Tecca)
Main,Late to the Party,"Joyner Lucas, Ty Dolla $ign",Late to the Party
Main,Voices (feat. TheHxliday),"12AM, TheHxliday",Voices (feat. TheHxliday)
Main,Change,Bailey Zimmerman,Change
Main,Never Comin' Home,Bailey Zimmerman,Change
Main,Small Town Crazy,Bailey Zimmerman,Change
Main,Lifeline,Layto,Lifeline
Main,"Rolling Loud (feat. Big Scarr, BigWalkDog)","Hotboy Wes, BigWalkDog, Big Scarr",So Icy Boyz
Main,Dusa (feat. Kevin Gates),"FL Dusa, Kevin Gates",Dusa (feat. Kevin Gates)
Main,Killing The Rats,Kodak Black,Killing The Rats
Main,Flocky Flocky (feat. Travis Scott),"Don Toliver, Travis Scott",Flocky Flocky (feat. Travis Scott)
Main,Retaliation,22Gz,Retaliation
Main,Twirlanta,22Gz,Retaliation
Main,Yeah Bitch (feat. DaBaby),"Kayykilo, DaBaby",Yeah Bitch (feat. DaBaby)
Main,Maniac,"Landon Cube, Anthony Ortiz",Maniac
Main,Chess,"Only The Family, Tee Grizzley",Only The Family - Lil Durk Presents: Loyal Bros
Main,cocaine shawty,"Lil Peep, Yunggoth✰",Friends
Main,Jumpin (feat. Polo G),"NLE Choppa, Polo G",Jumpin (feat. Polo G)
Main,Stupid Heart,"Bluey Thomas, Paris Shadows",Stupid Heart
Main,Color Money (feat. Dasher & Eddro),"Trula Meez, Dasher, Eddro",Color Money (feat. Dasher & Eddro)
Main,Funeral,Paris Shadows,Two Nights in Paris
Main,Holding On,Paris Shadows,Two Nights in Paris
Main,Trouble Calling,"Really Rich Records, YoungBoy Never Broke Again",Trouble Calling
Main,Lion Eyes,Lil Durk,Lion Eyes
Main,Twilight,Darci,Long Days Away EP
Main,Poppin,"Gucci Mane, BigWalkDog",Ice Daddy
Main,Strings,"iann dior, Gunna",Industry Plant
Main,Can't Complain (feat. Reaper),"42 Dugg, Reaper",Can't Complain (feat. Reaper)
Main,Alright,"Yung Pinch, Bighead",Alright
Main,Barbados,Global Dan,Barbados
Main,Good Day,iann dior,I'm Gone
Main,Lift Me Up,Tyga,Lift Me Up
Main,Me or Sum (feat. Future & Lil Baby),"Nardo Wick, Future, Lil Baby",Me or Sum (feat. Future & Lil Baby)
Main,Young N Dumb,Polo G,Hall of Fame 2.0
Main,2 Lil Niggas Uptown,"Lil Ivyjr, JayDaYoungan",2 Lil Niggas Uptown
Main,So Called Life,Three Days Grace,So Called Life
Main,LONELY STAR,"Memoria XI, Landon Cube",LONELY STAR
Main,falling down,DopeDavid,falling down
Main,Used,DopeDavid,Used
Main,IOD (feat. Lil Skies),"Token, Lil Skies, YKD Jah",IOD (feat. Lil Skies)
Main,I Really (with 42 Dugg & Moneybagg Yo),"Hotboii, 42 Dugg, Moneybagg Yo",I Really (with 42 Dugg & Moneybagg Yo)
Main,Not The Same God As Mine,Lil Mosey,Not The Same God As Mine
Main,FINDERS KEEPERS (feat. Scorey & Internet Money),"Dro Kenji, Scorey, Internet Money",FINDERS KEEPERS (feat. Scorey & Internet Money)
Main,Caterpillars to Butterflies,Yungeen Ace,Caterpillars to Butterflies
Main,No Drama,Bankrol Hayden,No Drama
Main,What A Life,"Big Sean, Hit-Boy",What A Life
Main,M&M (with Future feat. Lil Baby),"Rvssian, Future, Lil Baby",M&M (with Future feat. Lil Baby)
Main,Stop The Cap,"Packo, Tee Grizzley",Stop The Cap
Main,Tell Santa,Tyga,Tell Santa
Main,Drop Shit,NLE Choppa,Drop Shit
Main,Stars Don't Shine (feat. Global Dan),"Steve Aoki, Global Dan",Stars Don't Shine (feat. Global Dan)
Main,Secrets,Landon Cube,Secrets
Main,More Than Friends,24kGoldn,More Than Friends
Main,Man in the Mirror,A Boogie Wit da Hoodie,B4 AVA
Main,Broadway Girls (feat. Morgan Wallen),"Lil Durk, Morgan Wallen",Broadway Girls (feat. Morgan Wallen)
Main,After Hours,charlieonnafriday,After Hours
Main,Chillin',charlieonnafriday,Chillin'
Main,Ridin' Around,charlieonnafriday,Ridin' Around
Main,Ghost Town,Benson Boone,Ghost Town
Main,Life Goes On (feat. Trippie Redd & Ski Mask The Slump God),"Oliver Tree, Trippie Redd, Ski Mask The Slump God",Life Goes On (feat. Trippie Redd & Ski Mask The Slump God)
Main,Shakey x off these drugs,ShakeyFunnyAzz,Shakey x off these drugs
Main,EA (feat. 21 Savage),"Young Nudy, 21 Savage",SlimeBall 2
Main,Flights,"BandoPop, Lil Baby",Flights
Main,Bring The Hook,YoungBoy Never Broke Again,Colors Teaser
Main,Back 2 Basics,Kid Ink,ALIVE (Deluxe)
Main,On my own,Global Dan,On my own
Main,Bella (with 24kGoldn),"Static, Ben El, 24kGoldn",Bella (with 24kGoldn)
Main,Chronicles (feat. H.E.R. & Lil Durk),"Cordae, H.E.R., Lil Durk",From a Birds Eye View
Main,You Said,Connor Price,You Said
Main,Don't Tell Me,"Connor Price, John Roa",Don't Tell Me
Main,thought it was,"iann dior, Travis Barker, mgk",thought it was
Main,I might,iann dior,on to better things
Main,Surround Sound (feat. 21 Savage & Baby Tate),"JID, 21 Savage, Baby Tate",Surround Sound (feat. 21 Savage & Baby Tate)
Main,Rumors (feat. Lil Durk),"Gucci Mane, Lil Durk",Rumors (feat. Lil Durk)
Main,Icee Pop,Nic D,Icee Pop
Main,Afterlife,Tee Grizzley,Afterlife
Main,Lost Without You,"Robbie Coupe III, Calboy, Lund, Jared Anthony, Sarcastic Sounds",Lost Without You
Main,Ready for It,JayDaYoungan,Scarred – EP
Main,Im Angry Freestyle,Roney,I'm Angry Freestyle
Main,Homesick,"Anx, Sol Jay, Sombrsyrn","Maybe One Day, I'll Die Happy"
Main,No Option,Flipp Dinero,Table For One
Main,Fresh Off A Heartbreak,Fresco Trey,Fresh Off A Heartbreak
Main,Alone,Fresco Trey,Heartbreak Diaries
Main,Backseat,"Juicy J, Wiz Khalifa, Project Pat",Backseat
Main,Know,7ru7h,Oblivion
Main,Gonna Be Okay,Brent Morgan,Gonna Be Okay
Main,Don't Play That,"King Von, 21 Savage",Don't Play That
Main,Cold Gangsta,"Yo Gotti, 42 Dugg, EST Gee",Cold Gangsta
Main,emo girl (feat. WILLOW),"mgk, WILLOW",emo girl (feat. WILLOW)
Main,Cigarettes,Juice WRLD,Cigarettes
Main,Scared Money (feat. J. Cole and Moneybagg Yo),"YG, J. Cole, Moneybagg Yo",Scared Money
Main,Dumb Enough (feat. Yoflem),"Feni, Yoflem",Dumb Enough (feat. Yoflem)
Main,Loser,Sueco,Loser
Main,Lick Me Baby,NLE Choppa,Me vs. Me
Main,Cut Em Off,DLU Kemp,Cut Em Off
Main,Need You,Fresco Trey,Need You
Main,Gospel (with Eminem),"Dr. Dre, Eminem",Gospel (with Eminem)
Main,Said It’s Lit,22Gz,Said It’s Lit
Main,Threat (feat. 42 Dugg),"Blac Youngsta, 42 Dugg",Threat (feat. 42 Dugg)
Main,Already Knew It,JayDaYoungan,Scarred – EP
Main,On My Own,charlieonnafriday,On My Own
Main,Freshman Year,Vwillz,Freshman Year
Main,Heartbreak Killer.,Ramtin,Heartbreak Killer.
Main,ANGELS & DEMONS,jxdn,Tell Me About Tomorrow
Main,Dawn to Dusk,"24kGoldn, LAY",Dawn to Dusk
Main,DEAD WRONG,"SpaceMan Zack, 7ru7h",DEAD WRONG
Main,Lost In My Head,"Robbie Coupe III, Sarcastic Sounds, Lund, Calboy, Jared Anthony",Lost In My Head
Main,Drunk in Love,Yung Pinch,4EVERHEARTBROKE - THE FINAL CHAPTER
Main,Options (feat. 24kGoldn),"Internet Money, 24kGoldn",Options (feat. 24kGoldn)
Main,AHHH HA,Lil Durk,AHHH HA
Main,Colorado Boulder,"charlieonnafriday, Kidd G",Colorado Boulder
Main,Germantown,"$uicideboy$, Black Smurf",Black $uicide Side C: The Seventh Seal
Main,Possessed,22Gz,The Blixky Tape 2 (Deluxe)
Main,Drunk Dial,Sueco,It Was Fun While It Lasted
Main,Publicity Stunt,Gucci Mane,Publicity Stunt
Main,Beat The Streets,Tee Grizzley,Beat The Streets
Main,Loyalty (feat. Internet Money),"22Gz, Internet Money",The Blixky Tape 2 (Deluxe)
Main,CAP,Tory Lanez,CAP
Main,Alive,H20 Hadd,Almost Lost myself
Main,Energy,Drake,If You're Reading This It's Too Late
Main,Sober Up,"Yung Honi, Empra Ely",Sober Up
Main,roll the windows up,mgk,lockdown sessions
Main,Started From,Lil Durk,7220
Main,Opposite,YoungBoy Never Broke Again,Opposite
Main,ScatPacc (feat. NLE Choppa),"Baby Hot, NLE Choppa",ScatPacc (feat. NLE Choppa)
Main,"Going Through It (feat. Moneybagg Yo, NoCap)","Sam James, Moneybagg Yo, NoCap","Going Through It (feat. Moneybagg Yo, NoCap)"
Main,SOLD OUT,HARDY,SOLD OUT
Main,LIGHT IT UP,Matt Corman,LIGHT IT UP
Main,Feline (with Polo G & Trippie Redd),"Juice WRLD, Polo G, Trippie Redd",Fighting Demons (Deluxe)
Main,Darkside,Vwillz,Darkside
Main,Smoking & Thinking,Lil Durk,7220 (Reloaded)
Main,In My Zone,Jae Zole,In My Zone
Main,Remember Me,Jae Zole,APT. 218
Main,Free The Shiners,"42 Dugg, EST Gee",Free The Shiners
Main,Play This At My Funeral (feat. Landon Cube),"Lil Skies, Landon Cube",Play This At My Funeral (feat. Landon Cube)
Main,make up sex (feat. blackbear),"mgk, blackbear",mainstream sellout
Main,In My Head (feat. Travis Barker),"24kGoldn, Travis Barker",In My Head (feat. Travis Barker)
Main,Big Steppa,JayDaYoungan,All is Well - EP
Main,No Love (feat. Sleepy Hallow),"Fredo Bang, Sleepy Hallow",No Love
Main,RFGL,"whiterosemoxie, PmBata",RFGL
Main,Petty Too (feat. Future),"Lil Durk, Future",7220 (Reloaded)
Main,Lying To Myself,7ru7h,Lying To Myself
Main,STEPPIN ON THE SCENE,Yung Pinch,STEPPIN ON THE SCENE
Main,Lifetime,Tyga,Lifetime
Main,Waddup (feat. Polo G),"PGF Nuk, Polo G",Waddup (feat. Polo G)
Main,Thump Shit,"42 Dugg, EST Gee",Thump Shit
Main,Can't Be Us (feat. 916Frosty),"909memphis, 916frosty",Can't Be Us (feat. 916Frosty)
Main,Right On,Lil Baby,Right On
Main,We Lost Our Way,Paris Shadows,We Lost Our Way
Main,Ah Ha freestyle,"Blixky Gang, 22Gz",Ah Ha freestyle
Main,Stick (with JID & J. Cole feat. Kenny Mason & Sheck Wes),"Dreamville, JID, J. Cole, Kenny Mason, Sheck Wes",D-Day: A Gangsta Grillz Mixtape
Main,Buss It All Down,Tee Grizzley,Buss It All Down
Main,Lightning (feat. Pooh Shiesty),"Foogiano, Pooh Shiesty","So Icy Gang, Vol. 1"
Main,Serial Killers,Gucci Mane,Serial Killers
Main,Robbery Part 3,Tee Grizzley,Half Tee Half Beast
Main,Chauffeur,"Diljit Dosanjh, Tory Lanez, Ikky",Chauffeur
Main,Buy The Building,Yungeen Ace,All On Me
Main,,,
Main,Nino,BigWalkDog,Nino
Main,Outlaws,"Dizzy Wright, DJ Hoppa, Chris Webby",Dizzyland
Main,Thump Shit,"42 Dugg, EST Gee",Last Ones Left
Main,Captain America,Cal Scruby,Captain America
Main,Ice Talk,"42 Dugg, EST Gee",Last Ones Left
Main,K Like A Russian,Maitchhh,K Like A Russian
Main,is it you,iann dior,on to better things
Main,I Hope You're Happy,Games We Play,I Hope You're Happy
Main,Sadboi Anthem 2,re4se,Sadboi Anthem 2
Main,Angel,G-Eazy,Angel
Main,THOUSAND MILES,The Kid LAROI,THOUSAND MILES
Main,24 Hours,Fresco Trey,24 Hours
Main,Hold That Heat (feat. Travis Scott),"Southside, Future, Travis Scott",Hold That Heat (feat. Travis Scott)
Main,Cannot Relate,"Robbie Coupe III, Lund, Sarcastic Sounds, Calboy, Jared Anthony, Chris Travis, Eddy Baker",Cannot Relate
Main,Finally Happy,Jae Zole,Finally Happy
Main,FENTANYL,Ekoh,FENTANYL
Main,NUMB,Chri$tian Gate$,NUMB
Main,Can't Lose (feat. Lil Durk),"Lil Mexico, Lil Durk",Can't Lose (feat. Lil Durk)
Main,FALLEN STAR (feat. Y2K),"Boslen, Y2K",FALLEN STAR (feat. Y2K)
Main,No Switches (feat. Tory Lanez),"Lil Gnar, Tory Lanez",No Switches (feat. Tory Lanez)
Main,All I Know,"Robbie Coupe III, Don Q, Calboy, Lund, Jared Anthony, Eddy Baker, Chris Travis, Sarcastic Sounds",All I Know
Main,Switches & Dracs (feat. Lil Durk & EST Gee),"Moneybagg Yo, Pooh Shiesty, Lil Durk, EST Gee",Switches & Dracs (feat. Lil Durk & EST Gee)
Main,Big Lyfe,Kevin Gates,Big Lyfe
Main,Tetris,Logic,Tetris / Decades
Main,Brazy (with YNW Melly),"Fredo Bang, YNW Melly",Brazy
Main,Thought You Should Know,Morgan Wallen,Thought You Should Know
Main,Queen of Hearts,7ru7h,Queen of Hearts
Main,Dua Lipa,Jack Harlow,Come Home The Kids Miss You
Main,I'M ON ONE (feat. Drake),"Future, Drake",I NEVER LIKED YOU
Main,Someone To Love,Jae Zole,Someone To Love
Main,Facts,Fresco Trey,Heartbreak Diaries 2
Main,Bloody Tears,"BigBankBandz, G Herbo",Bloody Tears
Main,Overboard,Vwillz,Overboard
Main,Bustdown Rollie Avalanche,"Kai Cenat, NLE Choppa",Bustdown Rollie Avalanche
Main,Stay for the Night,"Louis Supreme, Paris Shadows",Stay for the Night
Main,DIRTY WHITE VANS REMIX// (feat. Wiz Khalifa),"KennyHoopla, Wiz Khalifa",DIRTY WHITE VANS REMIX// (feat. Wiz Khalifa)
Main,"Gang Baby (Never Broke Again, YoungBoy Never Broke Again, P Yungin feat. Rojay MLP & Rjae)","Never Broke Again, YoungBoy Never Broke Again, P Yungin, Rojay MLP, RJAE","Gang Baby (Never Broke Again, YoungBoy Never Broke Again, P Yungin feat. Rojay MLP & Rjae)"
Main,N95,Kendrick Lamar,Mr. Morale & The Big Steppers
Main,EGOT,Connor Price,EGOT
Main,Receipts,"Connor Price, Matty Beats, Lex Bratcher",Receipts
Main,gfy (with Machine Gun Kelly),"blackbear, mgk",gfy (with Machine Gun Kelly)
Main,not a home,Pardyalone,not a home
Main,"Orville (feat. Like, Blu & Exile)","Logic, Like, Blu, Exile",Orville
Main,Salt,Sueco,Salt
Main,"Jimmy, Brian and Mike",Eminem,The Eminem Show (Expanded Edition)
Main,See Wat I’m Sayin,"Moneybagg Yo, CMG The Label",See Wat I’m Sayin
Main,BONNET (feat. Pooh Shiesty),"DaBaby, Pooh Shiesty",BONNET (feat. Pooh Shiesty)
Main,"My Mind, Pt. 2","Robbie Coupe III, Eddy Baker, Chris Travis","My Mind, Pt. 2"
Main,Dream On,Jae Zole,Dream On
Main,Distraction,Polo G,Distraction
Main,Luv Bang,"Trey Trilla, Joyner Lucas",Luv Bang
Main,Bleed It,Logic,Bleed It
Main,Love & Drugs (feat. Dixie),"teamwork., Trevor Daniel, Trippie Redd, Dixie",Love & Drugs (feat. Dixie)
Main,Hustler's Anthem V2 (feat. Kevin Gates),"Rob49, Birdman, Kevin Gates",Hustler's Anthem V2 (feat. Kevin Gates)
Main,Bye Haters,"Hi-Rez, Wiz Khalifa, Only For The Fans",Bye Haters
Main,PATIENCE,Diversify,PATIENCE
Main,WTF,Hotboii,WTF
Main,Set Up Story Part 1,NLE Choppa,Set Up Story Part 1
Main,Gasoline,"Nic D, Connor Price",Gasoline
Main,Bump Heads,"Eminem, Tony Yayo, 50 Cent, Lloyd Banks",The Eminem Show (Expanded Edition)
Main,Heart Broke,Fresco Trey,Heartbreak Diaries 2
Main,Menace (feat. Fredo Bang),"Eli Fross, Fredo Bang",Menace (feat. Fredo Bang)
Main,sidelines,midwxst,sidelines
Main,That's Life,T.E.,That's Life
Main,Live Fast Die Numb,iann dior,Live Fast Die Numb
Main,Cap Freestyle,Lil Man J,Cap Freestyle
Main,What I'm On,Lil Man J,What I'm On
Main,U-Digg (feat. 42 Dugg & Veeze),"Lil Baby, 42 Dugg, Veeze",U-Digg (feat. 42 Dugg & Veeze)
Main,Storyteller,DDG,Storyteller
Main,Drive Thru,Polo Capalot,Drive Thru
Main,"Run (feat. Tyga, 21 Savage & BIA)","YG, Tyga, 21 Savage, BIA",Run
Main,Late To Da Party (F*CK BET) (feat. YoungBoy Never Broke Again),"Lil Nas X, YoungBoy Never Broke Again",Late To Da Party (F*CK BET) (feat. YoungBoy Never Broke Again)
Main,From The D 2 The LBC (with Snoop Dogg),"Eminem, Snoop Dogg",From The D 2 The LBC (with Snoop Dogg)
Main,OMG,Vwillz,OMG
Main,FREEFALL,Flannan,FREEFALL
Main,last november,mgk,mainstream sellout (life in pink deluxe)
Main,Paris to Tokyo,"Fivio Foreign, The Kid LAROI",Paris to Tokyo
Main,Hit Em,Polo Capalot,Hit Em
Main,the idea,blackbear,the idea
Main,Smile Today (feat. Money Man),"Numbaa 7, Money Man",Smile Today (feat. Money Man)
Main,BLACKWHITEBOY,Logic,Vinyl Days
Main,Deep End (feat. Lil Skies),"Bankrol Hayden, Lil Skies",Deep End (feat. Lil Skies)
Main,Valley of Lies,"TOMORROW X TOGETHER, iann dior",Valley of Lies
Main,circus,PmBata,circus
Main,"Fuck My Cousin, Pt. II (feat. Lil Durk)","Lil Zay Osama, Lil Durk","Fuck My Cousin, Pt. II (feat. Lil Durk)"
Main,I Find It Hard,iann dior,I Find It Hard
Main,She Likes My Tattoos,Pardyalone,She Likes My Tattoos
Main,Like Me (feat. iann dior),"$NOT, iann dior",Beautiful Havoc
Main,500 on Me,Gwapmizzle,500 on Me
Main,F350 Freestyle,David Morris,F350 Freestyle
Main,Voices in My Head,7ru7h,Voices in My Head
Main,Life Is A Tragedy,"SinceWhen, Brennan Savage",Life Is A Tragedy
Main,Karma,Kidd G,Karma
Main,These Days,Connor Price,These Days
Main,STAYING ALIVE (feat. Drake & Lil Baby),"DJ Khaled, Drake, Lil Baby",STAYING ALIVE (feat. Drake & Lil Baby)
Main,Person I Came From (feat. Ashley Ave),"Fresco Trey, Ashley Ave",Person I Came From (feat. Ashley Ave)
Main,Next Thing You Know,Jordan Davis,Next Thing You Know
Main,Next Ex - Sped Up Version,sped up nightcore,Next Ex (Sped Up Version)
Main,IDGAF,42 Dugg,IDGAF
Main,nothing matters (with Jordan Pundik of New Found Glory),"blackbear, New Found Glory",in loving memory
Main,toxic energy (with Bert McCracken of The Used),"blackbear, The Used",in loving memory
Main,fuilu,blackbear,in loving memory
Main,Detox,Lil Baby,Detox
Main,Fantastic,Tyga,Fantastic
Main,Never Be Alright,Seon,Never Be Alright
Main,September,Jae Zole,September
Main,Bodybags,Ron Solemn,Bodybags
Main,Lost Me,Henny Hermes,Lost Me
Main,7/11,Fresco Trey,7/11
Main,Movie Star (ft. MOD SUN & Global Dan),"Steve Aoki, MOD SUN, Global Dan",Movie Star (ft. MOD SUN & Global Dan)
Main,Max Out (feat. Shawny Binladen),"22Gz, Shawny Binladen",Max Out (feat. Shawny Binladen)
Main,Sink Or Swim,Vwillz,Sink Or Swim
Main,Why Did I,Tory Lanez,Why Did I
Main,SAFE ROUTE,Matt Corman,SAFE ROUTE
Main,Drafting Plans,"True Demp$ey, Jae Zole",Drafting Plans
Main,C'est La Vie (with bbno$ & Rich Brian),"Yung Gravy, bbno$, Rich Brian",C'est La Vie
Main,Last Thing I Do,Sueco,It Was Fun While It Lasted (Deluxe)
Main,Straight A's,Connor Price,Straight A's
Main,Dubai Freestyle,Bazanji,Dubai Freestyle
Main,"Save Me, Please",Trippie Redd,First Draft
Main,I Wonder,Russell Dickerson,I Wonder
Main,Start Over (feat. 6LACK),"Trey Bond, 6LACK",Start Over (feat. 6LACK)
Main,Mistakes,24kGoldn,Mistakes
Main,Tell Me Your Secrets,Brennan Savage,Tell Me Your Secrets
Main,9 Lives (feat. Polo G & NLE Choppa),"DDG, Polo G, NLE Choppa",It's Not Me It's You
Main,Elon Musk (feat. Gunna),"DDG, Gunna",It's Not Me It's You
Main,Love Myself (feat. Kevin Gates),"DDG, Kevin Gates",It's Not Me It's You
Main,FLIP (feat. Matt Corman),"ELLIS!, Matt Corman",FLIP (feat. Matt Corman)
Main,Must Not Say,"Teddy, Lil Tracy, Brennan Savage",Tales of Euphoria
Main,California Breeze,Lil Baby,It's Only Me
Main,Children of Night,"Jonathan Young, Judge & Jury, Barry Stock, Three Days Grace",Children of Night
Main,4AM in MN,Jae Zole,4AM in MN
Main,"You, My Liege (Alone)",7ru7h,OII Purgatory
Main,Bad Day (feat. Millyz),"Chris Webby, Millyz",Bad Day (feat. Millyz)
Main,Comatose,Brennan Savage,Comatose
Main,Cry Cry Cry,7ru7h,OII Purgatory
Main,I Ain't Worried,OneRepublic,"I Ain’t Worried (Music From The Motion Picture ""Top Gun: Maverick"")"
Main,INTERSTATE,Matt Corman,INTERSTATE
Main,Zone Out,"DJ Diddy, Vwillz, 2Rare",Zone Out
Main,On My Own,Jae Zole,Back On My Bullsh*t
Main,Vegan,Fresco Trey,Vegan
Main,Blue Shell,"Connor Price, K.Keed",Blue Shell
Main,Toy Story,Token,Toy Story
Main,Torture,7ru7h,OII Purgatory
Main,Rich Flex,"Drake, 21 Savage",Her Loss
Main,Texas,BigXthaPlug,Texas
Main,7 Mile x Seminary,"G.T., Philthy Rich",Timeless
Main,mr. sunshine,Arden Jones,age tape 0
Main,Grave Shift,Darci,Grave Shift
Main,Lost & Free,Hxzz,Lost & Free
Main,Courtside,Bankrol Hayden,Courtside
Main,Wild Horse,Darci,Long Days Away EP
Main,On My Own,Darci,On My Own
Main,Paid My Dues,Yung Pinch,Paid My Dues
Main,LOVE AGAIN,The Kid LAROI,LOVE AGAIN
Main,21,"Ekoh, King Iso",The D4tour
Main,Falling,Brennan Savage,Falling
Main,Dogs Out,Cooliecut,Dogs Out
Main,GEEKALEEK (feat. Cash Kidd),"OHGEESY, Cash Kidd",GEEKALEEK (feat. Cash Kidd)
Main,No Time Wasted (feat. Future),"Polo G, Future",No Time Wasted (feat. Future)
Main,"Chase Down (feat. Lil Bean, Zaybang, Lil Yee & KxNG LLAMA)","Zaytoven, Fo15, Lil Bean, ZayBang, Lil Yee, KxNG LLAMA",Zaytoven Presents: Fo15
Main,careless 2.0,Arden Jones,careless 2.0
Main,"Bop Slide (feat. Blueface, OHGEESY & Maxo Kream)","Bankrol Hayden, Blueface, OHGEESY, Maxo Kream","Bop Slide (feat. Blueface, OHGEESY & Maxo Kream)"
Main,MOTTO,NF,MOTTO
Main,Not A Beanie,"Connor Price, bbno$",Not A Beanie
Main,All You See,Yung Pinch,All You See
Main,fvcked up,Arden Jones,fvcked up
Main,Tulips & Roses,G-Eazy,Tulips & Roses
Main,Sundown,"Nic D, Vwillz",Sundown
Main,Peace and Love,Wiz Khalifa,Peace and Love
Main,Lean Wit Me 2,Prolude,Lean Wit Me 2
Main,Too High To the Clouds,Chini,Too High To the Clouds
Main,Chrome Hearted (feat. Tyga),"OHGEESY, Tyga",Chrome Hearted (feat. Tyga)
Main,Facts (feat. BigXthaPlug),"RiskTakerLeek, BigXthaPlug",Facts (feat. BigXthaPlug)
Main,WHERE DOES YOUR SPIRIT GO?,The Kid LAROI,WHERE DOES YOUR SPIRIT GO?
Main,To Be A Man,Dax,To Be A Man
Main,Off The Court (with Polo G & Einer Bankz),"SleazyWorld Go, Polo G, Einer Bankz",Off The Court (with Polo G & Einer Bankz)
Main,Bye Bye,7ru7h,OII Eclipse
Main,Fuckin' Right,"Snak The Ripper, Dax",Fuckin' Right
Main,PRESSURE,mgk,PRESSURE
Main,Batshit,Vxnny,Batshit
Main,Cut U Off,"Joyner Lucas, YoungBoy Never Broke Again",Cut U Off
Main,Run Away,Darci,Run Away
Main,Already Numb,Dayseeker,Sleeptalk (Deluxe)
Main,That's What I Get,charlieonnafriday,That's What I Get
Main,Lemon Tree,Post Malone,Twelve Carat Toothache
Main,Short Ride,"Lewis Fitzgerald, wewantwraiths",Short Ride
Main,Love Me (feat. Bizzy.),"Lewis Fitzgerald, Bizzy.",Love Me (feat. Bizzy.)
Main,God's Eyes,Dax,God's Eyes
Main,False Confidence,Noah Kahan,Busyhead
Main,Hitting Every Red Light,Atlus,Hitting Every Red Light
Main,young dumb,Arden Jones,young dumb
Main,Got You (feat. charlieonnafriday),"Fresco Trey, Einer Bankz, charlieonnafriday",Got You (feat. charlieonnafriday)
Main,Too Many Nights (feat. Don Toliver & with Future),"Metro Boomin, Future, Don Toliver",HEROES & VILLAINS
Main,SICK ABOUT U,TITUS,DAMNED IF I DO
Main,Falling Slowly,Vwillz,Falling Slowly
Main,Chemical,Post Malone,Chemical
Main,Barely Holdin' On,Polo G,Barely Holdin' On
Main,MAGIC,"RONNY J, Wiz Khalifa",MAGIC
Main,problems (feat. Trippie Redd),"EKKSTACY, Trippie Redd",problems (feat. Trippie Redd)
Main,Revenge,Jae Zole,Revenge
Main,You Don't Even,iann dior,You Don't Even
Main,You Found Me,Our Last Night,You Found Me
Main,She Change My Life,"Sickbboyy, Maitchhh, Ninow Cash",She Change My Life
Main,Belly of the Beast,Brennan Savage,Belly of the Beast
Main,My Own Story,PeacePee,My Own Story
Main,Rebirth,Hopsin,Rebirth
Main,Glizock & Wizop (feat. Key Glock),"Gucci Mane, Key Glock",Glizock & Wizop (feat. Key Glock)
Main,Ruby,"Connor Price, Oliver Cronin",Ruby
Main,DROWN (with Travis Barker),"Jack Kays, Travis Barker",MY FAVORITE NIGHTMARES
Main,"don't sleep, repeat (feat. Machine Gun Kelly)","44phantom, mgk","don't sleep, repeat (feat. Machine Gun Kelly)"
Main,OXYGIN,Witt Lowry,NEVERS ROAD
Main,Ordinary People,John Legend,Get Lifted
Main,Still Got Mine,Ominous the Monster,Eternal Sin
Main,WHAT JUST HAPPENED,The Kid LAROI,WHAT JUST HAPPENED
Main,Only One,7ru7h,OII Ultima
Main,Problems - OG Version,Eli Wilson,Problems (OG Version)
Main,Big Diamonds (feat. 21 Savage),"2 Chainz, Lil Wayne, 21 Savage",Welcome 2 Collegrove
Main,Knock on My Door,C-Dot 416,Knock on My Door
Main,Small Town In Minnesota,TommyBoy,Small Town In Minnesota
Main,Head Melodies,"Luh Kel, A Boogie Wit da Hoodie",Head Melodies
Main,TEAR ME APART,The Kid LAROI,THE FIRST TIME
Main,Call Me Back,Jae Zole,Call Me Back
Main,PLACE TO FISH,Vwillz,PLACE TO FISH
Main,dangerous,"21 Savage, Lil Durk, Metro Boomin",american dream
Main,née-nah,"21 Savage, Travis Scott, Metro Boomin",american dream
Main,Ms. Evans 1,Tee Grizzley,Ms. Evans 1
Main,HO4ME - Chopped Not Slopped,"DJ Drama, Lil Baby, A Boogie Wit da Hoodie",I'M REALLY LIKE THAT (Chopped Not Slopped)
Main,Summer Rain,Jae Zole,Summer Rain
Main,House On Fire,iann dior,House On Fire
Main,Free Game - Chopped Not Slopped,"DJ Drama, Lil Uzi Vert, 42 Dugg",I'M REALLY LIKE THAT (Chopped Not Slopped)
Main,dont let me go,mgk,dont let me go
Main,Correct,"Connor Price, Bens",Spin The Globe 2
Main,AIN'T LIKE YOU,Vwillz,TENNESSEE TAPES
Main,MICHIGAN AGAIN,Vwillz,TENNESSEE TAPES
Main,BRIDE AT A BAR,"Vwillz, mike.",TENNESSEE TAPES
Main,Prada,"AMAG, Fresco Trey",Prada
Main,Call & Talk,H20 Hadd,Call & Talk
Main,confessions,Arden Jones,age tape 12
Main,TOP DEAD CENTER,"Xavier Wulf, Quintin Lamb",GARAGE PUNK
Main,Still Will,Xavier Wulf,Blood Shore Season 3
Main,Lady Killers III,G-Eazy,Lady Killers III
Main,Leaving the Lot,King Hendrick$,Leaving the Lot
Main,JUNGL6,"Blokka $oLO, RTBWEST",JUNGL6
Main,Awful,North Ave Jax,"LaZy, but i have goals"
Main,8 O 8,J€AN-MARC,8 O 8
Main,Dangerous State of Mind,Chri$tian Gate$,Dangerous State of Mind
Main,Billie Jean,G Perico,Blue T-Shirt Leaks
Main,no one is reliable,ChrispyD,no one is reliable
Main,Weight On Me,"Sheff G, Sleepy Hallow",One and Only
Main,Masterpiece,Conor Maynard,Masterpiece
Main,Lies To The Mirror,"Kado, Promoting Sounds",Lies To The Mirror
Main,Pocket Book,99zed,Pocket Book
Main,Red Vineyard,Diggy Graves,Red Vineyard
Main,OVER YOU,7ru7h,inVertigo (Deluxe)
Main,hangOVER.,7ru7h,inVertigo (Deluxe)
Main,Rocking A Cardigan in Atlanta,lil Shordie Scott,Rocking A Cardigan in Atlanta
Main,Surviving,Kado,Surviving
Main,Swimming Pool,Diggy Graves,Swimming Pool
Main,Cabin Fever,Diggy Graves,Cabin Fever
Main,Blue Bills (feat. $NOT & Fenix Flexin),"DJ Scheme, $NOT, Fenix Flexin",FAMILY
Main,Boys Don't Cry,Oliver Cronin,Boys Don't Cry
Main,Crazy for You,iann dior,BLIND
Main,Camera Phone - Lost Tapes 2018,Tory Lanez,Camera Phone (Lost Tapes 2018)
Main,Touchdown,Lil Baby,Touchdown
Main,Hidden Nights,"Boslen, ILLYMINIACHI",Hidden Nights
Main,Love Hurts Feelings,7ru7h,Love Hurts Feelings
Main,Two Black Sheep,Diggy Graves,Two Black Sheep
Main,LEGACY,Bazanji,LEGACY
Main,Last Wednesday (Intro),Chris Webby,Last Wednesday
Main,Work On Me,Restless Road,Work On Me
Main,Outfit (with 21 Savage),"Lil Baby, 21 Savage",WHAM (Extended Version)
Main,BR1CK MVN,Blokka $oLO,BR1CK MVN
Main,Bottom Shelf,Kidd G,Ain't Been Sober
Main,Expensive,Brennan Story,Expensive
Main,Silent Hill,7ru7h,inVertigo
Main,Tac Town Two Step,Diggy Graves,Tac Town Two Step
Main,Back In Bidness,"Shoreline Mafia, OHGEESY, Fenix Flexin",Back In Bidness
Main,Alexis Texas,Eddie And The Getaway,Alexis Texas
Main,Hope It Kills Me (feat. Sterling Elza),"LECADE, Sterling Elza",Hope It Kills Me (feat. Sterling Elza)
Main,Wish You Worse,DIZZYISDEAD,Wish You Worse
Main,Wish,Tyga,Well Done 3 - EP
Main,Rags To Riches,WE$TPHAL,Rags To Riches
Main,Microwave,"Ro$ama, BigXthaPlug",Orange Tape
Main,cliché,mgk,cliché
Main,Bad Guy,"Falling In Reverse, Saraya",Popular Monster
Main,The One To Blame,Kado,The One To Blame
Main,Keeps Calling - Lost Tapes 2021,Tory Lanez,Keeps Calling (Lost Tapes 2021)
Main,BABY I'M BACK,The Kid LAROI,THE FIRST TIME (DELUXE VERSION)
Main,Demons,Bmayzee,Demons
Main,"Sharks (feat. Jelly Roll, Big Sean)","Lil Wayne, Jelly Roll, Big Sean",Tha Carter VI
Main,Shot for Shot,Eddie And The Getaway,Shot for Shot
Main,Burn (feat. Landon Cube),"Lil Skies, Landon Cube",The Evolution of the Rose
Main,SO GO HEAD,Matt Corman,SO GO HEAD
Main,I HATE ME TOO,Giovannie and the Hired Guns,I HATE ME TOO
Main,Puppet,Diggy Graves,Puppet
Main,Outside,"Vwillz, Paris Bryant",Outside
Main,VILLAIN!,7ru7h,VILLAIN!
Main,PIECES ON MY NECK. FT. 21 SAVAGE.,"YFN Lucci, 21 Savage",ALREADY LEGEND.
Main,GIVE ME A REASON,NF,FEAR
Main,WASHED UP,NF,FEAR
Main,"DON'T KILL THE PARTY (feat. Tyga, Shoreline Mafia & Quavo) - Coast 2 Coast","Ty Dolla $ign, Tyga, Shoreline Mafia, Quavo","DON’T KILL THE PARTY (feat. Tyga, Shoreline Mafia & Quavo) [Coast 2 Coast]"
Main,Candy,"Isaiah Linder, Fresco Trey",Candy
Main,Only,"NF, Sasha Alex Sloan",The Search
Main,Falling,Trevor Daniel,Nicotine
Main,Side Nigga Anthem,Mike Sherm,Sherm World
Main,While I Die,Kado,While I Die
Bangers with Babish,Hard Work,Theo Katzman,Heartbreak Hits
Bangers with Babish,Return of the Mack,Mark Morrison,Return of the Mack
Bangers with Babish,Red Eyes,The War On Drugs,Lost In The Dream
Bangers with Babish,No Problem (feat. Lil Wayne & 2 Chainz),"Chance the Rapper, Lil Wayne, 2 Chainz",Coloring Book
Bangers with Babish,Moving to the Left,Woods,With Light and with Love
Bangers with Babish,Let It Out,Diarrhea Planet,Let It Out
Bangers with Babish,Old 45's,Chromeo,White Women
Bangers with Babish,You Got Me,Generationals,Heza
Bangers with Babish,Isoprene Bath,Reptar,Body Faucet
Bangers with Babish,Neon,Magdalena Bay,Neon
Bangers with Babish,Annie,Neon Indian,Vega Intl. Night School
Bangers with Babish,Never Go Back (feat. Nicole Wray),"Vincent John, Nicole Wray",Never Go Back (feat. Nicole Wray)
Bangers with Babish,Darling,Real Estate,In Mind
Bangers with Babish,Kitty Kat,Empress Of,Me
Bangers with Babish,Teletrips,Ice Choir,Afar
Bangers with Babish,Time Will Tell,"Blood Orange, Samantha Urbani",Cupid Deluxe
Bangers with Babish,Stay Tuned,Wuh Oh,Wuh Oh
Bangers with Babish,Woman Is a Word,Empress Of,Woman Is a Word
Bangers with Babish,Hands Up,Blood Orange,Freetown Sound
Bangers with Babish,Angels (feat. Saba),"Chance the Rapper, Saba",Coloring Book
Bangers with Babish,The Rubberband Man - 2003 Remaster,The Spinners,Essentials
Bangers with Babish,JELLO,BROCKHAMPTON,SATURATION II
Bangers with Babish,Sleepwalker,Emily King,The Switch (Deluxe Edition)
Bangers with Babish,Elodie,Ten Fé,Hit the Light
Bangers with Babish,Dojo Rising,Cloud Control,Dream Cave
Bangers with Babish,I Know There's Gonna Be (Good Times),"Jamie xx, Young Thug, Popcaan",In Colour
Bangers with Babish,Nocturne,Wild Nothing,Nocturne
Bangers with Babish,Seek It Out,Fang Island,Major
Bangers with Babish,Money Saves,Delta Spirit,Delta Spirit
Bangers with Babish,Panopticon,Cloud Control,Zone
Bangers with Babish,Drawn,"De La Soul, Little Dragon",and the Anonymous Nobody...
Bangers with Babish,Clay,Hudson Scott,Clay
Bangers with Babish,Glorious Warrior,Electric Guest,Plural
Bangers with Babish,4 Degrees,ANOHNI,HOPELESSNESS
Bangers with Babish,Masterpiece,Big Thief,Masterpiece
Bangers with Babish,Silly Me,Yeasayer,Amen & Goodbye
Bangers with Babish,iT,Christine and the Queens,Chaleur Humaine
Bangers with Babish,Higher Love - Single Version,Steve Winwood,Pure '80s: #1s
Bangers with Babish,Best Case Life,"Gemini Rising, Fiora, Tensnake",Gemini Rising
Bangers with Babish,Everything Is Happening Today,Flock of Dimes,"If You See Me, Say Yes"
Bangers with Babish,The Ballad Of El Goodo,Big Star,#1 Record
Bangers with Babish,Dear To Me,Electric Guest,Plural
Bangers with Babish,Country Figs,Alex Cameron,Forced Witness
Bangers with Babish,One Trick Ponies,Kurt Vile,Bottle It In
Bangers with Babish,I Don't Even Smoke Weed,Empress Of,Us
Bangers with Babish,The Less I Know The Better,Tame Impala,Currents
Bangers with Babish,Light Up The Sky,Bibio,A Mineral Love
Bangers with Babish,Inside Voice,Joey Dosik,Inside Voice
Bangers with Babish,Eminence Front,The Who,It's Hard
Bangers with Babish,Half of the Way,"Vulfpeck, Theo Katzman",Hill Climber
Bangers with Babish,Room Service,Chromeo,Head Over Heels
Bangers with Babish,Salty Air,J.Views,Rivers and Homes (Bonus Track Version)
Bangers with Babish,Forever Wavvy,Broke For Free,Forever Wavvy
Bangers with Babish,Malibu Man,Dan Auerbach,Waiting on a Song
Bangers with Babish,Whathegirlmuthafuckinwannadoo (feat. Janelle Monáe),"The Coup, Janelle Monáe",Sorry To Bother You: The Soundtrack
Bangers with Babish,Rylan,The National,I Am Easy to Find
Bangers with Babish,あこがれ,mitsume,A Long Day
Bangers with Babish,The Whole Of The Moon,Kirin J Callinan,Return To Center
Bangers with Babish,The Garden Of Verse,Ice Choir,Designs In Rhythm
Bangers with Babish,Maybe You're the Reason,The Japanese House,Good At Falling
Bangers with Babish,Miami Memory,Alex Cameron,Miami Memory
Bangers with Babish,Bizarre Love Triangle,New Order,Brotherhood (Collector's Edition)
Bangers with Babish,Dead of Night,Orville Peck,Pony
Bangers with Babish,Lover Surreal,Video Age,Pop Therapy
Bangers with Babish,Quiet,"Men I Trust, Odile",Headroom
Bangers with Babish,Don't Wanna Be Lonely (Don't Wanna Leave You Alone),Walker Lukens,Tell It to the Judge
Bangers with Babish,Nothing's as It Seems,Gordi,Clever Disguise EP
Bangers with Babish,Lady of the Ark,Kyle Craft,Dolls of Highland
Bangers with Babish,All Night,Men I Trust,Oncle Jazz
Bangers with Babish,Panama,Sports,Naked All the Time
Bangers with Babish,Dimed Out,Titus Andronicus,The Most Lamentable Tragedy
Bangers with Babish,Walking on Broken Glass,Annie Lennox,Diva
Bangers with Babish,Runner,Tennis,Swimmer
Bangers with Babish,Walk the Night,Skatt Brothers,"Disco Music History, Vol. 3"
Bangers with Babish,Premonitions,Miya Folick,Premonitions
Bangers with Babish,3 on E,"Vulfpeck, Antwaun Stanley","The Joy of Music, The Job of Real Estate"
Bangers with Babish,Enough for Now (feat. Phoebe Bridgers),"Ethan Gruska, Phoebe Bridgers",Enough for Now (feat. Phoebe Bridgers)
Bangers with Babish,Horizon,Pigeons Playing Ping Pong,Psychology
Bangers with Babish,Tieduprightnow,Parcels,Tieduprightnow
Bangers with Babish,Moving On,Roosevelt,Roosevelt
Bangers with Babish,Warm Animal,Sure Sure,What's It Like?
Bangers with Babish,Golden,"Cory Wong, Cody Fry",Elevator Music for an Elevated Mood
Bangers with Babish,Church (feat. EARTHGANG),"Samm Henshaw, EARTHGANG",Church (feat. EARTHGANG)
Bangers with Babish,Aerostar,Video Age,Pleasure Line
Bangers with Babish,Summer Candy,Ona,"Full Moon, Heavy Light"
Bangers with Babish,Girls @ (feat. Chance the Rapper),"Joey Purp, Chance the Rapper",iiiDrops
Bangers with Babish,東京ラッシュ - 2019 Remastering,"Haruomi Hosono, イエロー・マジック・バンド",Paraiso
Bangers with Babish,New Music Friday,"Seconds Flat, Kirin J Callinan",New Music Friday
Bangers with Babish,When Did We Get So High?,Cool Company,Slice of Paradise
Bangers with Babish,Beneath the Lights,Cool Company,Summer Daze EP
Bangers with Babish,SUNRISE,MICHELLE,SUNRISE
Bangers with Babish,So Hot You're Hurting My Feelings,Caroline Polachek,Pang
Bangers with Babish,A Dream of You,Far Caspian,A Dream of You
Bangers with Babish,Dumb Enough,Kirin J Callinan,Dumb Enough
Bangers with Babish,Follow The Light,"Cory Wong, Dirty Loops",Turbo
Bangers with Babish,Bad Love,Earl St. Clair,My Name Is Earl
Bangers with Babish,Feel The Way I Want,Caroline Rose,Superstar
Bangers with Babish,Speed of Night,"Antwaun Stanley, Tyler Duncan",Speed of Night
Bangers with Babish,Compared to What - Live at Montreux Jazz Festival,"Les McCann, Eddie Harris",Swiss Movement (Montreux 30th Anniversary)
Bangers with Babish,Delta Dawn - 2016 Remaster,Bette Midler,The Divine Miss M (Deluxe Version)
Bangers with Babish,Rise,Herb Alpert,Rise
Bangers with Babish,Bat Out of Hell,Meat Loaf,Bat Out Of Hell
Bangers with Babish,Electric Butterfly,Bear Garden,Sunshine Fruit
Bangers with Babish,Paprika,Japanese Breakfast,Jubilee
Bangers with Babish,Masterpiece,Clarence Reid,The Legendary Henry Stone Presents Weird World: Funky Party
Bangers with Babish,Fisherman's Blues - 2006 Remaster,The Waterboys,Fisherman's Blues
Bangers with Babish,4 American Dollars,U.S. Girls,Heavy Light
Bangers with Babish,A Kiss Under The Moonlight,"The Rippingtons, Russ Freeman, Bill Heller, Jimmy Johnson, Gregg Karukas, Dave Koz, Tony Morales, Steve Reid",20th Anniversary
Bangers with Babish,Devotion,Pure Bathing Culture,Night Pass
Bangers with Babish,יו יה,Kaveret,סיפורי פוגי
Bangers with Babish,Baby Let Me Follow You Down (feat. Bob Dylan) - Concert Version,"The Band, Bob Dylan",The Last Waltz (Deluxe Version)
Bangers with Babish,Look At What the Light Did Now,"Flo Morrissey, Matthew E. White","Gentlewoman, Ruby Man"
Bangers with Babish,When I Learned Your Name,Daniel Romano,Modern Pressure
Bangers with Babish,"朝焼け - Live at Chuo Kaikan Hall, Tokyo, Feb. 1982",CASIOPEA,MINT JAMS(Live)
Bangers with Babish,Is This How You Feel?,The Preatures,Blue Planet Eyes
Bangers with Babish,Breezin',George Benson,Breezin'
Bangers with Babish,Count Me Out,Kendrick Lamar,Mr. Morale & The Big Steppers
Bangers with Babish,Sauna,Vulfpeck,Schvitz
Bangers with Babish,Back 2 Back,Dazy Chain,Back 2 Back
Bangers with Babish,Rolling Back,Young Gun Silver Fox,Ticket To Shangri-La
Bangers with Babish,This Year,Emily King,Special Occasion
Bangers with Babish,My Favorite Mutiny,The Coup,Pick A Bigger Weapon
Bangers with Babish,Better,Penguin Prison,Better
Bangers with Babish,"Lawyers, Guns and Money",Warren Zevon,Excitable Boy
Bangers with Babish,Shark Smile,Big Thief,Capacity
Bangers with Babish,Show Me More,Girl Ray,Girl
Bangers with Babish,Talking Straight,Rolling Blackouts Coastal Fever,Hope Downs
Bangers with Babish,"Whenever I Call You ""Friend"" (feat. Stevie Nicks)","Kenny Loggins, Stevie Nicks",Nightwatch
Bangers with Babish,Made Out Of Memory,Nilüfer Yanya,My Method Actor
Bangers with Babish,The Largest,BigXthaPlug,TAKE CARE
Bangers with Babish,Alesis,Mk.gee,Two Star & The Dream Police
Bangers with Babish,I Got The...,Labi Siffre,The Music Of Labi Siffre
Bangers with Babish,All In A Dream,"LP Giobbi, DJ Tennis, Joseph Ashworth",Light Places
Bangers with Babish,Love$ick (feat. A$AP Rocky),"Mura Masa, A$AP Rocky",Mura Masa
Bangers with Babish,Close To You,Dayglow,Harmony House
Bangers with Babish,Cobra,Geese,Getting Killed
Bangers with Babish,Velvet Connection - St. Lucia Remix,"Moody Joody, St. Lucia",Velvet Connection (St. Lucia Remix)
Bangers with Babish,12 to 12,sombr,I Barely Know Her
Wintergaming Top 40 (January 2017),Shelter,"Porter Robinson, Madeon",Shelter
Wintergaming Top 40 (January 2017),Cold (feat. LAYNE),"Grabbitz, LAYNE",Better With Time
Wintergaming Top 40 (January 2017),Let Go Of The Wheel,Mako,Hourglass
Wintergaming Top 40 (January 2017),Better With Time,Grabbitz,Better With Time
Wintergaming Top 40 (January 2017),We Are One,"Rameses B, Veela",Alchemy 2 (Liquicity Presents)
Wintergaming Top 40 (January 2017),Back to Start,Stonebank,Back to Start
Wintergaming Top 40 (January 2017),Rare,"Going Quantum, Psychic Type",Rare
Wintergaming Top 40 (January 2017),All Goes Wrong,"Chase & Status, Tom Grennan",All Goes Wrong
Wintergaming Top 40 (January 2017),Be Alright (feat. EMEL),"Stonebank, EMEL",Be Alright (feat. EMEL)
Wintergaming Top 40 (January 2017),Don't Shoot Me Down (feat. Jae-Mi),"Anevo, Jae-Mi",Don't Shoot Me Down (feat. Jae-Mi)
Wintergaming Top 40 (January 2017),Children of Hell,MUZZ,F Minor Factory - EP
Wintergaming Top 40 (January 2017),Voices,Jim Yosef,Ninety9lives 99: Press Start
Wintergaming Top 40 (January 2017),Anticipation,"Direct, Elliot Berger",Anticipation
Wintergaming Top 40 (January 2017),By Design,WRLD,By Design
Wintergaming Top 40 (January 2017),Killing Giants (feat. Richard Caddock),"Puppet, Murtagh, Richard Caddock",Killing Giants (feat. Richard Caddock)
Wintergaming Top 40 (January 2017),Vagabond,Puppet,Soft Spoken - EP
Wintergaming Top 40 (January 2017),Scribble (Extended Mix) [feat. the Eden Project],"Puppet, Eden Project",Scribble
Wintergaming Top 40 (January 2017),We Won't Be Alone (feat. Laura Brehm),"Feint, Laura Brehm",We Won't Be Alone (feat. Laura Brehm)
Wintergaming Top 40 (January 2017),Take It In,"Feint, Koven",Take It In (Ft. Koven)
Wintergaming Top 40 (January 2017),Insight,Haywyre,Insight
Wintergaming Top 40 (January 2017),Endlessly,Haywyre,Two Fold Pt. 2
Wintergaming Top 40 (January 2017),Siren,"Vicetone, Pia Toscano",Aurora EP
Wintergaming Top 40 (January 2017),Strong,"Dropout, Wesley Finn Tucker",Strong
Wintergaming Top 40 (January 2017),Slowly - Two Friends Remix,"Dropout, Two Friends",Slowly (Two Friends Remix)
Wintergaming Top 40 (January 2017),Help - Elephante Remix,"Galantis, Elephante",Galantis Remixes EP
Wintergaming Top 40 (January 2017),It’s Only,"ODESZA, Zyra",In Return
Wintergaming Top 40 (January 2017),You're On (feat. Kyan),"Madeon, Kyan",Adventure (Deluxe)
Wintergaming Top 40 (January 2017),sex,EDEN,i think you think too much of me
Wintergaming Top 40 (January 2017),Our Story - Radio Edit,Mako,Our Story (Radio Edit)
Wintergaming Top 40 (January 2017),Fell Down (feat. Holly Drummond),"Tut Tut Child, Holly Drummond",Come to the End; Then Stop
Wintergaming Top 40 (January 2017),Leaving Now,Noisestorm,Leaving Now
Wintergaming Top 40 (January 2017),Happy Alone (feat. V. Bozeman),"Matrix & Futurebound, V. Bozeman",Happy Alone (feat. V. Bozeman)
Wintergaming Top 40 (January 2017),Before We Fade,Tristam,Before We Fade
Wintergaming Top 40 (January 2017),Far Away,"Tristam, Braken",Far Away
Wintergaming Top 40 (January 2017),4U,Aero Chord,4U
Wintergaming Top 40 (January 2017),Getaway - Koven Remix,"Tritonal, Angel Taylor, Koven",Getaway (Remixes)
Wintergaming Top 40 (January 2017),Breathing Me In,Koven,Come to Light - EP
Wintergaming Top 40 (January 2017),Throwdown,Fox Stevenson,Throwdown
Wintergaming Top 40 (January 2017),All This Time - Original Mix,Fox Stevenson,All This Time
Wintergaming Top 40 (January 2017),Ghost Assassin - VIP,"Maduk, Veela",Memoirs
Frontera Big & Bold Reds,Sex on Fire,Kings of Leon,Only By The Night
Frontera Big & Bold Reds,Learn to Fly,Foo Fighters,There Is Nothing Left To Lose
Frontera Big & Bold Reds,Starlight,Muse,Black Holes and Revelations
Frontera Big & Bold Reds,Mr. Brightside,The Killers,Hot Fuss
Frontera Big & Bold Reds,Sweet Emotion,Aerosmith,Toys In The Attic
Frontera Big & Bold Reds,Last Nite,The Strokes,Is This It
Frontera Big & Bold Reds,R U Mine?,Arctic Monkeys,AM
Frontera Big & Bold Reds,Howlin' for You,The Black Keys,Brothers
Frontera Big & Bold Reds,Thunder,Imagine Dragons,Evolve
Frontera Big & Bold Reds,Start Me Up - Remastered 2009,The Rolling Stones,Tattoo You (2009 Re-Mastered)
Frontera Big & Bold Reds,Can't Stop,Red Hot Chili Peppers,By the Way (Deluxe Edition)
Frontera Big & Bold Reds,Rock and Roll - Remaster,Led Zeppelin,Led Zeppelin IV (Deluxe Edition)
Frontera Big & Bold Reds,Smoke on the Water,Deep Purple,Machine Head
Frontera Big & Bold Reds,Break on Through (To the Other Side),The Doors,The Doors
Frontera Big & Bold Reds,Voodoo Child (Slight Return),Jimi Hendrix,Electric Ladyland
Frontera Big & Bold Reds,Sunshine Of Your Love,Cream,Disraeli Gears
Frontera Big & Bold Reds,Iron Man - 2012 - Remaster,Black Sabbath,Paranoid (Remaster)
Frontera Big & Bold Reds,Born To Be Wild - Single Version,Steppenwolf,Steppenwolf
Frontera Big & Bold Reds,Baba O'Riley,The Who,Who's Next
Frontera Big & Bold Reds,Money,Pink Floyd,The Dark Side of the Moon
Frontera Big & Bold Reds,Like a Stone,Audioslave,Audioslave
Frontera Big & Bold Reds,No One Knows,Queens of the Stone Age,Songs For The Deaf
Frontera Big & Bold Reds,Even Flow,Pearl Jam,Ten
Frontera Big & Bold Reds,Smells Like Teen Spirit,Nirvana,Nevermind (Remastered)
Frontera Big & Bold Reds,Bulls On Parade,Rage Against The Machine,Evil Empire
Frontera Big & Bold Reds,Take Me Out,Franz Ferdinand,Franz Ferdinand
Frontera Big & Bold Reds,Chelsea Dagger,The Fratellis,Costello Music
Frontera Big & Bold Reds,Evil,Interpol,Antics
Frontera Big & Bold Reds,She Moves In Her Own Way,The Kooks,Inside In / Inside Out
Frontera Big & Bold Reds,Ain't No Rest for the Wicked,Cage The Elephant,Cage The Elephant (Expanded Edition)
Frontera Big & Bold Reds,Back In Black,AC/DC,Back In Black
Frontera Big & Bold Reds,La Grange - 2005 Remaster,ZZ Top,Tres Hombres (Expanded 2006 Remaster)
Frontera Big & Bold Reds,House Of The Rising Sun,The Animals,The Animals
Frontera Big & Bold Reds,Lick It Up,KISS,Lick It Up
Frontera Big & Bold Reds,Don't Stop Me Now - Remastered 2011,Queen,Jazz (Deluxe Remastered Version)
Frontera Big & Bold Reds,Jane,Jefferson Starship,Freedom At Point Zero
Frontera Big & Bold Reds,Heathens,Twenty One Pilots,Heathens
Frontera Big & Bold Reds,Death of a Bachelor,Panic! At The Disco,Death of a Bachelor
Frontera Big & Bold Reds,Highway Tune,Greta Van Fleet,From The Fires
Frontera Big & Bold Reds,"Dance, Dance",Fall Out Boy,From Under The Cork Tree
Frontera Big & Bold Reds,Que No Te Haga Bobo Jacobo,Molotov,Donde Jurgaran Las Niñas?
Frontera Big & Bold Reds,Molotov Cocktail Party,Molotov,Donde Jurgaran Las Niñas?
Frontera Big & Bold Reds,Biutiful,Mon Laferte,Biutiful
Frontera Big & Bold Reds,La Conquista del Espacio,Fito Paez,La Conquista del Espacio
Frontera Big & Bold Reds,Gente en la Calle (feat. Lali),"Fito Paez, Lali",La Conquista del Espacio
Frontera Big & Bold Reds,Todo Se Olvida,Fito Paez,La Conquista del Espacio
Frontera Big & Bold Reds,La Canción de las Bestias,Fito Paez,La Conquista del Espacio
Frontera Big & Bold Reds,Dark Red,Steve Lacy,Dark Red
Frontera Big & Bold Reds,And So It Went (feat. Tom Morello),"The Pretty Reckless, Tom Morello",Death by Rock and Roll
Frontera Big & Bold Reds,t r a n s p a r e n t s o u l feat. Travis Barker,"WILLOW, Travis Barker",lately I feel EVERYTHING
Frontera Big & Bold Reds,Beggin',Måneskin,Chosen
Frontera Big & Bold Reds,Freaks,Surf Curse,Buds
Frontera Big & Bold Reds,papercuts,mgk,papercuts
Frontera Big & Bold Reds,Light My Love,Greta Van Fleet,The Battle at Garden’s Gate
Frontera Big & Bold Reds,Don't Hate Me,Badflower,Don't Hate Me
Frontera Big & Bold Reds,Edge of Seventeen,Stevie Nicks,Bella Donna
Frontera Big & Bold Reds,Telepathy,✝✝✝ (Crosses),✝✝✝ (Crosses)
Frontera Big & Bold Reds,Truth,Jungle,Truth
Frontera Big & Bold Reds,I Cut My Own Hair,We Are Scientists,I Cut My Own Hair
Frontera Big & Bold Reds,Plastic Hearts,Miley Cyrus,Plastic Hearts
Frontera Big & Bold Reds,Knife Prty,Deftones,White Pony
Frontera Big & Bold Reds,U Are My High,DJ Snake,U Are My High
ROCK My World,Bullet With Butterfly Wings - Remastered 2012,The Smashing Pumpkins,Mellon Collie And The Infinite Sadness (Remastered)
ROCK My World,Rooster (2022 Remaster),Alice In Chains,Dirt (2022 Remaster)
ROCK My World,Chop Suey!,System Of A Down,Toxicity
ROCK My World,Creep,Radiohead,Pablo Honey (Collector's Edition)
ROCK My World,Something from Nothing,Foo Fighters,Sonic Highways
ROCK My World,The Feast and The Famine,Foo Fighters,Sonic Highways
ROCK My World,Loser,Beck,Mellow Gold
ROCK My World,Hail to the King,Avenged Sevenfold,Hail to the King
ROCK My World,Possum Kingdom,Toadies,Rubberneck
ROCK My World,Painkiller,Three Days Grace,Painkiller
ROCK My World,Numb,Linkin Park,Meteora
ROCK My World,Lies Of The Beautiful People,Sixx:A.M.,This Is Gonna Hurt
ROCK My World,How I Could Just Kill a Man,Rage Against The Machine,Renegades
ROCK My World,Sound of Madness,Shinedown,The Sound of Madness
ROCK My World,Brain Stew,Green Day,Insomniac
ROCK My World,Today,The Smashing Pumpkins,(Rotten Apples) The Smashing Pumpkins Greatest Hits
ROCK My World,Wrong Side Of Heaven,Five Finger Death Punch,The Wrong Side Of Heaven And The Righteous Side Of Hell (Volume 1/Deluxe Edition)
ROCK My World,Dog Days Are Over,Florence + The Machine,Lungs (Deluxe Edition)
ROCK My World,Everything Zen,Bush,Bush Digital Collection
ROCK My World,Self-Esteem,The Offspring,Smash [Remastered]
ROCK My World,Come with Me Now,KONGOS,Lunatic
ROCK My World,The Diary of Jane - Single Version,Breaking Benjamin,Phobia (Clean Version)
ROCK My World,Failure,Breaking Benjamin,Dark Before Dawn
ROCK My World,I Will Not Bow,Breaking Benjamin,Dear Agony
ROCK My World,Breath,Breaking Benjamin,Phobia (Clean Version)
ROCK My World,Angels Fall,Breaking Benjamin,Dark Before Dawn
ROCK My World,Messages,Xavier Rudd,Food In The Belly
ROCK My World,Burn Slow (feat. Tech N9ne),"Dirty Heads, Tech N9ne",Sound Of Change
ROCK My World,All Around Me,Flyleaf,Flyleaf (Re-Release)
ROCK My World,Erase Me - Main,"Kid Cudi, Kanye West",Man On The Moon II: The Legend Of Mr. Rager
ROCK My World,Dearly Departed,"Shakey Graves, Esmé Patterson",And The War Came
ROCK My World,That Was A Crazy Game of Poker,O.A.R.,The Wanderer
ROCK My World,Learning To Fly,Tom Petty and the Heartbreakers,Into The Great Wide Open
ROCK My World,Renegades,X Ambassadors,VHS
ROCK My World,Always Alright,Alabama Shakes,Always Alright
ROCK My World,Swing Life Away,Rise Against,Siren Song Of The Counter-Culture (Japan Version / International Version)
ROCK My World,Handlebars,Flobots,Fight With Tools
ROCK My World,Work Song,Hozier,Hozier
ROCK My World,Paper Planes,M.I.A.,Kala
ROCK My World,Wanna Be A Baller,Lil' Troy,Sittin' Fat Down South
ROCK My World,Still Fly,Big Tymers,Hood Rich
ROCK My World,Flagpole Sitta,Harvey Danger,Where Have All The Merrymakers Gone?
ROCK My World,Swing,"Savage, Soulja Boy",Savage Island
ROCK My World,The Kids Don't Stand A Chance,Vampire Weekend,Vampire Weekend
ROCK My World,Sex & Candy,Marcy Playground,Marcy Playground
ROCK My World,Habits (Stay High),Tove Lo,Queen Of The Clouds
ROCK My World,Voodoo,Godsmack,"Good Times, Bad Times - Ten Years of Godsmack"
ROCK My World,I'm Amazed,My Morning Jacket,Evil Urges
ROCK My World,Bodies,Drowning Pool,Sinner
ROCK My World,Where'd You Go (feat. Holly Brook & Jonah Matranga),"Fort Minor, Holly Brook, Jonah Matranga",The Rising Tied (Deluxe Edition)
ROCK My World,"Sometimes You're The Hammer, Sometimes You're The Nail",A Day To Remember,Common Courtesy (Deluxe)
ROCK My World,Santa Monica,Everclear,Sparkle And Fade
ROCK My World,Crazy B*tch,Buckcherry,Live And Loud 2009
ROCK My World,Slow Motion - 2006 Remaster,Third Eye Blind,A Collection
ROCK My World,Pretty Girl (The Way),Sugarcult,Start Static
ROCK My World,Send the Pain Below,Chevelle,Wonder What's Next (Expanded Edition)
ROCK My World,Bright,Echosmith,Talking Dreams (Deluxe Edition)
ROCK My World,Footsteps,Pop Evil,UP
ROCK My World,If I Had A Heart,Fever Ray,Fever Ray (Deluxe)
ROCK My World,Simple Pleasures,Jake Bugg,Shangri La
ROCK My World,Hello,Adele,Hello
ROCK My World,Yer So Bad,Tom Petty,Full Moon Fever
ROCK My World,Skinny Love,Bon Iver,"For Emma, Forever Ago"
ROCK My World,Sky Is the Limit,Rebelution,Peace of Mind (Deluxe)
ROCK My World,Left Hand Free,alt-J,This Is All Yours
ROCK My World,Chalk Outline,Three Days Grace,Transit Of Venus
ROCK My World,White Trash Beautiful,Everlast,White Trash Beautiful
ROCK My World,Perfect Situation,Weezer,Make Believe
ROCK My World,No Rain,Blind Melon,Blind Melon
ROCK My World,Level,The Raconteurs,Broken Boy Soldiers
ROCK My World,Ain't No Rest for the Wicked,Cage The Elephant,Cage The Elephant
ROCK My World,Cecilia And The Satellite,Andrew McMahon in the Wilderness,Andrew McMahon In The Wilderness
ROCK My World,Naive,The Kooks,Inside In / Inside Out
ROCK My World,In Keeping Secrets of Silent Earth: 3,Coheed and Cambria,In Keeping Secrets Of Silent Earth: 3
ROCK My World,Everlong,Foo Fighters,The Colour And The Shape
ROCK My World,The Middle,Jimmy Eat World,Bleed American (Deluxe Edition)
ROCK My World,Are You Gonna Be My Girl,Jet,Get Born
ROCK My World,Drive,Incubus,Make Yourself
ROCK My World,Dammit,blink-182,Greatest Hits (Explicit Version)
ROCK My World,FourFiveSeconds,Fairground Saints,FourFiveSeconds
ROCK My World,Let Me Out,Future Leaders of the World,LVL IV
ROCK My World,Pepper,Butthole Surfers,Electriclarryland
ROCK My World,Why I'm Here,Oleander,February Son
ROCK My World,Bowl For Two,The Expendables,Gettin' Filthy
ROCK My World,Gone Away,The Offspring,Ixnay On The Hombre
ROCK My World,Mudshovel,Staind,Dysfunction
ROCK My World,Peaches,The Presidents Of The United States Of America,The Presidents of The United States of America: Ten Year Super Bonus Special Anniversary Edition
ROCK My World,Camilo,"Chadwick Stokes, State Radio",Us Against The Crown
ROCK My World,Last Kiss,Pearl Jam,rearviewmirror (greatest hits 1991-2003)
ROCK My World,Icky Thump,The White Stripes,Icky Thump
ROCK My World,Diner Song,"Chadwick Stokes, State Radio",Us Against The Crown
ROCK My World,Love Me Dead,Ludo,"You're Awful, I Love You"
ROCK My World,S.O.B.,Nathaniel Rateliff & The Night Sweats,Nathaniel Rateliff & The Night Sweats
ROCK My World,I'm Shipping Up To Boston,Dropkick Murphys,"Live On Lansdowne, Boston MA [Deluxe Version]"
ROCK My World,Killing In The Name,Rage Against The Machine,Rage Against The Machine - XX (20th Anniversary Special Edition)
ROCK My World,Pony,Far,Pony
ROCK My World,This Is The Best,USS (Ubiquitous Synergy Seeker),Advanced Basics
ROCK My World,Bored To Death,blink-182,Bored To Death
ROCK My World,Landslide - Remastered,The Smashing Pumpkins,Pisces Iscariot (Remastered)
ROCK My World,Superman's Dead,Our Lady Peace,Clumsy
ROCK My World,Renegade,Styx,Pieces Of Eight
ROCK My World,Time of Your Song,Matisyahu,"Live at Stubbs, Vol.II"
ROCK My World,Yellow Ledbetter,Pearl Jam,Jeremy
ROCK My World,Autumns Monologue,From Autumn To Ashes,The Fiction We Live
ROCK My World,The After Dinner Payback,From Autumn To Ashes,The Fiction We Live
ROCK My World,Short Stories With Tragic Endings,From Autumn To Ashes,Too Bad You're Beautiful
ROCK My World,These Boots Are Made For Walkin',Nancy Sinatra,Boots
ROCK My World,Say It Ain't So,Weezer,Weezer (Deluxe Edition)
ROCK My World,Cute Without The 'E' (Cut From The Team),Taking Back Sunday,Tell All Your Friends
ROCK My World,Santeria,Sublime,Sublime (Deluxe Edition)
ROCK My World,The Best Of Me,The Starting Line,Say It Like You Mean It
My Favorites From Eminem,Business,Eminem,The Eminem Show
My Favorites From Eminem,When The Music Stops,"Eminem, D12",The Eminem Show
My Favorites From Eminem,Stan,"Eminem, Dido",The Marshall Mathers LP
My Favorites From Eminem,Rain Man,Eminem,Encore (Deluxe Version)
My Favorites From Eminem,Rap God,Eminem,The Marshall Mathers LP2 (Deluxe)
My Favorites From Eminem,Never Love Again,Eminem,Music To Be Murdered By
My Favorites From Eminem,Without Me,Eminem,The Eminem Show
My Favorites From Eminem,Calm Down (feat. Eminem),Busta Rhymes,Calm Down (feat. Eminem) - Single
My Forever Favorites,Ocean - Live,John Butler Trio,Tin Shed Tales
My Forever Favorites,Heart It Races - Live,Dr. Dog,Live at a Flamingo Hotel
My Forever Favorites,Closer to the Sun,Slightly Stoopid,Closer to the Sun
My Forever Favorites,Wrapped In Piano Strings,Radical Face,Ghost
My Forever Favorites,"No Woman, No Cry - Live At The Lyceum, London/1975",Bob Marley & The Wailers,Africa Unite: The Singles Collection
My Forever Favorites,Taro,alt-J,An Awesome Wave
My Forever Favorites,We Can Make The World Stop,The Glitch Mob,We Can Make the World Stop - EP
My Forever Favorites,Casimir Pulaski Day,Sufjan Stevens,Illinois
My Forever Favorites,First Class,Rainbow Kitten Surprise,Seven + Mary
My Forever Favorites,Making Breakfast,Twin Peaks,Wild Onion
Highlights: 2019,bury a friend,Billie Eilish,bury a friend
Highlights: 2019,Muddy,"Steven Moses, Maxo Kream",Love Me // Leave Me
Highlights: 2019,Champagne,K.Flay,Every Where Is Some Where
Highlights: 2019,hometown,cleopatrick,hometown
Highlights: 2019,Higher (feat. Chance the Rapper & Blue Hawaii) - Remix,"Brian Fresco, Just A Gent, Chance the Rapper, Blue Hawaii",Higher (feat. Chance the Rapper & Blue Hawaii) [Remix]
Highlights: 2019,Venom,"$uicideboy$, Shakewell",KILL YOURSELF Part XIV: The Vulture Saga
Highlights: 2019,Curse + Crush,DISPATCH,"America, Location 12"
Highlights: 2019,Never Gonna Catch Me,"El Speaker, Skan",Never Gonna Catch Me
Highlights: 2019,Just Da Other Day,JID,DiCaprio 2
Highlights: 2019,It's Called: Freefall,Rainbow Kitten Surprise,"How to: Friend, Love, Freefall"
Highlights: 2019,Norf Norf,Vince Staples,Summertime '06
Highlights: 2019,Painted Yellow Lines,DISPATCH,"America, Location 12"
Highlights: 2019,When It Lands,Rainbow Kitten Surprise,"How to: Friend, Love, Freefall"
Highlights: 2019,Wrong Man (feat. Ariana Deboo & Dave B),"Sam Lachow, Dave B., Ariana DeBoo","Friends, Funk & Liquor"
Highlights: 2019,Light Work,Prof,Pookie Baby
Highlights: 2019,xanny,Billie Eilish,"WHEN WE ALL FALL ASLEEP, WHERE DO WE GO?"
Highlights: 2019,STFD,TeZATalks,Chaos
Highlights: 2019,Fear in My Eyes,"Besomorph, Drama B",Fear in My Eyes
Highlights: 2019,Lost My Mind,"Dillon Francis, Alison Wonderland",Lost My Mind
Highlights: 2019,Onlysmokecigsontheweekend,"Walkabout, Chris Ryan",Onlysmokecigsontheweekend
Highlights: 2019,Aquarius Apocalyptic,Stop Light Observations,TOOGOODOO
Highlights: 2019,1000 Rounds,"Ghostemane, Pouya",1000 Rounds
Highlights: 2019,"Friends, Funk & Liquor (feat. Ariana Deboo)","Sam Lachow, Ariana DeBoo","Friends, Funk & Liquor"
Highlights: 2019,Out of the Black,Royal Blood,Royal Blood
Highlights: 2019,didya think,Arlie,Wait
Highlights: 2019,Spaceboss,"Liquid Stranger, Space Jesus",Weird & Wonderful
Highlights: 2019,2young,Stop Light Observations,2young
Highlights: 2019,Strange Thangs,Lilo Key,Strange Thangs
Highlights: 2019,Black Lingerie,"Walkabout, Tbreck",Black Lingerie
Highlights: 2019,Grow Back,The Happy Fits,Concentrate
Highlights: 2019,Beverly Blues,Opia,Beverly Blues
Highlights: 2019,Serpent of Old (feat. Ciscandra Nostalgia),"Seven Lions, Ciscandra Nostalgia",Serpent Of Old (feat. Ciscandra Nostalghia)
Highlights: 2019,bad guy,Billie Eilish,"WHEN WE ALL FALL ASLEEP, WHERE DO WE GO?"
Highlights: 2019,Like A Bitch - Extended Mix,Zomboy,Neon Grave
Highlights: 2019,Tour Music (feat. B Skeez & Magik),"Sam Lachow, B Skeez, Magik",Motels & Minivans
Highlights: 2019,No Glory (feat. M.I.M.E & Drama B),"Skan, Krale, M.I.M.E, Drama B",No Glory (feat. M.I.M.E & Drama B)
Highlights: 2019,wish you were gay,Billie Eilish,"WHEN WE ALL FALL ASLEEP, WHERE DO WE GO?"
Highlights: 2019,The Life Of A Troubadour,"mansionz, Snoozegod",Mansionz
Highlights: 2019,Leave It,"UZ, Rome Fortune",The Rebirth
Highlights: 2019,Painkillers,Rainbow Kitten Surprise,"How to: Friend, Love, Freefall"
Highlights: 2019,151 Rum,JID,DiCaprio 2
Highlights: 2019,Pink Cocaine,Myke Bogan,Casino Carpet
Highlights: 2019,Animal,Iron Eyes Cody,Goodness All Good Saints Have Died
Highlights: 2019,all the good girls go to hell,Billie Eilish,"WHEN WE ALL FALL ASLEEP, WHERE DO WE GO?"
Highlights: 2019,Alone,Steven Moses,Love Me // Leave Me
Highlights: 2019,Cry,"Alison Wonderland, Buddy",Awake
Highlights: 2019,Fold,$uicideboy$,My Liver Will Handle What My Heart Can't
Highlights: 2019,listen before i go,Billie Eilish,"WHEN WE ALL FALL ASLEEP, WHERE DO WE GO?"
Highlights: 2019,Hotboy,Steven Moses,Love Me // Leave Me
Highlights: 2019,Skin the Rabbit,DISPATCH,"America, Location 12"
Highlights: 2019,Running Away,"Taska Black, DROELOE, CUT_",Running Away
Highlights: 2019,Machines Can Be Our Friends,Champagne Drip,Of Course I Still Love You
Highlights: 2019,Love Me,Steven Moses,Love Me // Leave Me
Highlights: 2019,when the party's over,Billie Eilish,"WHEN WE ALL FALL ASLEEP, WHERE DO WE GO?"
Highlights: 2019,Chasing Tail (Madnap Remix),"Win and Woo, Madnap",Chasing Tail (Madnap Remix)
Highlights: 2019,Last Call (feat. Fembot),"Brevner, Fembot",Brevner [EP]
Highlights: 2019,Hide,Rainbow Kitten Surprise,"How to: Friend, Love, Freefall"
Highlights: 2019,you should see me in a crown,Billie Eilish,"WHEN WE ALL FALL ASLEEP, WHERE DO WE GO?"
Highlights: 2019,San Francisco,The Lonely Biscuits,The Universe in You
Highlights: 2019,Hey Ma,"Cam'ron, Juelz Santana, Freekey Zeekey, Toya",Come Home With Me
Highlights: 2019,Fever Pitch,Rainbow Kitten Surprise,"How to: Friend, Love, Freefall"
Highlights: 2019,Tiny Cities (feat. Beck),"Flume, Beck",Skin
Highlights: 2019,Qualitestaholic,Steven Moses,Love Me // Leave Me
Highlights: 2019,I'm Good,Snak The Ripper,I'm Good
Highlights: 2019,Holy War,Rainbow Kitten Surprise,"How to: Friend, Love, Freefall"
Highlights: 2019,Ready or Not (feat. Esthero),"Mischa ""Book"" Chillak, Esthero",Ready or Not (feat. Esthero)
Highlights: 2019,I Can't Eat,"Steven Moses, Jaxxon D. Silva",Love Me // Leave Me
Highlights: 2019,Ain't My Fault,WebsterX,Ain't My Fault
Highlights: 2019,After Dark,"Sam Lachow, Watsky, Ariana DeBoo",Huckleberry
Highlights: 2019,Darkside Imperials,Toussaint Morrison,Edo
Highlights: 2019,Leave Me,Steven Moses,Love Me // Leave Me
Highlights: 2019,Endlessly,The Lonely Biscuits,The Universe in You
Highlights: 2019,Mission to Mars,Rainbow Kitten Surprise,"How to: Friend, Love, Freefall"
Highlights: 2019,I'm Your Wreck,Mt. Joy,Mt. Joy
Highlights: 2019,Pain You Keep,"Steven Moses, diveliner",Love Me // Leave Me
Highlights: 2019,Pollution / Disclaimer,Ritt Momney,Pollution / Disclaimer
Highlights: 2019,Neck And Neck - DNMO Remix,"Zeds Dead, Dragonette, DNMO",Northern Lights (Remixes)
Highlights: 2019,Matchbox,Rainbow Kitten Surprise,"How to: Friend, Love, Freefall"
Highlights: 2019,Fistful Of Silence,The Glitch Mob,Drink the Sea
Highlights: 2019,Smilers of the Night,Stop Light Observations,Radiation
Highlights: 2019,Torso,GROUPLOVE,Little Mess EP
Highlights: 2019,Stranger Things,"Joyner Lucas, Chris Brown",Stranger Things
Highlights: 2019,Just This,Birdtalker,Just This
Highlights: 2019,The Other Side Of Paradise,Glass Animals,How To Be A Human Being
Highlights: 2019,8,Billie Eilish,"WHEN WE ALL FALL ASLEEP, WHERE DO WE GO?"
Highlights: 2019,Subtle Thing,Marian Hill,Unusual
Highlights: 2019,The Fall,Dabin,Two Hearts
Highlights: 2019,June,Briston Maroney,Big Shot
Highlights: 2019,Zombie,Bad Pony,Zombie
Highlights: 2019,Dull,Microwave,Much Love
Highlights: 2019,Abyss,Notaker,"We Are Friends, Vol. 6"
Highlights: 2019,&burn (with Vince Staples),"Billie Eilish, Vince Staples",&burn (with Vince Staples)
Highlights: 2019,Only the Wild Ones,DISPATCH,"America, Location 12"
Highlights: 2019,Strings Attached,Opia,Strings Attached
Highlights: 2019,G.O.M.D.,J. Cole,2014 Forest Hills Drive
Highlights: 2019,Break Them Bad Boys Down,Stop Light Observations,Radiation
Highlights: 2019,Moody Orange,Rainbow Kitten Surprise,"How to: Friend, Love, Freefall"
Highlights: 2019,Tonight,"Kidswaste, Manila Killa",Tonight
Highlights: 2019,Trouble,"Feed Me, KANEHOLLER",Feed Me's Family Reunion
Highlights: 2019,For Elizabeth,Stop Light Observations,TOOGOODOO
Best of 2017,Lone Digger,Caravan Palace,<I°_°I>
Best of 2017,Be Free,"Aero Chord, Klaypex",Be Free
Best of 2017,3WW,alt-J,3WW
Best of 2017,"Tiny Glowing Screens, Pt. 3",Watsky,x Infinity
Best of 2017,Roses,"The Chainsmokers, ROZES",Roses
Best of 2017,Making Breakfast,Twin Peaks,Wild Onion
Best of 2017,The Buzz (feat. Mataya & Young Tapz),"Hermitude, Mataya, Young Tapz",Dark Night Sweet Light
Best of 2017,Ghosting,Mother Mother,O My Heart
Best of 2017,Amelia,Skott,Amelia
Best of 2017,All Day All Night,Moon Taxi,Daybreaker
Best of 2017,Little Slice (feat. Danny Skyhigh McClain),"Watsky, Danny Skyhigh McClain",x Infinity
Best of 2017,High You Are,"What So Not, Branchez",High You Are (Remixes)
Best of 2017,Limelight (NGHTMRE Remix),"Just A Gent, NGHTMRE",Limelight (NGHTMRE Remix)
Best of 2017,Good Morning Freedom,Blue Mink,Melting Pot - The Best of Blue Mink
Best of 2017,Masked Heroes,Vexento,Masked Heroes
Best of 2017,Walk to the One You Love,Twin Peaks,Down in Heaven
Best of 2017,Mellow Out,in the blue shirt,Sensation Of Blueness
Best of 2017,Adore,Amy Shark,Adore
Best of 2017,Australia,The Shins,Wincing The Night Away
Best of 2017,In Cold Blood,alt-J,In Cold Blood
Best of 2017,Bloodstream,Transviolet,Transviolet
Best of 2017,Kickin' da Leaves,Judah & the Lion,Kids These Days
Best of 2017,Smile,Eyedea & Abilities,By The Throat
Best of 2017,Kings of Troy,Priory,Priory
Best of 2017,Live This Nightmare - NGHTMRE Remix,"The Griswolds, NGHTMRE",Live This Nightmare (NGHTMRE Remix)
Best of 2017,Don't Be Nice,Watsky,x Infinity
Best of 2017,Fool for Love,Lord Huron,Strange Trails
Best of 2017,Frontlines,"Zeds Dead, NGHTMRE, GG Magree",Northern Lights
Best of 2017,Glitter & Gloss,Skott,Glitter & Gloss
Best of 2017,White Noise (R3hab Remix),"Ella Vos, R3HAB",White Noise (R3hab Remix)
Best of 2017,Midway,Bad Bad Hats,Psychic Reader
Best of 2017,Wonderland,Caravan Palace,<I°_°I>
Best of 2017,When I Was Done Dying,Dan Deacon,Gliss Riffer
Best of 2017,Chasing Heaven,"Bassnectar, Levit∆te",Into the Sun
Best of 2017,PS GFY,"GRiZ, Cherub",Good Will Prevail
Best of 2017,Skullclub,The Glitch Mob,Love Death Immortality
Best of 2017,Indian Summer,Jai Wolf,Indian Summer
Best of 2017,Faded - Odesza Remix,"ZHU, ODESZA",Faded (The Remixes)
Best of 2017,I Wanna Go,Summer Heart,About A Feeling
Best of 2017,Girls Your Age,Transviolet,Transviolet
Best of 2017,It Won't Kill Ya,"The Chainsmokers, Louane",Memories...Do Not Open
Best of 2017,The Night We Met,Lord Huron,The Night We Met
Best of 2017,New Year's Eve,Mal Blum,Every Time You Go Somewhere
Best of 2017,Highscore,"Panda Eyes, Teminite",Kiko
Best of 2017,Bad Boy Good Man - Aerophon Mix,"Tape Five, Henrik Wager",Tonight Josephine!
Best of 2017,Booty Swing,Parov Stelar,"The Princess, Pt. Two"
Best of 2017,Midnight,Caravan Palace,<I°_°I>
Best of 2017,Space Tree,Medium Troy,Space Tree
Best of 2017,Don't Let Me Down - W&W Remix,"The Chainsmokers, Daya, W&W",Don't Let Me Down (Remixes)
Best of 2017,Cocaine Jesus,Rainbow Kitten Surprise,RKS
Best of 2017,Go Fuck Yourself,Two Feet,First Steps
Best of 2017,2am,Slightly Stoopid,Chronchitis
Best of 2017,For No One,Houndmouth,Little Neon Limelight
Best of 2017,X Gon' Give It To Ya,DMX,The Best Of DMX
Best of 2017,Headshot,she,Electric Girl
Best of 2017,See It No Other Way,Slightly Stoopid,Closer To The Sun
Best of 2017,Jungle,Tash Sultana,Notion - EP
Best of 2017,Straightjacket,Quinn XCII,Straightjacket
Best of 2017,Peaches,In The Valley Below,The Belt
Best of 2017,Seven,Rainbow Kitten Surprise,Seven + Mary
Best of 2017,Fantasy,"Alina Baraz, Galimatias",Urban Flora
Best of 2017,iSpy (feat. Lil Yachty),"KYLE, Lil Yachty",iSpy (feat. Lil Yachty)
Best of 2017,Blurry Nights,Hayden,Us Alone
Best of 2017,Every Day,bo en,Pale Machine
Best of 2017,Devil Like Me,Rainbow Kitten Surprise,Seven + Mary
Best of 2017,Pressure,Until The Ribbon Breaks,A Lesson Unlearnt
Best of 2017,Overflow,Ghost Loft,Overflow
Best of 2017,Fire in Your New Shoes (feat. Dragonette),"Kaskade, Dragonette",I Remember
Best of 2017,It's Strange (feat. K.Flay),"Louis The Child, K.Flay",It's Strange (feat. K.Flay)
Best of 2017,Brazil,Declan McKenna,Brazil
Best of 2017,Louder (feat. Sian Evans) - Doctor P & Flux Pavillion Remix,"DJ Fresh, Sian Evans, J. Steele AKA Flux Pavillion, S. Brockhurst AKA Doctor P.",Louder EP
Best of 2017,Piledrive (Club Remix),Faded Paper Figures,Piledrive (Club Remix)
Best of 2017,First Class,Rainbow Kitten Surprise,Seven + Mary
Best of 2017,How Did I Get Here,ODESZA,Summer's Gone
Best of 2017,Hi-Fi Goon,Throw Me The Statue,Creaturesque
Best of 2017,Bulletproof,La Roux,La Roux
Best of 2017,Claude's Girl,Marika Hackman,We Slept at Last
Best of 2017,Comin' Round Again,Houndmouth,From the Hills Below the City
Best of 2017,Homage,Mild High Club,Skiptracing
Best of 2017,The Buzz (feat. Mataya & Hodgy Beats) - Alison Wonderland Remix,"Hermitude, Hodgy, Mataya, Alison Wonderland",The Buzz Remixes
Best of 2017,ocean eyes,Billie Eilish,dont smile at me
Best of 2017,Clementine,Sarah Jaffe,Suburban Nature
Best of 2017,The John Wayne,Little Green Cars,Absolute Zero
Best of 2017,Open,Rhye,Woman
Best of 2017,Sedona,Houndmouth,Little Neon Limelight
Best of 2017,The End,Peasant,Shady Retreat
Best of 2017,Fistful Of Silence,The Glitch Mob,Drink the Sea
Best of 2017,The Cat Lady Song,West My Friend,When the Ink Dries
Best of 2017,The Comedown,Rainbow Kitten Surprise,RKS
Best of 2017,Forever Heavy,Black Moth Super Rainbow,Dandelion Gum
Best of 2017,Oceans,Seafret,Tell Me It's Real (Expanded Edition)
Best of 2017,Mister Winter,Fox and the Bird,Floating Feather
Best of 2017,Closer to the Sun,Slightly Stoopid,Closer To The Sun
Best of 2017,Lights,Klaypex,Loose Dirt
Best of 2017,heartsigh,Purity Ring,another eternity
Best of 2017,Wild,The Analog Affair,Wild EP
Best of 2017,Coroner,Lando Chill,"For Mark, Your Son"
Best of 2017,Calabria 2008 (feat. Natasja),"Enur, Natasja",Raggatronic
Liked from Radio,Drifter,Hippie Sabotage,Drifter
Liked from Radio,Life,Cherub,"Bleed Gold, Piss Excellence"
Liked from Radio,daphne did it,cleopatrick,daphne did it / the depths
Liked from Radio,City Kids,cleopatrick,"""14"" - EP"
Liked from Radio,City Kids,cleopatrick,"""14"" - EP"
Liked from Radio,Purple People,Stop Light Observations,Radiation
Liked from Radio,Letter for God,Abhi The Nomad,Marbled
Liked from Radio,Old Enough,Intuition & Equalibrum,Intuition & Equalibrum
Liked from Radio,World Away,Kasbo,World Away
Liked from Radio,Tired Boy,Joey Pecoraro,Tired Boy
Liked from Radio,When I Get There,Big Wild,Invincible EP
Liked from Radio,Comin' Round Again,Houndmouth,From the Hills Below the City
Liked from Radio,Black Shoe,The Moondoggies,Don't Be a Stranger
Liked from Radio,No Woman,Whitney,Light Upon the Lake
Liked from Radio,Man in the Sixties,Balue,Quiet Dreamer
Liked from Radio,Psyche's Dagger,Fly Golden Eagle,Swagger
Liked from Radio,Juniper,New Madrid,Yardboat
Liked from Radio,Mountain Man - Audiotree Live Version,Liz Cooper,Liz Cooper & the Stampede on Audiotree Live
Liked from Radio,I Found A New Way,Twin Peaks,Wild Onion
Liked from Radio,Drag,Day Wave,Drag
Liked from Radio,Don't Move,Phantogram,Nightlife
Dr. Dog,Dead Record Player,Dr. Dog,The Psychedelic Swamp
Dr. Dog,I Saw Her for the First Time,Dr. Dog,Abandoned Mansion
Dr. Dog,Big Girl,Dr. Dog,Be The Void (Deluxe Edition)
Dr. Dog,Heart It Races - Live,Dr. Dog,Live at a Flamingo Hotel
Dr. Dog,The Truth,Dr. Dog,B-Room [Deluxe Edition]
cleopatrick,Friends,cleopatrick,"""14"" - EP"
cleopatrick,City Kids,cleopatrick,"""14"" - EP"
cleopatrick,Belly Button Blues,cleopatrick,"""14"" - EP"
cleopatrick,the depths,cleopatrick,daphne did it / the depths
cleopatrick,sanjake,cleopatrick,sanjake
cleopatrick,bernard trigger,cleopatrick,bernard trigger
cleopatrick,youth,cleopatrick,youth
cleopatrick,hometown,cleopatrick,hometown
Greta Van Fleet,You're The One,Greta Van Fleet,Anthem Of The Peaceful Army
Greta Van Fleet,When The Curtain Falls,Greta Van Fleet,Anthem Of The Peaceful Army
Greta Van Fleet,Safari Song,Greta Van Fleet,From The Fires
Greta Van Fleet,Black Smoke Rising,Greta Van Fleet,From The Fires
Greta Van Fleet,Highway Tune,Greta Van Fleet,From The Fires
GRiZ,Griztronics,"GRiZ, Subtronics",Bangers[2].Zip
GRiZ,Can’t Get Enough,GRiZ,Ride Waves
GRiZ,My Friends and I,"GRiZ, ProbCause",Good Will Prevail
GRiZ,For The Love (Big Wild Remix),"GRiZ, Big Wild, Talib Kweli",For The Love (Remixes) - EP
GRiZ,Smoke That (feat. ProbCause & Jaye Prime),"GRiZ, ProbCause, Jaye Prime",CTGH II Selects
GRiZ,Before I Go,"GRiZ, Leo Napier",Good Will Prevail
GRiZ,How It Ends (feat. Dominic Lalli),"GRiZ, Dominic Lalli",Rebel Era
GRiZ,PS GFY,"GRiZ, Cherub",Good Will Prevail
GRiZ,Wicked,"GRiZ, Eric Krasno",Good Will Prevail
GRiZ,Good Times Roll,"GRiZ, Big Gigantic",Good Will Prevail
GRiZ,Life Goes on (feat. GRiZ),"Manic Focus, GRiZ",Cerebral Eclipse
GRiZ,Slap Me - GRiZ Remix,"Kill Paris, Griz",To A New Earth EP
The Weeks,Girls Like You,The Weeks,Two Moons
The Weeks,Paper Mâché Houses,The Weeks,Two Moons
The Weeks,Chickahominy,The Weeks,Dear Bo Jackson
The Weeks,Brother In The Night,The Weeks,Dear Bo Jackson
The Weeks,Buttons,The Weeks,Comeback Cadillac (Expanded Edition)
The Weeks,Comeback Cadillac,The Weeks,Comeback Cadillac (Expanded Edition)
The Weeks,"Hold It, Kid (Your Heart Just Skipped a Beat)",The Weeks,Comeback Cadillac (Expanded Edition)
The Weeks,Harlots Bluff,The Weeks,Dear Bo Jackson
The Weeks,Chickahominy,The Weeks,Dear Bo Jackson
The White Stripes,Catch Hell Blues,The White Stripes,Icky Thump
The White Stripes,I Just Don't Know What To Do With Myself,The White Stripes,Fell in Love with a Girl
The White Stripes,There's No Home For You Here,The White Stripes,Elephant
The White Stripes,Blue Orchid,The White Stripes,Get Behind Me Satan
The White Stripes,The Denial Twist,The White Stripes,Get Behind Me Satan
The White Stripes,Hotel Yorba,The White Stripes,White Blood Cells
The White Stripes,Seven Nation Army,The White Stripes,Elephant
The White Stripes,Fell In Love With A Girl,The White Stripes,White Blood Cells
The White Stripes,We're Going To Be Friends,The White Stripes,White Blood Cells
The White Stripes,Blue Orchid,The White Stripes,Get Behind Me Satan
The White Stripes,The Denial Twist,The White Stripes,Get Behind Me Satan
LeRoyce,Sunny Nights,LeRoyce,The Sunny Nights Project
LeRoyce,Therapy,"LeRoyce, Loners Club",The Sunny Nights Project
LeRoyce,I Got Soul,LeRoyce,I Got Soul
LeRoyce,Forever,LeRoyce,The Sunny Nights Project
LeRoyce,Know the Name,LeRoyce,The Sunny Nights Project
TeZATalks,3pills,"TeZATalks, Macntaj",3pills
TeZATalks,Net,TeZATalks,Net
TeZATalks,Brains Out,TeZATalks,Apart To Chaos
TeZATalks,Panic Attack,TeZATalks,Apart To Chaos
TeZATalks,Give A Fuck,TeZATalks,Apart To Chaos
TeZATalks,4th Season,TeZATalks,4th Season
TeZATalks,Gas Up,TeZATalks,Gas Up
TeZATalks,Kinko,TeZATalks,Kinko
TeZATalks,Deception,"Macntaj, TeZATalks, Donte Peace",Deception
TeZATalks,Interlude,TeZATalks,Chaos
TeZATalks,Find Me,TeZATalks,Chaos
TeZATalks,STFD,TeZATalks,Chaos
TeZATalks,In the Dark,TeZATalks,In the Dark
TeZATalks,Am I Wrong,TeZATalks,Apart To Chaos
TeZATalks,Legion,TeZATalks,Apart To Chaos
TeZATalks,Golden,TeZATalks,Apart To Chaos
Hippie Sabotage,Different,Hippie Sabotage,Drifter
Hippie Sabotage,Righteous,Hippie Sabotage,Righteous
Hippie Sabotage,Holy Mind,Hippie Sabotage,Holy Mind
Hippie Sabotage,Real Things,"Alex Wiley, Hippie Sabotage",Real Things
Hippie Sabotage,Your Soul,Hippie Sabotage,The Sunny Album (Deluxe Edition)
Hippie Sabotage,Fire the Blunt,Hippie Sabotage,Fire the Blunt
Hippie Sabotage,Fast Car,Hippie Sabotage,Fast Car
Hippie Sabotage,Bad Girl,Hippie Sabotage,Vacants (Deluxe Edition)
Hippie Sabotage,Ridin Solo - Njomza Remix,Hippie Sabotage,The Sunny Album (Deluxe Edition)
Steven Moses,Love Me,"Steven Moses, William Van Zandt",Love Me
Steven Moses,Leave Me,Steven Moses,Love Me // Leave Me
Steven Moses,Hotboy,Steven Moses,Love Me // Leave Me
Steven Moses,Muddy,"Steven Moses, Maxo Kream",Love Me // Leave Me
Steven Moses,Pain You Keep,"Steven Moses, diveliner",Love Me // Leave Me
Radical Face,Asleep On A Train,Radical Face,Ghost
Radical Face,"Welcome Home, Son",Radical Face,Ghost
Radical Face,Let The River In,Radical Face,Ghost
Radical Face,Glory,Radical Face,Ghost
Radical Face,The Strangest Things,Radical Face,Ghost
Radical Face,Wrapped In Piano Strings,Radical Face,Ghost
Radical Face,Along The Road,Radical Face,Ghost
Radical Face,Haunted,Radical Face,Ghost
Radical Face,Winter Is Coming,Radical Face,Ghost
Radical Face,Sleepwalking,Radical Face,Ghost
Radical Face,Homesick,Radical Face,Ghost
Radical Face,A Pound of Flesh,Radical Face,The Family Tree: The Roots
Radical Face,Ghost Towns,Radical Face,The Family Tree: The Roots
Radical Face,Always Gold,Radical Face,The Family Tree: The Roots
Ghost Brothers,Let's Ride,Ghost Brothers,Reach
Ghost Brothers,"Hey You, Hello",Ghost Brothers,Reach
Ghost Brothers,Just Wana Play,Ghost Brothers,Reach
Ghost Brothers,Unchained Melody (Ghost),Ghost Brothers,I Love You Compilation
Zander Zon,Oracles of Her,Zander Zon,Saturn Return
Zander Zon,A Whisper in Time,Zander Zon,Saturn Return
Zander Zon,Heartbeat Lyrics,Zander Zon,Saturn Return
Zander Zon,Chimes,Zander Zon,Saturn Return
Zander Zon,Canon in D,Zander Zon,Saturn Return
Zander Zon,Kinetic,Zander Zon,Saturn Return
Zander Zon,Constellation,Zander Zon,Saturn Return
Zander Zon,Hope,Zander Zon,Sonorous
Zander Zon,Accelerate,Zander Zon,Sonorous
Zander Zon,She Danced,Zander Zon,Sonorous
Zander Zon,Epic Love,Zander Zon,Sonorous
Zander Zon,Looking Glass,Zander Zon,Sonorous
Zander Zon,Meditation in E,Zander Zon,Sonorous
Zander Zon,Sencilla,Zander Zon,Sonorous
$ucideBoy$,Kill Yourself (Part III),$uicideboy$,My Liver Will Handle What My Heart Can't
$ucideBoy$,Runnin' Thru The 7th With My Woadies,"$uicideboy$, Pouya",$outh $ide $uicide
$ucideBoy$,Fold,$uicideboy$,My Liver Will Handle What My Heart Can't
$ucideBoy$,Mount Sinai,$uicideboy$,High Tide In The Snake's Nest
$ucideBoy$,Kill Yourself - Part II,$uicideboy$,Gray/Grey
$ucideBoy$,1000 Rounds,"Ghostemane, Pouya",1000 Rounds
$ucideBoy$,Carrollton,$uicideboy$,I Want To Die In New Orleans
$ucideBoy$,Venom,"$uicideboy$, Shakewell",KILL YOURSELF Part XIV: The Vulture Saga
$ucideBoy$,Muddy Blunts,"$uicideboy$, Pouya",$outh $ide $uicide
$ucideBoy$,Mercury: Retrograde,Ghostemane,Hexada
Stop Light Observations,Helicopters,Stop Light Observations,Helicopters
Stop Light Observations,Aquarius Apocalyptic,Stop Light Observations,TOOGOODOO
Stop Light Observations,For Elizabeth,Stop Light Observations,TOOGOODOO
Stop Light Observations,2young,Stop Light Observations,2young
Stop Light Observations,Give to Get,Stop Light Observations,TOOGOODOO
Stop Light Observations,All I Can Think About,Stop Light Observations,All I Can Think About
Stop Light Observations,Idle Hands,Stop Light Observations,TOOGOODOO
Stop Light Observations,16 Years' Dream,Stop Light Observations,Radiation
Stop Light Observations,Hassie Holmes and How it All Began,Stop Light Observations,Radiation
Stop Light Observations,Purple People,Stop Light Observations,Radiation
Stop Light Observations,Circadian Rhythms (Dusk),Stop Light Observations,Radiation
Stop Light Observations,Daydream,Stop Light Observations,Radiation
Stop Light Observations,Smilers of the Night,Stop Light Observations,Radiation
Stop Light Observations,Obsidian,Stop Light Observations,Radiation
Stop Light Observations,The Kids Can't Sleep,Stop Light Observations,Radiation
Stop Light Observations,Bright Blue Whales,Stop Light Observations,Radiation
Stop Light Observations,Break Them Bad Boys Down,Stop Light Observations,Radiation
Stop Light Observations,good to u,Stop Light Observations,good to u
Stop Light Observations,13bullets (pt. 1),Stop Light Observations,13bullets (pt. 1)
Stop Light Observations,how do u feel?,Stop Light Observations,how do u feel?
Phantogram,Mouthful of Diamonds,Phantogram,Eyelid Movies
Phantogram,When I'm Small,Phantogram,Eyelid Movies
Phantogram,Cruel World,Phantogram,Three
Phantogram,In A Spiral,Phantogram,In A Spiral
Phantogram,You Don’t Get Me High Anymore,Phantogram,Three
Phantogram,Bad Dreams,Phantogram,Voices
Phantogram,Answer,Phantogram,Three
Phantogram,Don't Move,Phantogram,Nightlife
Slightly Stoopid,Closer to the Sun,Slightly Stoopid,Closer to the Sun
Slightly Stoopid,This Joint,Slightly Stoopid,Closer to the Sun
Slightly Stoopid,2am,Slightly Stoopid,Chronchitis
Slightly Stoopid,Wiseman,Slightly Stoopid,Live & Direct: Acoustic Roots
Slightly Stoopid,See It No Other Way,"Slightly Stoopid, Barrington Levy, Mr. Mutton",Closer to the Sun
Slightly Stoopid,Zeplike,Slightly Stoopid,Closer to the Sun
Slightly Stoopid,Open Road,Slightly Stoopid,Closer to the Sun
Slightly Stoopid,Leaving On A Jetplane,Slightly Stoopid,Everything You Need
Slightly Stoopid,Collie Man,Slightly Stoopid,Everything You Need
Slightly Stoopid,Officer,Slightly Stoopid,Everything You Need
Slightly Stoopid,Glocks,Slightly Stoopid,"Everyday Life, Everyday People"
Rainbow Kitten Surprise,When It Lands,Rainbow Kitten Surprise,"How to: Friend, Love, Freefall"
Rainbow Kitten Surprise,Fever Pitch,Rainbow Kitten Surprise,"How to: Friend, Love, Freefall"
Rainbow Kitten Surprise,It's Called: Freefall,Rainbow Kitten Surprise,"How to: Friend, Love, Freefall"
Rainbow Kitten Surprise,Hide,Rainbow Kitten Surprise,"How to: Friend, Love, Freefall"
Rainbow Kitten Surprise,The Comedown,Rainbow Kitten Surprise,RKS
Rainbow Kitten Surprise,All's Well That Ends,Rainbow Kitten Surprise,RKS
Rainbow Kitten Surprise,Cocaine Jesus,Rainbow Kitten Surprise,RKS
Rainbow Kitten Surprise,First Class,Rainbow Kitten Surprise,Seven + Mary
Rainbow Kitten Surprise,Mr. Redundant,Rainbow Kitten Surprise,Seven + Mary
Rainbow Kitten Surprise,Seven,Rainbow Kitten Surprise,Seven + Mary
Rainbow Kitten Surprise,Devil Like Me,Rainbow Kitten Surprise,Seven + Mary
Rainbow Kitten Surprise,American Hero,Rainbow Kitten Surprise,Seven + Mary
Louis the Child,It's Strange (feat. K.Flay),"Louis The Child, K.Flay",It's Strange (feat. K.Flay)
Louis the Child,Slow Down Love (feat. Chelsea Cutler),"Louis The Child, Chelsea Cutler",Love Is Alive EP
Louis the Child,World On Fire,"Louis The Child, Ashe",World On Fire
Louis the Child,Broken Record (Louis the Child Remix) [feat. Joni Fatora],"SoySauce, Joni Fatora",Broken Record (Louis the Child Remix) [feat. Joni Fatora]
Louis the Child,Fire,"Louis The Child, Evalyn",Fire
Louis the Child,Shake Something (feat. Joey Purp),"Louis The Child, Joey Purp",Shake Something (feat. Joey Purp)
Louis the Child,Big Time - X Games Theme,Louis The Child,Big Time (X Games Theme)
Louis the Child,Little Things (with Quinn XCII & Chelsea Cutler),"Louis The Child, Quinn XCII, Chelsea Cutler",Little Things (with Quinn XCII & Chelsea Cutler)
Best of Electronic-Pop,It's Strange,"Louis The Child, K.Flay",It's Strange
Best of Electronic-Pop,Little Things (with Quinn XCII & Chelsea Cutler),"Louis The Child, Quinn XCII, Chelsea Cutler",Little Things (with Quinn XCII & Chelsea Cutler)
Best of Electronic-Pop,Jubel,Klingande,The Album
Best of Electronic-Pop,High You Are,"What So Not, Branchez",High You Are (Remixes)
Best of Electronic-Pop,Got It,Marian Hill,Sway
Best of Electronic-Pop,Bonjour,"Roman Kouder, Marian Hill",Bonjour
Best of Electronic-Pop,Straightjacket,Quinn XCII,The Story of Us
Best of Electronic-Pop,Anything,"Frame, Lea Keeley",Anything
Best of Electronic-Pop,Fire,"Louis The Child, Evalyn",Fire
Best of Electronic-Pop,Temporary,Ella Vos,Temporary
Best of Electronic-Pop,Make You Feel,"Alina Baraz, Galimatias",Urban Flora
Best of Electronic-Pop,Roses,"The Chainsmokers, ROZES",Roses
Best of Electronic-Pop,It Won't Kill Ya,"The Chainsmokers, Louane",Memories...Do Not Open
Best of Electronic-Pop,Don't Let Me Down,"The Chainsmokers, Daya",Don't Let Me Down
Best of Electronic-Pop,Frontlines,"Zeds Dead, NGHTMRE, GG Magree",Northern Lights
Best of Electronic-Pop,Limelight (NGHTMRE Remix),"Just A Gent, NGHTMRE",Limelight (NGHTMRE Remix)
Best of Electronic-Pop,The Buzz,"Hermitude, Mataya, Young Tapz",Dark Night Sweet Light
Best of Electronic-Pop,How Did I Get Here,ODESZA,Summer's Gone
Best of Electronic-Pop,Kings of Summer,"ayokay, Quinn XCII",Kings of Summer (feat. Quinn XCII)
Best of Electronic-Pop,Another Day in Paradise,Quinn XCII,Change of Scenery
Best of Electronic-Pop,Slow Down Love (feat. Chelsea Cutler),"Louis The Child, Chelsea Cutler",Love Is Alive EP
Best of Electronic-Pop,World On Fire,"Louis The Child, Ashe",World On Fire
Best of Electronic-Pop,Broken Record (Louis the Child Remix) [feat. Joni Fatora],"SoySauce, Joni Fatora",Broken Record (Louis the Child Remix) [feat. Joni Fatora]
Best of Electronic-Pop,Shake Something (feat. Joey Purp),"Louis The Child, Joey Purp",Shake Something (feat. Joey Purp)
Best of Electronic-Pop,Big Time - X Games Theme,Louis The Child,Big Time (X Games Theme)
Best of Electronic-Pop,Subtle Thing,Marian Hill,Unusual
Best of Electronic-Pop,Your Soul,Hippie Sabotage,The Sunny Album (Deluxe Edition)
Best of Electronic-Pop,Cry,"Alison Wonderland, Buddy",Awake
Best of Electronic-Pop,Chasing Tail (Madnap Remix),"Win and Woo, Madnap",Chasing Tail (Madnap Remix)
Best of Electronic-Pop,No Notifications,"Mihka!, Kyoto Black",No Notifications
Best of Electronic-Pop,Step Down (feat. CRNKN) - CRNKN Remix,"Elliphant, CRNKN",Step Down (Remixes)
Best of Electronic-Pop,lift me from the ground,"San Holo, Sofie Winterson",album1
Best of Electronic-Pop,Light,San Holo,Light
Best of Electronic-Pop,One Thing,San Holo,One Thing
Best of Electronic-Pop,lift me from the ground,"San Holo, Sofie Winterson",worthy / lift me from the ground
Best of Electronic-Pop,If Only (Mega Collab),"San Holo, Analogue Dear, DROELOE, Eastghost, GOSLO, ILIVEHERE., Losi, Taska Black",Gouldian Finch 2
Best of Electronic-Pop,I Want You,Marian Hill,ACT ONE (The Complete Collection)
Best of Electronic-Pop,Back To Me,"Marian Hill, Lauren Jauregui",ACT ONE (The Complete Collection)
Best of Electronic-Pop,Same Thing,Marian Hill,ACT ONE (The Complete Collection)
Best of Electronic-Pop,oh yeah i love u,"Marian Hill, Steve Davit",ACT ONE (The Complete Collection)
Best of Electronic-Pop,Bellyache - Marian Hill Remix,"Billie Eilish, Marian Hill",Bellyache (Marian Hill Remix)
Best of Electronic-Pop,zZz,DROELOE,zZz
Best of Electronic-Pop,Homebound,DROELOE,A Moment In Time
Best of Electronic-Pop,Good Nights (feat. Mascolo),"Whethan, Mascolo",Good Nights (feat. Mascolo)
Best of Electronic-Pop,The Recipe,Kai Straw,GUN
Best of Electronic-Pop,Supernova,Kai Straw,GUN
Best of Electronic-Pop,Higher (feat. Chance the Rapper & Blue Hawaii) - Remix,"Brian Fresco, Just A Gent, Chance the Rapper, Blue Hawaii",Higher (feat. Chance the Rapper & Blue Hawaii) [Remix]
Best of Electronic-Pop,Sovereign,"Just A Gent, Kasbo",Sovereign
Best of Electronic-Pop,Fire,"Just A Gent, Caitlyn Scarlett",Fire
Best of Electronic-Pop,Bootleggin',Quinn XCII,Bloom
Best of Electronic-Pop,Native Tongue,Quinn XCII,Change of Scenery
Best of Electronic-Pop,Space (feat. Quinn XCII),"Prince Fox, Quinn XCII",Space (feat. Quinn XCII)
Best of Electronic-Pop,Tiny Cities (feat. Beck),"Flume, Beck",Skin
Best of Electronic-Pop,&burn,"Billie Eilish, Vince Staples",Alternative Sugar
Best of Electronic-Pop,ocean eyes,Billie Eilish,dont smile at me
Best of Electronic-Pop,bury a friend,Billie Eilish,bury a friend
Best of Electronic-Pop,bad guy,Billie Eilish,"WHEN WE ALL FALL ASLEEP, WHERE DO WE GO?"
Best of Electronic-Pop,Jesse James,Kai Straw,GUN
Best of Electronic-Pop,Say My Name (feat. Zyra),"ODESZA, Zyra",Say My Name (feat. Zyra)
Best of Electronic-Pop,Line Of Sight,"ODESZA, WYNNE, Mansionair",A Moment Apart
Best of Electronic-Pop,One Day They'll Know (ODESZA Remix),Pretty Lights,A Color Map of the Sun (Remixes)
Best of Electronic-Pop,IPlayYouListen,ODESZA,Summer's Gone
Best of Electronic-Pop,Faded - ODESZA Remix,"ZHU, ODESZA",Faded (The Remixes)
Best of Electronic-Pop,Fade Away,Louis The Child,Here For Now
Best of Electronic-Pop,Free (with Drew Love),"Louis The Child, Drew Love",Here For Now
Best of Electronic-Pop,What A World (with Bob Moses),"Louis The Child, Bob Moses",Here For Now
Best of Electronic-Pop,Way Up (feat. Ava Re),"Floduxe, Ava Re",Way Up (feat. Ava Re)
Best of Electronic-Pop,No Fear No More,Madeon,Good Faith
Best of Electronic-Pop,Heavy With Hoping,Madeon,Good Faith
Best of Electronic-Pop,Be Fine,Madeon,Good Faith
Best of Electronic-Pop,Wishes,"Grant, McCall",Wishes
Best of Electronic-Pop,She's Got a Gun,"KUURO, McCall",She's Got a Gun
Best of Electronic-Pop,Where Will We Go,Grant,Wishes
Best of Electronic-Pop,Be Free,"Aero Chord, Klaypex",Be Free
Looking for Alaska,All These Things That I've Done,The Killers,Hot Fuss
Looking for Alaska,Crosses,José González,Veneer
Looking for Alaska,The Skin of My Yellow Country Teeth,Clap Your Hands Say Yeah,Clap Your Hands Say Yeah
Looking for Alaska,Fortress,Pinback,Summer in Abaddon
Looking for Alaska,The District Sleeps Alone Tonight - Remastered,The Postal Service,Give Up (Deluxe 10th Anniversary Edition)
Looking for Alaska,Blue Orchid,The White Stripes,Get Behind Me Satan
"Bright, Light Electronic",Step Down (feat. CRNKN) - CRNKN Remix,"Elliphant, CRNKN",Step Down (Remixes)
"Bright, Light Electronic",Onlysmokecigsontheweekend,"Walkabout, Chris Ryan",Onlysmokecigsontheweekend
Dark Alt Rock,hometown,cleopatrick,hometown
Dark Alt Rock,Zombie,Bad Pony,Zombie
Dark Alt Rock,Out of the Black,Royal Blood,Royal Blood
Dark Alt Rock,youth,cleopatrick,youth
Dark Alt Rock,Purple People,Stop Light Observations,Radiation
CheckDisShit,Ride,"niko+, Clans",Ride
CheckDisShit,Taking My Time (feat. Asher Roth & Camila Recchio),"Elements of Music, Asher Roth, Camila Recchio",Sunrain
CheckDisShit,Typical,Goodbye Honolulu,More Honey
CheckDisShit,Waste of Time,Early Eyes,Waste of Time
CheckDisShit,Wonka Bar,"Remulak, Golden Ticket Tapes",Wonka Bar
CheckDisShit,Wishful Drinking,Tessa Violet,Bad Ideas
CheckDisShit,Know the Name,LeRoyce,The Sunny Nights Project
CheckDisShit,Anything,"Frame, Lea Keeley",Anything
CheckDisShit,Get Lost (feat. Ashe) - Ford. Remix,"Bearson, Ashe, ford.",Get Lost (feat. Ashe) [Ford. Remix]
CheckDisShit,Weight of This World,The Kingston Springs,The Kingston Springs
CheckDisShit,Reconstruct,"Photay, Seafloor",Photay
CheckDisShit,Taking What's Not Yours,TV Girl,Who Really Cares
CheckDisShit,Swing Swing,ayokay,In the Shape of a Dream
CheckDisShit,Things Happen,Dawes,All Your Favorite Bands
CheckDisShit,Ain't Nobody Like You,"Yung Bae, josh pan",Bae2
Dream Pop,Alison,Slowdive,Souvlaki
Dream Pop,Bedroom,Litany,4 Track EP
Dream Pop,Homage,Mild High Club,Skiptracing
Morning Jog,Railroad Tracks,Stop Light Observations,Radiation
Morning Jog,Where'd All the Time Go?,Dr. Dog,"Shame, Shame (Deluxe Edition)"
Morning Jog,The Earthquake Of '73,Fruit Bats,Spelled In Bones
Morning Jog,One Big Holiday,My Morning Jacket,It Still Moves
Morning Jog,When U Love Somebody,Fruit Bats,Mouthfuls
Morning Jog,Yellow Eyes,Rayland Baxter,Imaginary Man
Morning Jog,The Record Player Song,Daisy the Great,The Record Player Song
Morning Jog,Bonfire,Girlyboi,Bonfire
Morning Jog,Heart It Races - Live,Dr. Dog,Live at a Flamingo Hotel
Morning Jog,Books,Caamp,Books
Morning Jog,Mountain Man,"Liz Cooper, The Stampede",Window Flowers
Morning Jog,Motions - Far Out Version,Liz Cooper,Liz Cooper & the Stampede | Audiotree Far Out
Morning Jog,Painted Yellow Lines,DISPATCH,"America, Location 12"
Morning Jog,Only the Wild Ones,DISPATCH,"America, Location 12"
Morning Jog,This Year,Beach Fossils,Somersault
For Nick,Black Eyes,Radical Face,The Family Tree: The Roots
For Nick,Dramamine,Modest Mouse,This Is a Long Drive for Someone with Nothing to Think About
For Nick,Ten Thousand Lines,Electric President,S/T
For Nick,Fortress,Pinback,Summer in Abaddon
For Nick,Set My Baby Free,Ian Brown,Golden Greats
For Nick,Bonfires,Blue Foundation,Sweep Of Days
For Nick,Whatever Gets You By,The Features,Some Kind of Salvation
For Nick,Nobody Cares,Superorganism,Nobody Cares
For Nick,If You Met Her,Palehound,A Place I'll Always Go
For Nick,Helah,Mauno,Tuning
For Nick,Lazy Eye,Silversun Pickups,The Singles Collection
Will Hanson — In Her Loving Memory,In Her Loving Memory,Will Hanson,Moving a Body
Will Hanson — In Her Loving Memory,About As Helpful As You Can Be Without Being Any Help At All,Dan Mangan,Hector And The Search For Happiness (Original Motion Picture Soundtrack)
Will Hanson — In Her Loving Memory,In A Sweater Poorly Knit,mewithoutYou,"Brother, Sister"
Will Hanson — In Her Loving Memory,World Spins Madly On,"The Weepies, Deb Talan, Steve Tannen",Say I Am You
Will Hanson — In Her Loving Memory,The Cure For Pain,Jon Foreman,Fall
Will Hanson — In Her Loving Memory,Home,Will Hanson,Hope On Top
Will Hanson — In Her Loving Memory,Burning Stars,Mimicking Birds,Mimicking Birds
Will Hanson — In Her Loving Memory,Clementine,Sarah Jaffe,Suburban Nature
Will Hanson — In Her Loving Memory,Little Big Mistakes,Tom Rosenthal,Who's That in the Fog?
Houndmouth,Morning Light,Wilderado,Latigo EP
Houndmouth,Sedona,Houndmouth,Little Neon Limelight
Houndmouth,S.O.B.,Nathaniel Rateliff & The Night Sweats,Nathaniel Rateliff & The Night Sweats
Houndmouth,Good As Gold,The Apache Relay,Apache Relay
Houndmouth,Comin' Round Again,Houndmouth,From the Hills Below the City
Houndmouth,Gold,Streets of Laredo,Wild
Houndmouth,Girlfriend,Streets of Laredo,Volume I & II
Houndmouth,Hey Rose,Streets of Laredo,Volume I & II
Houndmouth,Unlucky Skin - Live from Spotify SXSW 2014,Shakey Graves,Spotify Sessions
Houndmouth,If Your Prayers Don't Get To Heaven,Brian Fallon,If Your Prayers Don't Get To Heaven
Houndmouth,Keeper,Shovels & Rope,O' Be Joyful
Houndmouth,Back To New Orleans,Old Crow Medicine Show,Caroline - EP
Houndmouth,California (Cast Iron Soul) - Cabin Mix,Jamestown Revival,Utah
Houndmouth,Yellow Eyes,Rayland Baxter,Imaginary Man
Alt-J,The Other Side Of Paradise,Glass Animals,How To Be A Human Being
Alt-J,Taro,alt-J,An Awesome Wave
Alt-J,Dissolve Me,alt-J,An Awesome Wave
Alt-J,Something Good,alt-J,An Awesome Wave
Alt-J,Tap Water Drinking,Lewis Del Mar,Lewis Del Mar
Alt-J,Sweater Weather,The Neighbourhood,I Love You.
Alt-J,Wreaths Rakes,Stolen Jars,Kept
Alt-J,When I Was Done Dying,Dan Deacon,Gliss Riffer
DJ 2/27/17,Making Breakfast,Twin Peaks,Wild Onion
DJ 2/27/17,Heart It Races - Cover Version,Dr. Dog,Heart It Races
DJ 2/27/17,Crystalised,The xx,xx
DJ 2/27/17,Lost In Time,Whitley,The Submarine
DJ 2/27/17,Where Is My Mind?,Pixies,Surfer Rosa (Remastered)
DJ 2/27/17,So Good,Warpaint,Heads Up
DJ 2/27/17,Caring Is Creepy,The Shins,"Oh, Inverted World"
DJ 12/1/16,Ain't No Rest for the Wicked,Cage The Elephant,Cage The Elephant
DJ 12/1/16,Hold On,Yellow Ostrich,The Mistress
DJ 12/1/16,Soft & Warm,Voxtrot,"Mothers, Sisters, Daughters & Wives"
DJ 12/1/16,Mister Winter,Fox and the Bird,Floating Feather
DJ 12/1/16,Pangea,Someone Still Loves You Boris Yeltsin,Broom
DJ 12/1/16,Satellite,Guster,Satellite EP
DJ 12/1/16,Needle,Born Ruffians,Birthmarks
DJ 12/1/16,Stranger,Dead Mellotron,Glitter
DJ 12/1/16,The Sun,Portugal. The Man,The Satanic Satanist
DJ 12/1/16,Hallways,Islands,A Sleep & A Forgetting (Deluxe Edition)
DJ 12/1/16,Hi-Fi Goon,Throw Me The Statue,Creaturesque
DJ 12/1/16,Australia,The Shins,Wincing The Night Away
DJ 12/1/16,Chicago - Chicago,Canon Blue,Rumspringa
DJ 12/1/16,Get Gone,White Arrows,Dry Land Is Not A Myth
DJ 10/17/16,New York,Blind Pilot,We Are The Tide
DJ 10/17/16,America,First Aid Kit,America
DJ 10/17/16,The War - Demo,Josh Record,The War
DJ 10/17/16,Grow,Rae Morris,Grow
DJ 10/17/16,I Found,Amber Run,Pilot EP
DJ 10/17/16,Resolution,Matt Corby,Resolution
DJ 10/17/16,Joy,Iron & Wine,Ghost on Ghost
DJ 10/17/16,Hello My Old Heart,The Oh Hellos,The Oh Hello's
DJ 10/17/16,Remembering a Beginning,Elephant Revival,These Changing Skies
DJ 10/17/16,Casimir Pulaski Day,Sufjan Stevens,Illinois
DJ 10/17/16,Drain You,Horse Feathers,Drain You b/w Bonnet of Briars - Digital 7 inch
DJ 10/17/16,More Than Life,Whitley,The Submarine
DJ 11/10/16,Brill Bruisers,The New Pornographers,Brill Bruisers
DJ 11/10/16,My Body,Young the Giant,Young The Giant (Special Edition)
DJ 11/10/16,Heart It Races,Dr. Dog,Live At A Flamingo Hotel
DJ 11/10/16,Fool for Love,Lord Huron,Strange Trails
DJ 11/10/16,Mr. Redundant,Rainbow Kitten Surprise,Seven + Mary
DJ 11/10/16,Royal Blue,Cold War Kids,Mine Is Yours
DJ 11/10/16,Kisser,Step Rockets,Future Nature
DJ 11/10/16,Running For Cover,Ivan & Alyosha,All The Times We Had
DJ 11/10/16,Take It As It Comes,J. Roddy Walston & The Business,Essential Tremors
DJ 11/10/16,Every Other Freckle,alt-J,This Is All Yours
DJ 11/10/16,Teach You the Tongue,Kid Cadaver,Kid Cadaver
DJ 11/10/16,Lake Michigan,Rogue Wave,The Secret Life Of Walter Mitty (Music From And Inspired By The Motion Picture)
DJ 11/10/16,Naked Kids,GROUPLOVE,Never Trust a Happy Song
DJ 11/3/16,lovers’ carvings,Bibio,Ambivalence Avenue
DJ 11/3/16,Teardrop,José González,In Our Nature
DJ 11/3/16,Dramamine,Modest Mouse,This Is a Long Drive for Someone with Nothing to Think About
DJ 11/3/16,World Looking In,Morcheeba,Fragments of Freedom
DJ 11/3/16,Young Folks,Peter Bjorn and John,Writer's Block
DJ 11/3/16,See It No Other Way,Slightly Stoopid,Closer To The Sun
DJ 11/3/16,"Welcome Home, Son",Radical Face,Ghost
DJ 11/3/16,Bonfires,Blue Foundation,Sweep Of Days
DJ 11/3/16,Hide and Seek,Imogen Heap,Speak For Yourself
DJ 11/3/16,The Funeral,Band of Horses,Everything All The Time
DJ 11/3/16,Intro,M83,"Hurry Up, We're Dreaming"
DJ 10/27/16,Mister Winter,Fox and the Bird,Floating Feather
DJ 10/27/16,Needle,Born Ruffians,Birthmarks
DJ 10/27/16,Soft & Warm,Voxtrot,"Mothers, Sisters, Daughters & Wives"
DJ 10/27/16,Outerspace Mover,Tom Rosenthal,Who's That in the Fog?
DJ 10/27/16,Hold On,Yellow Ostrich,The Mistress
DJ 10/27/16,Two Shoes,The Cat Empire,Two Shoes
DJ 10/27/16,Saturday Morning,The Anatomy of Frank,Pangaea
DJ 10/27/16,"I'm Not Crying. You're Not Crying, Are You?",Dear and the Headlights,Drunk Like Bible Times
DJ 10/27/16,Waste A Moment,Kings of Leon,Waste A Moment
DJ 10/27/16,Gutter,Paper Route,Absence
DJ 10/27/16,Wake Up,Arcade Fire,Funeral
DJ 10/20/16,Ghost,Folly and the Hunter,Tragic Care
DJ 10/20/16,Parasol,Jonquil,Whistle Low - EP
DJ 10/20/16,Clementine,Sarah Jaffe,Suburban Nature
DJ 10/20/16,Throw Your Arms Around Me,Summer Fiction,Summer Fiction
DJ 10/20/16,The End,Peasant,Shady Retreat
DJ 10/20/16,Speed Of Sound,Communist Daughter,Soundtrack To The End
DJ 10/20/16,Serpentine,Chris Bathgate,A Cork Tale Wake
DJ 10/20/16,Search and Destroy,Sanders Bohlke,Search and Destroy
DJ 10/20/16,Buildings & Mountains,The Republic Tigers,Keep Color
DJ 10/20/16,Cora Cora,"dana falconberry, The Medicine Bow",From the Forest Came the Fire
DJ 10/20/16,Blurry Nights,Hayden,Us Alone
DJ 10/13/16,Lucifer's Eyes,T.O.L.D.,Heaven EP
DJ 10/13/16,I Wanna Go,Summer Heart,About A Feeling
DJ 10/13/16,Open,Rhye,Woman
DJ 10/13/16,Faded - ODESZA Remix,"ZHU, ODESZA",Faded (The Remixes)
DJ 10/13/16,Roses,"The Chainsmokers, ROZES",Roses
DJ 10/13/16,Past Lives,BØRNS,Dopamine
DJ 10/13/16,Concrete Wall,Zee Avi,Ghostbird
DJ 10/13/16,Heavy Heart,Gabrielle Aplin,Light up the Dark
DJ 10/13/16,Between Two Points (feat. Swan),The Glitch Mob,Drink the Sea
DJ 10/13/16,Stay With Me,Black English,NO
DJ 10/13/16,Paper Knees,The Careful Ones,"Moths, Flames, Etc."
DJ 3,Blue Beard,Band of Horses,Infinite Arms
DJ 3,Brill Bruisers,The New Pornographers,Brill Bruisers
DJ 3,Bulletproof,La Roux,La Roux
DJ 3,Fire in Your New Shoes (feat. Martina Sorbara),"Kaskade, Martina Sorbara",Dynasty
DJ 3,Fool for Love,Lord Huron,Strange Trails
DJ 3,I Wanna Go,Summer Heart,About A Feeling
DJ 3,Lucifer's Eyes,T.O.L.D.,Heaven EP
DJ 3,Needle,Born Ruffians,Birthmarks
DJ 3,Peaches,In The Valley Below,The Belt
DJ 3,Tickle,Eyes Lips Eyes,What You Want [If You Want]
DJ 3,Sedona,Houndmouth,Little Neon Limelight
DJ 3,Rotten Apples,Voxhaul Broadcast,Timing Is Everything
Chrima,White Winter Hymnal (Fleet Foxes Cover),Pentatonix,That's Christmas To Me
Chrima,Sleigh Ride,Pentatonix,That's Christmas To Me
Chrima,Winter Wonderland / Don't Worry Be Happy (feat. Tori Kelly),"Pentatonix, Tori Kelly",That's Christmas To Me
Chrima,That's Christmas to Me,Pentatonix,That's Christmas To Me
Chrima,"Mary, Did You Know?",Pentatonix,That's Christmas To Me
Chrima,Dance of the Sugar Plum Fairy,Pentatonix,That's Christmas To Me
Chrima,It's the Most Wonderful Time of the Year,Pentatonix,That's Christmas To Me
Chrima,Santa Claus is Coming to Town,Pentatonix,That's Christmas To Me
Chrima,Silent Night,Pentatonix,That's Christmas To Me
Chrima,Angels We Have Heard on High,Pentatonix,PTXmas (Deluxe Edition)
Chrima,"O Come, O Come Emmanuel",Pentatonix,PTXmas (Deluxe Edition)
Chrima,Carol of the Bells,Pentatonix,PTXmas (Deluxe Edition)
Chrima,The Christmas Song (Chestnuts Roasting on an Open Fire),Pentatonix,PTXmas (Deluxe Edition)
Chrima,O Holy Night,Pentatonix,PTXmas (Deluxe Edition)
Chrima,Little Drummer Boy,Pentatonix,PTXmas (Deluxe Edition)
Chrima,Jingle Bell Rock,Voice Male,Jingles
Chrima,The Little Drummer Boy,Voice Male,Jingles
Chrima,The Christmas Song,Voice Male,Jingles
Chrima,God Rest You Merry Gentlemen,Voice Male,Jingles
Chrima,Winter Wonderland,Voice Male,Jingles
Chrima,Jamaican Noel,Voice Male,Jingles
Chrima,Silent Night,Voice Male,Jingles
Chrima,The Christmas Tree Was Green & Bright (Poem),Voice Male,Jingles
Chrima,Angels We Have Heard On High,Voice Male,Jingles
Chrima,Homeless,Voice Male,Jingles
Chrima,‘twas the Day After Christmas (Poem),Voice Male,Jingles
Chrima,Grandma Got Run Over By A Reindeer,Voice Male,Jingles
Chrima,Christmas Chopsticks,Voice Male,Jingles
Chrima,We Wish You A Merry Christmas,Voice Male,Jingles
Chrima,O Holy Night,Voice Male,Jingles
Chrima,Have Yourself A Merry Little Christmas,Voice Male,Jingles
Chrima,What Child Is This? [First Noel Prelude],Francesca Battistelli,Christmas
Chrima,"O Come, O Come, Emmanuel",Enya,And Winter Came...
My Shazam Tracks,Pokemon Theme,"Kurt Hugo Schneider, Lindsey Stirling",Pokemon Theme
My Shazam Tracks,You Go Down Smooth,Lake Street Dive,Bad Self Portraits
My Shazam Tracks,Melancolia,Caravan Palace,Chronologic
My Shazam Tracks,The Lion's Roar,First Aid Kit,The Lion's Roar
My Shazam Tracks,Bouncin' Back (Bumpin' Me Against the Wall) (feat. Pharrell Williams) - Extended Version,"Mystikal, Pharrell Williams",Tarantula
My Shazam Tracks,No Turning Back,Lee Ahmad Baker,Super Massive Singularity
My Shazam Tracks,Deform to Form a Star,Steven Wilson,Grace for Drowning
My Shazam Tracks,Dumb Bird,Daggy Man,Indie / Indie-Folk Compilation - Spring 2018
My Shazam Tracks,Sign Me Up,Matt Hartke,Sign Me Up
My Shazam Tracks,Only Lonely,The Ballroom Thieves,Only Lonely
My Shazam Tracks,Indigo Plateau,Psychic Type,Indigo Plateau
My Shazam Tracks,Future Starts Slow,The Kills,Blood Pressures
My Shazam Tracks,Home Alone,Ansel Elgort,Home Alone
My Shazam Tracks,I Was Born (A Unicorn),The Unicorns,Who Will Cut Our Hair When We're Gone? (Remastered)
My Shazam Tracks,Modern Romance,Yeah Yeah Yeahs,Fever To Tell
My Shazam Tracks,"Signed, Sealed, Delivered (I'm Yours)",Stevie Wonder,Number 1's
My Shazam Tracks,Your Soul,Hippie Sabotage,The Sunny Album (Deluxe Edition)
My Shazam Tracks,Habit,The Movement,Music Unites - Healing of a Nation
My Shazam Tracks,Nowadays (feat. Landon Cube),"Lil Skies, Landon Cube",Nowadays (feat. Landon Cube)
My Shazam Tracks,Outside Today,YoungBoy Never Broke Again,Outside Today
My Shazam Tracks,Menace,"Quality Control, Lil Yachty, Quavo, Offset",Quality Control: Control The Streets Volume 1
My Shazam Tracks,Jazz Got Me,"Louis VI, Mick Jenkins",Jazz Got Me
My Shazam Tracks,"The Night They Drove Old Dixie Down - Live At The Academy Of Music, New York, 1971 / Remastered 2001",The Band,Rock Of Ages (Expanded Edition)
My Shazam Tracks,Bad Liar,Selena Gomez,Bad Liar
My Shazam Tracks,Too Hotty,"Quality Control, Migos, Eurielle",Too Hotty
My Shazam Tracks,Fold,$uicideboy$,My Liver Will Handle What My Heart Can't
My Shazam Tracks,These Days,mike.,This Isn't The Album
My Shazam Tracks,Good Friend,Quinn XCII,Bloom
My Shazam Tracks,Express Yourself - Remastered 2000,N.W.A.,N.W.A. And Their Family Reunion
My Shazam Tracks,do re mi,blackbear,digital druglord
My Shazam Tracks,Guilty Pleasure,Bryce Vine,Lazy Fair
My Shazam Tracks,Paradise (Never Change),Jack & Jack,Paradise (Never Change)
My Shazam Tracks,Harlem,New Politics,A Bad Girl In Harlem
My Shazam Tracks,Best Friends,grandson,Best Friends
My Shazam Tracks,Mercury: Retrograde,Ghostemane,Hexada
My Shazam Tracks,Dennis Rodman,"mansionz, Dennis Rodman",Mansionz
My Shazam Tracks,Kill Yourself - Part II,$uicideboy$,Gray/Grey
My Shazam Tracks,I Tried,"SOJA, Gentleman, Tamika",Born In Babylon
My Shazam Tracks,Stand Strong In Dub (feat. Dub Architect),"Iya Terra, Dub Architect",Full Circle
My Shazam Tracks,Sound Of Change,Dirty Heads,Sound Of Change
My Shazam Tracks,Up on a Plane,Slightly Stoopid,Closer to the Sun
My Shazam Tracks,Two Ton Wrecking Ball,The Revivalists,Vital Signs
My Shazam Tracks,Police State,Tropidelic,Police State
My Shazam Tracks,I Got Top in Bikini Bottom (feat. Kg Smokey),"Joey Trap, Kg Smokey",Trap Jack
My Shazam Tracks,DoIHaveTheSause?,Ski Mask The Slump God,BEWARE THE BOOK OF ELI
My Shazam Tracks,Up Down (Do This All Day) (feat. B.o.B),"T-Pain, B.o.B",Up Down (Do This All Day) (feat. B.o.B)
My Shazam Tracks,Photosynthesis,"Saba, Jean Deaux",Bucket List Project
My Shazam Tracks,Bags,$uicideboy$,KILL YOURSELF Part VIII: The Seppuku Saga
My Shazam Tracks,Never Going Back Again - Live 1977,Fleetwood Mac,Rumours (Super Deluxe)
My Shazam Tracks,10 Feet Down,"NF, Ruelle",Perception
My Shazam Tracks,Real,NF,Therapy Session
My Shazam Tracks,Bliss City,ODIE,Analogue
My Shazam Tracks,Tried to Be Nice,Witt Lowry,Dreaming With Our Eyes Open
My Shazam Tracks,How We Party,"R3HAB, VINAI",How We Party
My Shazam Tracks,Hipster Cutthroat,DotEXE,Hipster Cutthroat
My Shazam Tracks,Sidewalks,"The Weeknd, Kendrick Lamar",Starboy
My Shazam Tracks,City 2 City,"Zomboy, Belle Humble",The Dead Symphonic EP
My Shazam Tracks,Save That Shit,Lil Peep,"Come Over When You're Sober, Pt. 1"
My Shazam Tracks,Far Alone (feat. E-40 & Jay Ant),"G-Eazy, E-40, Jay Anthony",These Things Happen
My Shazam Tracks,FEAR.,Kendrick Lamar,DAMN.
My Shazam Tracks,Under Pressure,Logic,Under Pressure (Deluxe)
My Shazam Tracks,YSIV,Logic,YSIV
My Shazam Tracks,SWITCH IT UP | ZWITCH 1T UP,Denzel Curry,TA13OO
My Shazam Tracks,SWITCH IT UP | ZWITCH 1T UP,Denzel Curry,TA13OO
My Shazam Tracks,R.E.M,Ariana Grande,Sweetener
My Shazam Tracks,Talking Body,Tove Lo,Queen Of The Clouds (Blueprint Edition)
My Shazam Tracks,Garden of the Gods,The Bright Light Social Hour,The Bright Light Social Hour
My Shazam Tracks,Black Magic,"Muzzy, Day One",Monstercat 008 - Anniversary
My Shazam Tracks,1000 Rounds,"Ghostemane, Pouya",1000 Rounds
My Shazam Tracks,Decks Dark,Radiohead,A Moon Shaped Pool
My Shazam Tracks,Dear love of mine,Daniel Spaleniak,Back Home
My Shazam Tracks,Sacrifice,The Expendables,Gettin' Filthy
My Shazam Tracks,Ocean,Cydeways,But It Ain't House Music
My Shazam Tracks,Night Drive,Rob Simonsen,Nerve (Original Motion Picture Soundtrack)
My Shazam Tracks,Faded,Alan Walker,Faded
My Shazam Tracks,No Notifications,"Mihka!, Kyoto Black",No Notifications
My Shazam Tracks,Toulouse - Original Mix,Nicky Romero,EDM All Stars
My Shazam Tracks,Lost My Mind,"Dillon Francis, Alison Wonderland",Lost My Mind
My Shazam Tracks,Boomin,"Yung Gravy, bbno$",Boomin
My Shazam Tracks,I'm Good,Snak The Ripper,I'm Good
My Shazam Tracks,Good Times Bad Times - 1993 Remaster,Led Zeppelin,Led Zeppelin
My Shazam Tracks,&burn,"Billie Eilish, Vince Staples",Alternative Sugar
My Shazam Tracks,bury a friend,Billie Eilish,bury a friend
My Shazam Tracks,untitled 08 | 09.06.2014.,Kendrick Lamar,untitled unmastered.
My Shazam Tracks,Unfold,"Alina Baraz, Galimatias",Urban Flora
My Shazam Tracks,Are You Gonna Be My Girl,Jet,Get Born
My Shazam Tracks,"Spaceship II (feat. Chance The Rapper, GLC)","Alex Wiley, Chance the Rapper, GLC",Club Wiley
My Shazam Tracks,E-Pro,Beck,Guero
My Shazam Tracks,B Role,Smino,blkswn
My Shazam Tracks,Can't Keep,Duncan Fellows,Both Sides of the Ceiling
My Shazam Tracks,100 Miles and Running (ft. Wale & John Lindahl),"Logic, Wale, John Lindahl",YSIV
My Shazam Tracks,Bad Girls,M.I.A.,Matangi
My Shazam Tracks,Shine,Collective Soul,"Hints, Allegations & Things Left Unsaid"
My Shazam Tracks,Freestyle,Lil Baby,Too Hard
My Shazam Tracks,Out of My League,Fitz and The Tantrums,Out of My League
My Shazam Tracks,I Like That,Janelle Monáe,Dirty Computer
My Shazam Tracks,King Kunta,Kendrick Lamar,To Pimp A Butterfly
My Shazam Tracks,Girlfriend,Nao,For All We Know
My Shazam Tracks,What Did We Do,Shang-High,What Did We Do
My Shazam Tracks,Habit$,T-Shawn,So High EP
My Shazam Tracks,Hasta Luego,JID,Hasta Luego
My Shazam Tracks,Hyperbolic 2,BUSDRIVER,Thumbs
My Shazam Tracks,Ça que c'tait,Alaclair Ensemble,Les Frères Cueilleurs
My Shazam Tracks,To You,Young Wonder,Birth
My Shazam Tracks,Never Swim Alone,Death From Above 1979,Outrage! Is Now
My Shazam Tracks,Lowest Dive,Monotonix,Body Language
My Shazam Tracks,Kalise,El Guincho,Alegranza
My Shazam Tracks,Slip Away,Get Famous,Attack Of The Blog
My Shazam Tracks,Lynguistics [Deluxe Edition],CunninLynguists,Will Rap for Food [Deluxe Edition]
My Shazam Tracks,Pick Up The Phone,Dragonette,Fixin to Thrill
My Shazam Tracks,LITE SPOTS,KAYTRANADA,99.9%
My Shazam Tracks,Wolf Pack,Pigeon Hole,Chimp Blood
My Shazam Tracks,Pressure,Milk & Bone,Little Mourning
My Shazam Tracks,Never Swim Alone,Death From Above 1979,Outrage! Is Now
My Shazam Tracks,Blue Orchid,The White Stripes,Get Behind Me Satan
My Shazam Tracks,Insane feat. Moon Holiday,Flume,Flume: Deluxe Edition
My Shazam Tracks,Ezra,Flume,Flume: Deluxe Edition
My Shazam Tracks,I Don't Know You,The Marías,I Don't Know You
My Shazam Tracks,"Broken / Head Over Heels - Live At Massey Hall, Toronto, Canada / 1985",Tears For Fears,Songs From The Big Chair (Super Deluxe Edition)
My Shazam Tracks,Golden Light,STRFKR,Miracle Mile
My Shazam Tracks,Make You Feel,"Alina Baraz, Galimatias",Urban Flora
My Shazam Tracks,Git Wit Dis - original mix,Manics,Git Wit Dis
My Shazam Tracks,Crown On The Ground,Sleigh Bells,Treats
My Shazam Tracks,U Don’t Know,"Alison Wonderland, Wayne Coyne",Run
My Shazam Tracks,The Moment,Tame Impala,Currents
My Shazam Tracks,Let It Happen,Tame Impala,Currents
My Shazam Tracks,I Got You Babe,Bahamas,Barchords
My Shazam Tracks,Cleaning Windows - 2001 Remaster,Van Morrison,Beautiful Vision
My Shazam Tracks,Art Isn't Real (City Of Sin),Deer Tick,War Elephant
My Shazam Tracks,Baltimore Blues No. 1,Deer Tick,War Elephant
My Shazam Tracks,Doin' it Right (feat. Panda Bear),"Daft Punk, Panda Bear",Random Access Memories
My Shazam Tracks,Burning Up (Fire),BTS,The Most Beautiful Moment in Life: Young Forever
My Shazam Tracks,I Was Made For Lovin' You,KISS,Dynasty
My Shazam Tracks,At Now,Anna Nalick,At Now
My Shazam Tracks,Whatever,The Beths,Warm Blood
My Shazam Tracks,Arcade Robot,Boys Noize,Oi Oi Oi
Radio Sounds,Get Thy Bearings,"Bonobo, Szjerdene",Late Night Tales: Bonobo
Radio Sounds,The Plans,David Holmes,Ocean's Eleven (Music from the Motion Picture)
Radio Sounds,Saturday Night Inside Out,The Avalanches,Wildflower
Radio Sounds,Listen to the Future,Free the Robots,Free the Robots EP
Radio Sounds,This Language feat. Lateef the Truthspeaker,Stateless,Stateless
Radio Sounds,Angelhead feat. Lili Hayden,Supreme Beings of Leisure,11i
Radio Sounds,Farewell Spaceman,Blockhead,The Music Scene
Radio Sounds,Summertime Cowboy,Husky Rescue,Country Falls
Radio Sounds,Da Da Da,Martina Topley-Bird,Some Place Simple
Radio Sounds,Everything and Nothing,"DJ KRUSH, Divine Styler",Butterfly Effect
Radio Sounds,7 bit Blues,Kid Koala,12 bit Blues
Radio Sounds,Little by Little (feat. MC Jabber),"Blue Foundation, MC Jabber",Life Of A Ghost
Radio Sounds,Ghostwriter,RJD2,Deadringer: Deluxe
Radio Sounds,The Key,Emancipator,Seven Seas
Radio Sounds,World Looking In,Morcheeba,Fragments of Freedom
Radio Sounds,Don't Mean a Thing,Parov Stelar,The Demon Diaries
Radio Sounds,Flowers and Silence,Sneaker Pimps,Splinter
Radio Sounds,Pinocchionic,Pogo,Kindred Shadow
Radio Sounds,winter bokeh (ft. jinsang),"Idealism, Jinsang",winter bokeh (ft. jinsang)
Radio Sounds,Nevergreen,Emancipator,Safe In the Steep Cliffs
Radio Sounds,Que Sera,Wax Tailor,Tales of the Forgotten Melodies
Bippity Boppity,Earth Island,Crystal Fighters,Star Of Love
Sun's Wide,Rats,Devendra Banhart,What Will We Be
Sun's Wide,Heart it Races - As Played By Dr Dog,Architecture In Helsinki,Heart It Races
Sun's Wide,Majestic,Wax Fang,La La Land
Sun's Wide,5 Years Time,Noah And The Whale,"Peaceful, The World Lays Me Down"
Sun's Wide,Outer Space (feat. Genevieve) (feat. Genevieve),"G, Genevieve",Outer Space (feat. Genevieve) (feat. Genevieve)
Sun's Wide,Indian Summer,Jai Wolf,Indian Summer
Sun's Wide,When I'm Down,"Whethan, Oliver Tree",When I'm Down
Sun's Wide,Modern Man Intermission,Chill Bump,Hidden Strings - EP
Headshot,Headshot,she,Electric Girl
Headshot,Mellow Out,in the blue shirt,Sensation Of Blueness
Headshot,Every Day,bo en,Pale Machine
Headshot,Let Linger,Birocratic,Beets 3
Headshot,On the Rocks,Ken Ashcorp,On the Rocks
Headshot,Fiona Coyne,Skylar Spence,Fiona Coyne/Fall Harder
Headshot,He^Rt,Starcadian,He^Rt
Headshot,So Damn Beautiful (FrankMusik Version) [feat. Marionismagical & Frankmusik],"FrankJavCee, Marionismagical, Frankmusik","FrankJavCee, Vol. 2"
Headshot,Clear,"Pusher, MOTHICA",Clear
Headshot,Phantasm (feat. Nicole Millar),Cosmo's Midnight,Phantasm (feat. Nicole Millar)
Headshot,Friend,bo en,Pale Machine
Headshot,Vibe,MELVV,Vibe
RKSnew,Drop Stop Roll,Rainbow Kitten Surprise,Drop Stop Roll
RKSnew,Work Out,Rainbow Kitten Surprise,Work Out
RKSnew,Our Song,Rainbow Kitten Surprise,Our Song
RKSnew,Painkillers,Rainbow Kitten Surprise,"How to: Friend, Love, Freefall"
It wasnt Love,Pumpkins Scream In the Dead of Night (feat. shinigami),"Savage Ga$p, 93FEETOFSMOKE, shinigami",Pumpkins Scream In the Dead of Night (feat. shinigami)
It wasnt Love,Cat Girls Are Ruining My Life!,CORPSE,Cat Girls Are Ruining My Life!
It wasnt Love,Never Satisfied,CORPSE,Never Satisfied
It wasnt Love,Miss YOU!,CORPSE,Miss YOU!
It wasnt Love,E-GIRLS ARE RUINING MY LIFE!,"CORPSE, Savage Ga$p",E-GIRLS ARE RUINING MY LIFE!
It wasnt Love,GTG,Freddie Dredd,GTG
It wasnt Love,Mercury: Retrograde,Ghostemane,Hexada
It wasnt Love,Body Parts,Freddie Dredd,"Variety Pack EP, Vol. 1"
It wasnt Love,I duckinf hatw you,"Ghostemane, Parv0",HUMAN ERR0R
It wasnt Love,Hayloft,Mother Mother,O My Heart
It wasnt Love,Michelle,Sir Chloe,Party Favors
It wasnt Love,Leave Me Alone,I DONT KNOW HOW BUT THEY FOUND ME,RAZZMATAZZ
It wasnt Love,Two Time,Jack Stauber's Micropop,Inchman / Two Time
It wasnt Love,I Wanna Bitch Like Dillion Harper,KAMAARA,Next Time You See Me I'll Be Dead on Your Doorstep ||
It wasnt Love,Nihil,Ghostemane,N / O / I / S / E
It wasnt Love,TRRST,"IC3PEAK, ZillaKami",До Свидания
It wasnt Love,money machine,"100 gecs, Laura Les, Dylan Brady",1000 gecs
It wasnt Love,Paris,$uicideboy$,Now The Moon's Rising
It wasnt Love,Kismet,WHOKILLEDXIX,Kismet
It wasnt Love,HAHA,Lil Darkie,HAHA
It wasnt Love,Грустная сука,IC3PEAK,Сладкая жизнь
It wasnt Love,Oxygen,BONES,NoRedeemingQualities
It wasnt Love,FACEPLANT,PRXJEK,FACEPLANT
It wasnt Love,Wishuwell,GhostBoi,Wishuwell
It wasnt Love,Smack a Bitch,Rico Nasty,Smack a Bitch
It wasnt Love,you should see me in a crown,Billie Eilish,"WHEN WE ALL FALL ASLEEP, WHERE DO WE GO?"
It wasnt Love,Tylko Jedno W Głowie Mam,Tańcząca Krowa,Tylko Jedno W Głowie Mam
It wasnt Love,Come & Go (with Marshmello),"Juice WRLD, Marshmello",Legends Never Die
It wasnt Love,Man Of The Year,Juice WRLD,Legends Never Die
It wasnt Love,The Search,NF,The Search
It wasnt Love,COLOSSAL CONFLICT,Lil Darkie,COLOSSAL CONFLICT
It wasnt Love,DARK,Lil Darkie,LIL DARKIE CLASSICS
It wasnt Love,METHHEAD FREESTYLE,"Lil Darkie, Eric North, JOHNNASCUS, Half Metal Kaiba, BLCKK, BRUHMANEGOD, LiL CUBENSiS, Royalty the Kidd, Afourteen, Wendigo",METHHEAD FREESTYLE
It wasnt Love,WALKING DOWN THE STREET,Lil Darkie,WALKING DOWN THE STREET
It wasnt Love,MUSHROOM,Lil Darkie,YIN
It wasnt Love,where is darkie?,Lil Darkie,THIS DOES NOT EXIST
It wasnt Love,wrap music,Lil Darkie,THIS DOES NOT EXIST
It wasnt Love,POSTED IN THE DVRK,Lil Darkie,LIL DARKIE CLASSICS
It wasnt Love,BLACK SHEEP,Lil Darkie,BLACK SHEEP
It wasnt Love,ANXIETY,Lil Darkie,ANXIETY
It wasnt Love,GENOCIDE,Lil Darkie,GENOCIDE
It wasnt Love,COMPOSITION XI,Lil Darkie,THIS DOES NOT EXIST
It wasnt Love,Daisy,Ashnikko,Daisy
It wasnt Love,I'm a Murderer,Freddie Dredd,Dredd
It wasnt Love,Killin' On Demand,Freddie Dredd,Killin' On Demand
It wasnt Love,Brutus,The Buttress,Brutus
It wasnt Love,Scary Gary,"Teardrop Estates, FRANK LEONE, Gary Wilson",Scary Gary
It wasnt Love,Missing Kitty,Kreayshawn,T.O.B.M
It wasnt Love,Serpent of Old (feat. Ciscandra Nostalgia),"Seven Lions, Ciscandra Nostalgia",Serpent Of Old (feat. Ciscandra Nostalghia)
It wasnt Love,MISA MISA!,"CORPSE, Scarlxrd, Kordhell",MISA MISA!
It wasnt Love,Where Do I Sign?,Weathers,Where Do I Sign?
It wasnt Love,Pacer,Doechii,Pacer
It wasnt Love,Crazy,Doechii,Crazy
Mental Music // INFJ Mell,Keep It Together,Pomplamoose,Season 2
Mental Music // INFJ Mell,Everybody’s Gotta Live,J57,Wax Aesthetic
Mental Music // INFJ Mell,Hallow Fate,Gin Wigmore,Ivory
Mental Music // INFJ Mell,Odeum,Gin Wigmore,Ivory
Mental Music // INFJ Mell,Fall Out Of Love,Gin Wigmore,Ivory
Mental Music // INFJ Mell,Happy Together (feat. Ray Toro),"Gerard Way, Ray Toro",Happy Together (feat. Ray Toro)
Mental Music // INFJ Mell,Happy Together,The Turtles,Happy Together
Mental Music // INFJ Mell,Hazy Shade of Winter (feat. Ray Toro),"Gerard Way, Ray Toro",Hazy Shade of Winter (feat. Ray Toro)
Mental Music // INFJ Mell,We're Through,The Hollies,20 Golden Greats
Mental Music // INFJ Mell,Soul Kitchen,The Doors,The Doors
Mental Music // INFJ Mell,One - Single Version,Three Dog Night,Three Dog Night
Mental Music // INFJ Mell,Run Boy Run,Woodkid,The Golden Age
Mental Music // INFJ Mell,Exit Music (For a Film),Radiohead,OK Computer
Mental Music // INFJ Mell,Sinnerman,Nina Simone,Pastel Blues
Mental Music // INFJ Mell,Body,Mother Mother,O My Heart
Mental Music // INFJ Mell,Dream Sweet in Sea Major,Miracle Musical,Hawaii: Part II
Mental Music // INFJ Mell,Great Vacation,Dirt Poor Robins,The Raven Locks Act 3
Mental Music // INFJ Mell,Into The Unknown,The Blasting Company,Over The Garden Wall
Mental Music // INFJ Mell,Dirty Night Clowns,Chris Garneau,El Radio
Mental Music // INFJ Mell,Lady Daydream,Mr Twin Sister,Color Your Life
Mental Music // INFJ Mell,Identity,John Reuben,Reubonic
Mental Music // INFJ Mell,Future Nostalgia,John Reuben,Reubonic
Mental Music // INFJ Mell,Bloody Nose,Jack Conte,VideoSongs Volume 3
Mental Music // INFJ Mell,Prodigal,Porcupine Tree,In Absentia
Mental Music // INFJ Mell,The Other Side Of Paradise,Glass Animals,How To Be A Human Being
Mental Music // INFJ Mell,Dust It Off,The Dø,Both Ways Open Jaws
Mental Music // INFJ Mell,Blossom Roses,Her,Her
Mental Music // INFJ Mell,Oh Ana,Mother Mother,Touch Up
Mental Music // INFJ Mell,Every Day,bo en,Pale Machine
Mental Music // INFJ Mell,Obsession,OK Go,Hungry Ghosts
Mental Music // INFJ Mell,Isle Of Her,Klaxons,Myths Of The Near Future
Mental Music // INFJ Mell,Living Island,Pogo,Living Island
Mental Music // INFJ Mell,Undone,Pogo,Valley of Shadow
Mental Music // INFJ Mell,4ÆM,Grimes,4ÆM
Mental Music // INFJ Mell,Puppet Loosely Strung,The Correspondents,Puppet Loosely Strung
Mental Music // INFJ Mell,People Are Strange,Johnny Hollow,Dirty Hands
Mental Music // INFJ Mell,Mary,Johnny Hollow,Johnny Hollow
Mental Music // INFJ Mell,Brutus,The Buttress,Brutus
Mental Music // INFJ Mell,Pocky Boy,yeule,Serotonin II
Mental Music // INFJ Mell,Rue,girl in red,Rue
Mental Music // INFJ Mell,The Record Player Song,Daisy the Great,The Record Player Song
Mental Music // INFJ Mell,Hello Kitty,Jazmin Bean,Worldwide Torture
Mental Music // INFJ Mell,bad guy,Billie Eilish,"WHEN WE ALL FALL ASLEEP, WHERE DO WE GO?"
Mental Music // INFJ Mell,Bitch,Allie X,Collxtion I
Mental Music // INFJ Mell,Sweater Weather,The Neighbourhood,I Love You.
Mental Music // INFJ Mell,Serpent of Old (feat. Ciscandra Nostalgia),"Seven Lions, Ciscandra Nostalgia",Serpent Of Old (feat. Ciscandra Nostalghia)
Mental Music // INFJ Mell,Pretty Bones,yeule,Serotonin II
Mental Music // INFJ Mell,PLUTO,Melanie Martinez,PORTALS (Deluxe)
My Shazam Tracks,Painter,Lady Ocean,Painter
My Shazam Tracks,The Devil is Human,AURORA,The Devil is Human
My Shazam Tracks,死ぬのがいいわ,Fujii Kaze,HELP EVER HURT NEVER
My Shazam Tracks,All About You (feat. Foster The People) - Tensnake Remix,"The Knocks, Tensnake, Foster The People",All About You (feat. Foster The People) [Tensnake Remix]
My Shazam Tracks,Get It While You Can,Janis Joplin,Pearl (Legacy Edition)
My Shazam Tracks,Murky,Pher,Murky
My Shazam Tracks,Touch (feat. Paul Williams),"Daft Punk, Paul Williams",Random Access Memories
My Shazam Tracks,Ugo,The Dead Pirates,Highmare
My Shazam Tracks,Some Feeling,Mild Orange,Foreplay
My Shazam Tracks,Some Feeling,Mild Orange,Foreplay
My Shazam Tracks,The Mariner's Revenge Song,The Decemberists,Picaresque
My Shazam Tracks,Keep It Gold,Surfaces,Horizons
My Shazam Tracks,Don't Stop The Music,Rihanna,Good Girl Gone Bad: Reloaded
My Shazam Tracks,Fire and Rayn,Sickick,Fire and Rayn
My Shazam Tracks,Fire and Rayn,Sickick,Fire and Rayn
My Shazam Tracks,"Jump Up, Super Star!","VGR, Jenny","Jump Up, Super Star!"
My Shazam Tracks,"Jump Up, Super Star!","VGR, Jenny","Jump Up, Super Star!"
My Shazam Tracks,Gavotte De Carotte (Klischée Remix),Traktorkestar,Électrifique !
My Shazam Tracks,Change,Blind Melon,Blind Melon
My Shazam Tracks,move,brb.,move
My Shazam Tracks,Run It (feat. Rick Ross & Rich Brian),"DJ Snake, Rick Ross, Rich Brian",Run It (feat. Rick Ross & Rich Brian)
